 ======================================================================
                  generate.x - training set generation                 
 ======================================================================

 Copyright (C) 2015-2018 Nongnuch Artrith and Alexander Urban

 This program is distributed in the hope that it will be useful, but
 WITHOUT ANY WARRANTY; without even the implied warranty of
 MERCHANTABILITY or FITNESS FOR A PARTICULAR PURPOSE.  See the
 Mozilla Public License, v. 2.0, for more details.

 ----------------------------------------------------------------------
                   Generation of training set started                  
 ----------------------------------------------------------------------

 Number of atom types  : 2
 types                 :    O     H  
 Number of structures  : 1509

 ----------------------------------------------------------------------
                  Structural fingerprint basis set-up                  
 ----------------------------------------------------------------------

 Structural fingerprint (SF) set-up for O

   Structural fingerprint setup for O in bulk H2O.
   Ref.: N. Artrith and A. Urban, Comp. Mater. Sci. (2016)

 environment types: H  O  
 minimal distance : 0.75 Angstrom
 maximal cut-off  : 6.50 Angstrom
 size of basis    : 70
 evaluations      : 0

 Basis function type Behler2011

 [see also: J. Behler, J. Chem. Phys. 134 (2011) 074106]


      G  parameters

   1  2  type2=O   Rc =   6.500  Rs =   0.000  eta =   0.003
   2  2  type2=H   Rc =   6.500  Rs =   0.000  eta =   0.003
   3  2  type2=O   Rc =   6.500  Rs =   0.000  eta =   0.036
   4  2  type2=H   Rc =   6.500  Rs =   0.000  eta =   0.036
   5  2  type2=O   Rc =   6.500  Rs =   0.000  eta =   0.071
   6  2  type2=H   Rc =   6.500  Rs =   0.000  eta =   0.071
   7  2  type2=O   Rc =   6.500  Rs =   0.000  eta =   0.125
   8  2  type2=H   Rc =   6.500  Rs =   0.000  eta =   0.125
   9  2  type2=O   Rc =   6.500  Rs =   0.000  eta =   0.214
  10  2  type2=H   Rc =   6.500  Rs =   0.000  eta =   0.214
  11  2  type2=O   Rc =   6.500  Rs =   0.000  eta =   0.357
  12  2  type2=H   Rc =   6.500  Rs =   0.000  eta =   0.357
  13  2  type2=O   Rc =   6.500  Rs =   0.000  eta =   0.714
  14  2  type2=H   Rc =   6.500  Rs =   0.000  eta =   0.714
  15  2  type2=O   Rc =   6.500  Rs =   0.000  eta =   1.428
  16  2  type2=H   Rc =   6.500  Rs =   0.000  eta =   1.428
  17  4  type2=O   type3=O   Rc =   6.500  lambda =  -1.000  zeta =   1.000  eta =   0.000
  18  4  type2=O   type3=H   Rc =   6.500  lambda =  -1.000  zeta =   1.000  eta =   0.000
  19  4  type2=H   type3=H   Rc =   6.500  lambda =  -1.000  zeta =   1.000  eta =   0.000
  20  4  type2=O   type3=O   Rc =   6.500  lambda =  -1.000  zeta =   1.000  eta =   0.029
  21  4  type2=O   type3=H   Rc =   6.500  lambda =  -1.000  zeta =   1.000  eta =   0.029
  22  4  type2=H   type3=H   Rc =   6.500  lambda =  -1.000  zeta =   1.000  eta =   0.029
  23  4  type2=O   type3=O   Rc =   6.500  lambda =  -1.000  zeta =   1.000  eta =   0.089
  24  4  type2=O   type3=H   Rc =   6.500  lambda =  -1.000  zeta =   1.000  eta =   0.089
  25  4  type2=H   type3=H   Rc =   6.500  lambda =  -1.000  zeta =   1.000  eta =   0.089
  26  4  type2=O   type3=O   Rc =   6.500  lambda =   1.000  zeta =   1.000  eta =   0.000
  27  4  type2=O   type3=H   Rc =   6.500  lambda =   1.000  zeta =   1.000  eta =   0.000
  28  4  type2=H   type3=H   Rc =   6.500  lambda =   1.000  zeta =   1.000  eta =   0.000
  29  4  type2=O   type3=O   Rc =   6.500  lambda =   1.000  zeta =   1.000  eta =   0.029
  30  4  type2=O   type3=H   Rc =   6.500  lambda =   1.000  zeta =   1.000  eta =   0.029
  31  4  type2=H   type3=H   Rc =   6.500  lambda =   1.000  zeta =   1.000  eta =   0.029
  32  4  type2=O   type3=O   Rc =   6.500  lambda =   1.000  zeta =   1.000  eta =   0.089
  33  4  type2=O   type3=H   Rc =   6.500  lambda =   1.000  zeta =   1.000  eta =   0.089
  34  4  type2=H   type3=H   Rc =   6.500  lambda =   1.000  zeta =   1.000  eta =   0.089
  35  4  type2=O   type3=O   Rc =   6.500  lambda =  -1.000  zeta =   2.000  eta =   0.000
  36  4  type2=O   type3=H   Rc =   6.500  lambda =  -1.000  zeta =   2.000  eta =   0.000
  37  4  type2=H   type3=H   Rc =   6.500  lambda =  -1.000  zeta =   2.000  eta =   0.000
  38  4  type2=O   type3=O   Rc =   6.500  lambda =  -1.000  zeta =   2.000  eta =   0.029
  39  4  type2=O   type3=H   Rc =   6.500  lambda =  -1.000  zeta =   2.000  eta =   0.029
  40  4  type2=H   type3=H   Rc =   6.500  lambda =  -1.000  zeta =   2.000  eta =   0.029
  41  4  type2=O   type3=O   Rc =   6.500  lambda =  -1.000  zeta =   2.000  eta =   0.089
  42  4  type2=O   type3=H   Rc =   6.500  lambda =  -1.000  zeta =   2.000  eta =   0.089
  43  4  type2=H   type3=H   Rc =   6.500  lambda =  -1.000  zeta =   2.000  eta =   0.089
  44  4  type2=O   type3=O   Rc =   6.500  lambda =   1.000  zeta =   2.000  eta =   0.000
  45  4  type2=O   type3=H   Rc =   6.500  lambda =   1.000  zeta =   2.000  eta =   0.000
  46  4  type2=H   type3=H   Rc =   6.500  lambda =   1.000  zeta =   2.000  eta =   0.000
  47  4  type2=O   type3=O   Rc =   6.500  lambda =   1.000  zeta =   2.000  eta =   0.029
  48  4  type2=O   type3=H   Rc =   6.500  lambda =   1.000  zeta =   2.000  eta =   0.029
  49  4  type2=H   type3=H   Rc =   6.500  lambda =   1.000  zeta =   2.000  eta =   0.029
  50  4  type2=O   type3=O   Rc =   6.500  lambda =   1.000  zeta =   2.000  eta =   0.089
  51  4  type2=O   type3=H   Rc =   6.500  lambda =   1.000  zeta =   2.000  eta =   0.089
  52  4  type2=H   type3=H   Rc =   6.500  lambda =   1.000  zeta =   2.000  eta =   0.089
  53  4  type2=O   type3=O   Rc =   6.500  lambda =  -1.000  zeta =   4.000  eta =   0.000
  54  4  type2=O   type3=H   Rc =   6.500  lambda =  -1.000  zeta =   4.000  eta =   0.000
  55  4  type2=H   type3=H   Rc =   6.500  lambda =  -1.000  zeta =   4.000  eta =   0.000
  56  4  type2=O   type3=O   Rc =   6.500  lambda =  -1.000  zeta =   4.000  eta =   0.029
  57  4  type2=O   type3=H   Rc =   6.500  lambda =  -1.000  zeta =   4.000  eta =   0.029
  58  4  type2=H   type3=H   Rc =   6.500  lambda =  -1.000  zeta =   4.000  eta =   0.029
  59  4  type2=O   type3=O   Rc =   6.500  lambda =  -1.000  zeta =   4.000  eta =   0.089
  60  4  type2=O   type3=H   Rc =   6.500  lambda =  -1.000  zeta =   4.000  eta =   0.089
  61  4  type2=H   type3=H   Rc =   6.500  lambda =  -1.000  zeta =   4.000  eta =   0.089
  62  4  type2=O   type3=O   Rc =   6.500  lambda =   1.000  zeta =   4.000  eta =   0.000
  63  4  type2=O   type3=H   Rc =   6.500  lambda =   1.000  zeta =   4.000  eta =   0.000
  64  4  type2=H   type3=H   Rc =   6.500  lambda =   1.000  zeta =   4.000  eta =   0.000
  65  4  type2=O   type3=O   Rc =   6.500  lambda =   1.000  zeta =   4.000  eta =   0.029
  66  4  type2=O   type3=H   Rc =   6.500  lambda =   1.000  zeta =   4.000  eta =   0.029
  67  4  type2=H   type3=H   Rc =   6.500  lambda =   1.000  zeta =   4.000  eta =   0.029
  68  4  type2=O   type3=O   Rc =   6.500  lambda =   1.000  zeta =   4.000  eta =   0.089
  69  4  type2=O   type3=H   Rc =   6.500  lambda =   1.000  zeta =   4.000  eta =   0.089
  70  4  type2=H   type3=H   Rc =   6.500  lambda =   1.000  zeta =   4.000  eta =   0.089

 Structural fingerprint (SF) set-up for H

   Structural fingerprint setup for H in bulk H2O.
   Ref.: N. Artrith and A. Urban, Comp. Mater. Sci. (2016)

 environment types: H  O  
 minimal distance : 0.75 Angstrom
 maximal cut-off  : 6.50 Angstrom
 size of basis    : 70
 evaluations      : 0

 Basis function type Behler2011

 [see also: J. Behler, J. Chem. Phys. 134 (2011) 074106]


      G  parameters

   1  2  type2=O   Rc =   6.500  Rs =   0.000  eta =   0.003
   2  2  type2=H   Rc =   6.500  Rs =   0.000  eta =   0.003
   3  2  type2=O   Rc =   6.500  Rs =   0.000  eta =   0.036
   4  2  type2=H   Rc =   6.500  Rs =   0.000  eta =   0.036
   5  2  type2=O   Rc =   6.500  Rs =   0.000  eta =   0.071
   6  2  type2=H   Rc =   6.500  Rs =   0.000  eta =   0.071
   7  2  type2=O   Rc =   6.500  Rs =   0.000  eta =   0.125
   8  2  type2=H   Rc =   6.500  Rs =   0.000  eta =   0.125
   9  2  type2=O   Rc =   6.500  Rs =   0.000  eta =   0.214
  10  2  type2=H   Rc =   6.500  Rs =   0.000  eta =   0.214
  11  2  type2=O   Rc =   6.500  Rs =   0.000  eta =   0.357
  12  2  type2=H   Rc =   6.500  Rs =   0.000  eta =   0.357
  13  2  type2=O   Rc =   6.500  Rs =   0.000  eta =   0.714
  14  2  type2=H   Rc =   6.500  Rs =   0.000  eta =   0.714
  15  2  type2=O   Rc =   6.500  Rs =   0.000  eta =   1.428
  16  2  type2=H   Rc =   6.500  Rs =   0.000  eta =   1.428
  17  4  type2=O   type3=O   Rc =   6.500  lambda =  -1.000  zeta =   1.000  eta =   0.000
  18  4  type2=O   type3=H   Rc =   6.500  lambda =  -1.000  zeta =   1.000  eta =   0.000
  19  4  type2=H   type3=H   Rc =   6.500  lambda =  -1.000  zeta =   1.000  eta =   0.000
  20  4  type2=O   type3=O   Rc =   6.500  lambda =  -1.000  zeta =   1.000  eta =   0.029
  21  4  type2=O   type3=H   Rc =   6.500  lambda =  -1.000  zeta =   1.000  eta =   0.029
  22  4  type2=H   type3=H   Rc =   6.500  lambda =  -1.000  zeta =   1.000  eta =   0.029
  23  4  type2=O   type3=O   Rc =   6.500  lambda =  -1.000  zeta =   1.000  eta =   0.089
  24  4  type2=O   type3=H   Rc =   6.500  lambda =  -1.000  zeta =   1.000  eta =   0.089
  25  4  type2=H   type3=H   Rc =   6.500  lambda =  -1.000  zeta =   1.000  eta =   0.089
  26  4  type2=O   type3=O   Rc =   6.500  lambda =   1.000  zeta =   1.000  eta =   0.000
  27  4  type2=O   type3=H   Rc =   6.500  lambda =   1.000  zeta =   1.000  eta =   0.000
  28  4  type2=H   type3=H   Rc =   6.500  lambda =   1.000  zeta =   1.000  eta =   0.000
  29  4  type2=O   type3=O   Rc =   6.500  lambda =   1.000  zeta =   1.000  eta =   0.029
  30  4  type2=O   type3=H   Rc =   6.500  lambda =   1.000  zeta =   1.000  eta =   0.029
  31  4  type2=H   type3=H   Rc =   6.500  lambda =   1.000  zeta =   1.000  eta =   0.029
  32  4  type2=O   type3=O   Rc =   6.500  lambda =   1.000  zeta =   1.000  eta =   0.089
  33  4  type2=O   type3=H   Rc =   6.500  lambda =   1.000  zeta =   1.000  eta =   0.089
  34  4  type2=H   type3=H   Rc =   6.500  lambda =   1.000  zeta =   1.000  eta =   0.089
  35  4  type2=O   type3=O   Rc =   6.500  lambda =  -1.000  zeta =   2.000  eta =   0.000
  36  4  type2=O   type3=H   Rc =   6.500  lambda =  -1.000  zeta =   2.000  eta =   0.000
  37  4  type2=H   type3=H   Rc =   6.500  lambda =  -1.000  zeta =   2.000  eta =   0.000
  38  4  type2=O   type3=O   Rc =   6.500  lambda =  -1.000  zeta =   2.000  eta =   0.029
  39  4  type2=O   type3=H   Rc =   6.500  lambda =  -1.000  zeta =   2.000  eta =   0.029
  40  4  type2=H   type3=H   Rc =   6.500  lambda =  -1.000  zeta =   2.000  eta =   0.029
  41  4  type2=O   type3=O   Rc =   6.500  lambda =  -1.000  zeta =   2.000  eta =   0.089
  42  4  type2=O   type3=H   Rc =   6.500  lambda =  -1.000  zeta =   2.000  eta =   0.089
  43  4  type2=H   type3=H   Rc =   6.500  lambda =  -1.000  zeta =   2.000  eta =   0.089
  44  4  type2=O   type3=O   Rc =   6.500  lambda =   1.000  zeta =   2.000  eta =   0.000
  45  4  type2=O   type3=H   Rc =   6.500  lambda =   1.000  zeta =   2.000  eta =   0.000
  46  4  type2=H   type3=H   Rc =   6.500  lambda =   1.000  zeta =   2.000  eta =   0.000
  47  4  type2=O   type3=O   Rc =   6.500  lambda =   1.000  zeta =   2.000  eta =   0.029
  48  4  type2=O   type3=H   Rc =   6.500  lambda =   1.000  zeta =   2.000  eta =   0.029
  49  4  type2=H   type3=H   Rc =   6.500  lambda =   1.000  zeta =   2.000  eta =   0.029
  50  4  type2=O   type3=O   Rc =   6.500  lambda =   1.000  zeta =   2.000  eta =   0.089
  51  4  type2=O   type3=H   Rc =   6.500  lambda =   1.000  zeta =   2.000  eta =   0.089
  52  4  type2=H   type3=H   Rc =   6.500  lambda =   1.000  zeta =   2.000  eta =   0.089
  53  4  type2=O   type3=O   Rc =   6.500  lambda =  -1.000  zeta =   4.000  eta =   0.000
  54  4  type2=O   type3=H   Rc =   6.500  lambda =  -1.000  zeta =   4.000  eta =   0.000
  55  4  type2=H   type3=H   Rc =   6.500  lambda =  -1.000  zeta =   4.000  eta =   0.000
  56  4  type2=O   type3=O   Rc =   6.500  lambda =  -1.000  zeta =   4.000  eta =   0.029
  57  4  type2=O   type3=H   Rc =   6.500  lambda =  -1.000  zeta =   4.000  eta =   0.029
  58  4  type2=H   type3=H   Rc =   6.500  lambda =  -1.000  zeta =   4.000  eta =   0.029
  59  4  type2=O   type3=O   Rc =   6.500  lambda =  -1.000  zeta =   4.000  eta =   0.089
  60  4  type2=O   type3=H   Rc =   6.500  lambda =  -1.000  zeta =   4.000  eta =   0.089
  61  4  type2=H   type3=H   Rc =   6.500  lambda =  -1.000  zeta =   4.000  eta =   0.089
  62  4  type2=O   type3=O   Rc =   6.500  lambda =   1.000  zeta =   4.000  eta =   0.000
  63  4  type2=O   type3=H   Rc =   6.500  lambda =   1.000  zeta =   4.000  eta =   0.000
  64  4  type2=H   type3=H   Rc =   6.500  lambda =   1.000  zeta =   4.000  eta =   0.000
  65  4  type2=O   type3=O   Rc =   6.500  lambda =   1.000  zeta =   4.000  eta =   0.029
  66  4  type2=O   type3=H   Rc =   6.500  lambda =   1.000  zeta =   4.000  eta =   0.029
  67  4  type2=H   type3=H   Rc =   6.500  lambda =   1.000  zeta =   4.000  eta =   0.029
  68  4  type2=O   type3=O   Rc =   6.500  lambda =   1.000  zeta =   4.000  eta =   0.089
  69  4  type2=O   type3=H   Rc =   6.500  lambda =   1.000  zeta =   4.000  eta =   0.089
  70  4  type2=H   type3=H   Rc =   6.500  lambda =   1.000  zeta =   4.000  eta =   0.089

 ----------------------------------------------------------------------
                 Adding structures to the training set                 
 ----------------------------------------------------------------------

#     N  nAtoms  nTypes           E/atom  structure file (xsf)
      1      18       2  -2.54839263E+01  ../Water/train0500_378.xsf
      1   O      11
      2   H       9
      3   H      11
      4   O       7
      5   H       7
      6   H       8
      7   O       4
      8   H       3
      9   H       3
     10   O       7
     11   H       7
     12   H       8
     13   O      13
     14   H       8
     15   H      14
     16   O      10
     17   H      10
     18   H      10
      2      18       2  -2.54846265E+01  ../Water/train0500_379.xsf
      1   O      15
      2   H       8
      3   H      15
      4   O       7
      5   H       6
      6   H       9
      7   O       5
      8   H       4
      9   H       3
     10   O       9
     11   H      10
     12   H      10
     13   O      13
     14   H      10
     15   H      13
     16   O      10
     17   H      11
     18   H       8
      3      18       2  -2.54834832E+01  ../Water/train0500_380.xsf
      1   O      15
      2   H      11
      3   H      14
      4   O      10
      5   H      11
      6   H       6
      7   O       5
      8   H       5
      9   H       3
     10   O      10
     11   H      10
     12   H       8
     13   O      12
     14   H       6
     15   H      14
     16   O      12
     17   H      12
     18   H      10
      4      18       2  -2.54836496E+01  ../Water/train0500_381.xsf
      1   O      14
      2   H      10
      3   H      12
      4   O       9
      5   H      10
      6   H      11
      7   O       3
      8   H       3
      9   H       3
     10   O       8
     11   H       5
     12   H      10
     13   O       9
     14   H       8
     15   H      13
     16   O      11
     17   H      12
     18   H       9
      5      18       2  -2.54839024E+01  ../Water/train0500_382.xsf
      1   O      14
      2   H      11
      3   H      11
      4   O       9
      5   H      11
      6   H       8
      7   O       2
      8   H       5
      9   H       2
     10   O       8
     11   H      10
     12   H       8
     13   O      14
     14   H       9
     15   H      13
     16   O      13
     17   H      14
     18   H       6
      6      18       2  -2.54850728E+01  ../Water/train0500_383.xsf
      1   O      13
      2   H      13
      3   H       8
      4   O      10
      5   H      11
      6   H       6
      7   O       4
      8   H       3
      9   H       3
     10   O      11
     11   H       7
     12   H      10
     13   O      11
     14   H      12
     15   H      10
     16   O      11
     17   H      11
     18   H      12
      7      18       2  -2.54837179E+01  ../Water/train0500_384.xsf
      1   O      15
      2   H      14
      3   H      13
      4   O       9
      5   H       8
      6   H       7
      7   O       4
      8   H       3
      9   H       5
     10   O       8
     11   H       4
     12   H      10
     13   O       8
     14   H       8
     15   H      10
     16   O      12
     17   H       9
     18   H      11
      8      18       2  -2.54847249E+01  ../Water/train0500_385.xsf
      1   O      15
      2   H      15
      3   H       9
      4   O       9
      5   H      11
      6   H       5
      7   O       5
      8   H       8
      9   H       3
     10   O      10
     11   H       6
     12   H      10
     13   O       8
     14   H       7
     15   H      10
     16   O      12
     17   H      10
     18   H      11
      9      18       2  -2.54837246E+01  ../Water/train0500_386.xsf
      1   O      14
      2   H      14
      3   H       9
      4   O       8
      5   H      10
      6   H      10
      7   O       5
      8   H       3
      9   H       3
     10   O      10
     11   H      10
     12   H       8
     13   O       8
     14   H       7
     15   H       8
     16   O      13
     17   H      11
     18   H       7
     10      18       2  -2.54844973E+01  ../Water/train0500_387.xsf
      1   O      16
      2   H      14
      3   H      15
      4   O      10
      5   H       6
      6   H      11
      7   O       6
      8   H       6
      9   H       8
     10   O       9
     11   H      11
     12   H      10
     13   O      10
     14   H       8
     15   H      11
     16   O      14
     17   H      13
     18   H       6
     11      18       2  -2.54837352E+01  ../Water/train0500_388.xsf
      1   O      14
      2   H      15
      3   H      12
      4   O      12
      5   H      10
      6   H      13
      7   O       7
      8   H       7
      9   H       8
     10   O       9
     11   H      10
     12   H       8
     13   O      11
     14   H      12
     15   H       8
     16   O       8
     17   H      13
     18   H       5
     12      18       2  -2.54836372E+01  ../Water/train0500_389.xsf
      1   O      16
      2   H      12
      3   H      15
      4   O      10
      5   H      10
      6   H      10
      7   O       7
      8   H       8
      9   H       6
     10   O      10
     11   H      11
     12   H      10
     13   O      10
     14   H      12
     15   H      11
     16   O      13
     17   H      14
     18   H       9
     13      18       2  -2.54835079E+01  ../Water/train0500_390.xsf
      1   O      16
      2   H      13
      3   H      11
      4   O       9
      5   H       8
      6   H      12
      7   O       6
      8   H       9
      9   H       8
     10   O       9
     11   H      11
     12   H       8
     13   O       9
     14   H       8
     15   H       8
     16   O      13
     17   H      12
     18   H       6
     14      18       2  -2.54839344E+01  ../Water/train0500_391.xsf
      1   O      12
      2   H      12
      3   H      14
      4   O       9
      5   H       7
      6   H      10
      7   O       8
      8   H       9
      9   H       8
     10   O       9
     11   H       4
     12   H       9
     13   O       9
     14   H       9
     15   H       7
     16   O      13
     17   H       4
     18   H      11
     15      18       2  -2.54842319E+01  ../Water/train0500_392.xsf
      1   O      14
      2   H      16
      3   H      10
      4   O       9
      5   H      10
      6   H      11
      7   O       7
      8   H       7
      9   H       7
     10   O       9
     11   H       9
     12   H      11
     13   O       9
     14   H       5
     15   H      10
     16   O      13
     17   H       8
     18   H      11
     16      18       2  -2.54840170E+01  ../Water/train0500_393.xsf
      1   O      11
      2   H      16
      3   H       8
      4   O       8
      5   H       7
      6   H       9
      7   O       7
      8   H       6
      9   H       7
     10   O       9
     11   H       6
     12   H       8
     13   O       9
     14   H       4
     15   H       9
     16   O      12
     17   H       5
     18   H      11
     17      18       2  -2.54844663E+01  ../Water/train0500_394.xsf
      1   O      13
      2   H      13
      3   H       9
      4   O       9
      5   H      11
      6   H       9
      7   O       7
      8   H       5
      9   H       8
     10   O       9
     11   H      10
     12   H       7
     13   O      10
     14   H      11
     15   H       6
     16   O      10
     17   H      13
     18   H       8
     18      18       2  -2.54837870E+01  ../Water/train0500_395.xsf
      1   O      11
      2   H       8
      3   H       8
      4   O       9
      5   H      10
      6   H      10
      7   O       7
      8   H       4
      9   H       8
     10   O       9
     11   H       5
     12   H      10
     13   O       9
     14   H      11
     15   H       9
     16   O       8
     17   H      13
     18   H       7
     19      18       2  -2.54841822E+01  ../Water/train0500_396.xsf
      1   O      15
      2   H      15
      3   H      12
      4   O      13
      5   H      13
      6   H      12
      7   O       8
      8   H       5
      9   H       8
     10   O       7
     11   H       5
     12   H      11
     13   O      13
     14   H      10
     15   H      11
     16   O      11
     17   H      11
     18   H      12
     20      18       2  -2.54838090E+01  ../Water/train0500_397.xsf
      1   O      15
      2   H      16
      3   H      11
      4   O      13
      5   H      15
      6   H       7
      7   O       9
      8   H       9
      9   H       8
     10   O       6
     11   H       8
     12   H       5
     13   O      12
     14   H       5
     15   H      10
     16   O       9
     17   H       6
     18   H      10
     21      18       2  -2.54844262E+01  ../Water/train0500_398.xsf
      1   O      14
      2   H      13
      3   H      11
      4   O      11
      5   H      14
      6   H      10
      7   O       8
      8   H       8
      9   H       7
     10   O       5
     11   H       8
     12   H       3
     13   O      12
     14   H       5
     15   H      12
     16   O       9
     17   H       4
     18   H      10
     22      18       2  -2.54834470E+01  ../Water/train0500_399.xsf
      1   O      12
      2   H      11
      3   H      11
      4   O      13
      5   H       8
      6   H      17
      7   O      13
      8   H      10
      9   H       9
     10   O       8
     11   H      11
     12   H       6
     13   O      11
     14   H       9
     15   H      12
     16   O       9
     17   H       7
     18   H       9
     23      18       2  -2.54833697E+01  ../Water/train0500_400.xsf
      1   O      13
      2   H      16
      3   H      11
      4   O      17
      5   H      15
      6   H      15
      7   O      11
      8   H      13
      9   H      11
     10   O       8
     11   H       9
     12   H       7
     13   O      12
     14   H      14
     15   H      11
     16   O      10
     17   H      11
     18   H      10
     24      18       2  -2.54836662E+01  ../Water/train0500_401.xsf
      1   O      14
      2   H       9
      3   H      14
      4   O      11
      5   H       8
      6   H      15
      7   O       7
      8   H       9
      9   H       6
     10   O       8
     11   H       7
     12   H      11
     13   O      10
     14   H       9
     15   H      11
     16   O      10
     17   H      11
     18   H      10
     25      18       2  -2.54840308E+01  ../Water/train0500_402.xsf
      1   O      14
      2   H      11
      3   H      17
      4   O       8
      5   H       7
      6   H      12
      7   O       8
      8   H       8
      9   H       8
     10   O      11
     11   H       9
     12   H       6
     13   O       9
     14   H      10
     15   H       9
     16   O      11
     17   H      11
     18   H       7
     26      18       2  -2.54843887E+01  ../Water/train0500_403.xsf
      1   O      15
      2   H       9
      3   H      15
      4   O      11
      5   H      10
      6   H      14
      7   O       7
      8   H       7
      9   H       6
     10   O       9
     11   H       9
     12   H       8
     13   O      10
     14   H      10
     15   H       8
     16   O       9
     17   H      11
     18   H       6
     27      18       2  -2.54841445E+01  ../Water/train0500_404.xsf
      1   O      13
      2   H       9
      3   H      16
      4   O      13
      5   H       9
      6   H      10
      7   O       8
      8   H       8
      9   H       7
     10   O      10
     11   H       9
     12   H       9
     13   O      10
     14   H       7
     15   H      11
     16   O       8
     17   H       7
     18   H       8
     28      18       2  -2.54840334E+01  ../Water/train0500_405.xsf
      1   O       9
      2   H      11
      3   H      13
      4   O      14
      5   H       9
      6   H       9
      7   O       8
      8   H       7
      9   H       8
     10   O       9
     11   H       6
     12   H      10
     13   O       7
     14   H       9
     15   H       8
     16   O       6
     17   H       7
     18   H       6
     29      18       2  -2.54846496E+01  ../Water/train0500_406.xsf
      1   O      15
      2   H      12
      3   H      16
      4   O      13
      5   H       9
      6   H      12
      7   O       8
      8   H      10
      9   H       7
     10   O       9
     11   H      10
     12   H       7
     13   O       9
     14   H       9
     15   H       4
     16   O       9
     17   H       6
     18   H      11
     30      18       2  -2.54836541E+01  ../Water/train0500_407.xsf
      1   O      15
      2   H      16
      3   H      15
      4   O      13
      5   H      14
      6   H      13
      7   O      11
      8   H       4
      9   H       9
     10   O      10
     11   H      11
     12   H      10
     13   O       8
     14   H       7
     15   H      10
     16   O      11
     17   H       6
     18   H      11
     31      18       2  -2.54839700E+01  ../Water/train0500_408.xsf
      1   O      11
      2   H      10
      3   H      10
      4   O      10
      5   H       8
      6   H       8
      7   O      11
      8   H       7
      9   H      12
     10   O       8
     11   H       5
     12   H      10
     13   O       6
     14   H       8
     15   H       5
     16   O       9
     17   H       6
     18   H      14
     32      18       2  -2.54841769E+01  ../Water/train0500_409.xsf
      1   O      11
      2   H      11
      3   H      10
      4   O       9
      5   H      11
      6   H       8
      7   O      10
      8   H      10
      9   H       7
     10   O      11
     11   H       5
     12   H      13
     13   O       7
     14   H      10
     15   H       8
     16   O      11
     17   H       7
     18   H      15
     33      18       2  -2.54848799E+01  ../Water/train0500_410.xsf
      1   O      11
      2   H      11
      3   H      11
      4   O       8
      5   H       9
      6   H      12
      7   O       9
      8   H      10
      9   H      10
     10   O      12
     11   H       4
     12   H      10
     13   O      10
     14   H      11
     15   H       9
     16   O      14
     17   H       7
     18   H      16
     34      18       2  -2.54842007E+01  ../Water/train0500_411.xsf
      1   O      10
      2   H       7
      3   H      12
      4   O      11
      5   H      13
      6   H       8
      7   O      11
      8   H      11
      9   H       6
     10   O      11
     11   H      15
     12   H      10
     13   O      10
     14   H       7
     15   H      11
     16   O      13
     17   H      11
     18   H      13
     35      18       2  -2.54845393E+01  ../Water/train0500_412.xsf
      1   O      17
      2   H      16
      3   H      10
      4   O      13
      5   H      12
      6   H      14
      7   O      10
      8   H      11
      9   H       7
     10   O      12
     11   H      13
     12   H       8
     13   O      10
     14   H      10
     15   H      10
     16   O      16
     17   H      17
     18   H      12
     36      18       2  -2.54845218E+01  ../Water/train0500_413.xsf
      1   O      13
      2   H      13
      3   H      10
      4   O      11
      5   H      13
      6   H       7
      7   O       9
      8   H      10
      9   H       4
     10   O      10
     11   H       7
     12   H      11
     13   O      10
     14   H       9
     15   H       9
     16   O      14
     17   H      16
     18   H      10
     37      18       2  -2.54845812E+01  ../Water/train0500_414.xsf
      1   O      14
      2   H      16
      3   H      14
      4   O      11
      5   H      13
      6   H       8
      7   O       9
      8   H       7
      9   H       8
     10   O      13
     11   H      14
     12   H      14
     13   O      11
     14   H       8
     15   H      11
     16   O      10
     17   H      11
     18   H       6
     38      18       2  -2.54839528E+01  ../Water/train0500_415.xsf
      1   O      13
      2   H      13
      3   H      13
      4   O      11
      5   H      10
      6   H      10
      7   O      10
      8   H      11
      9   H       5
     10   O      15
     11   H      11
     12   H      17
     13   O      12
     14   H       8
     15   H      13
     16   O      10
     17   H      11
     18   H       7
     39      18       2  -2.54843990E+01  ../Water/train0500_416.xsf
      1   O      17
      2   H      16
      3   H      13
      4   O      10
      5   H       8
      6   H      13
      7   O      10
      8   H      11
      9   H       5
     10   O      13
     11   H      12
     12   H      16
     13   O      12
     14   H      12
     15   H      13
     16   O      11
     17   H      11
     18   H       7
     40      18       2  -2.54846372E+01  ../Water/train0500_417.xsf
      1   O      10
      2   H      16
      3   H      10
      4   O      10
      5   H       5
      6   H       9
      7   O       7
      8   H       8
      9   H       3
     10   O       8
     11   H       8
     12   H      12
     13   O       9
     14   H       9
     15   H      10
     16   O       8
     17   H       8
     18   H       4
     41      18       2  -2.54846710E+01  ../Water/train0500_418.xsf
      1   O      15
      2   H      17
      3   H       7
      4   O      10
      5   H       7
      6   H      13
      7   O       8
      8   H       8
      9   H       8
     10   O      10
     11   H       7
     12   H      14
     13   O      11
     14   H      11
     15   H      11
     16   O       9
     17   H      11
     18   H       7
     42      18       2  -2.54840600E+01  ../Water/train0500_419.xsf
      1   O      16
      2   H      17
      3   H       8
      4   O      12
      5   H      10
      6   H      10
      7   O      11
      8   H      12
      9   H      11
     10   O       9
     11   H      10
     12   H      11
     13   O      12
     14   H       9
     15   H      15
     16   O       7
     17   H      10
     18   H      10
     43      18       2  -2.54843892E+01  ../Water/train0500_420.xsf
      1   O      13
      2   H      16
      3   H       5
      4   O      11
      5   H      12
      6   H       8
      7   O       9
      8   H       5
      9   H      12
     10   O       9
     11   H       7
     12   H      10
     13   O      11
     14   H       8
     15   H      13
     16   O       8
     17   H       9
     18   H       8
     44      18       2  -2.54845908E+01  ../Water/train0500_421.xsf
      1   O      14
      2   H      15
      3   H       7
      4   O      12
      5   H      13
      6   H      12
      7   O      11
      8   H      12
      9   H      12
     10   O       8
     11   H       4
     12   H      10
     13   O      12
     14   H      10
     15   H      11
     16   O       8
     17   H       3
     18   H       8
     45      18       2  -2.54847879E+01  ../Water/train0500_422.xsf
      1   O      13
      2   H      15
      3   H      12
      4   O      11
      5   H       5
      6   H      14
      7   O      11
      8   H      10
      9   H      11
     10   O       5
     11   H       3
     12   H       6
     13   O       9
     14   H       8
     15   H      10
     16   O      10
     17   H       8
     18   H      11
     46      18       2  -2.54849197E+01  ../Water/train0500_423.xsf
      1   O      14
      2   H       7
      3   H      17
      4   O       8
      5   H      10
      6   H       9
      7   O      12
      8   H       9
      9   H      12
     10   O       8
     11   H       6
     12   H       8
     13   O      10
     14   H       6
     15   H      10
     16   O      10
     17   H       9
     18   H       9
     47      18       2  -2.54838112E+01  ../Water/train0500_424.xsf
      1   O       8
      2   H       9
      3   H      14
      4   O      12
      5   H      10
      6   H      14
      7   O       9
      8   H      10
      9   H      10
     10   O       7
     11   H       7
     12   H      13
     13   O      13
     14   H       8
     15   H      14
     16   O      10
     17   H      10
     18   H      10
     48      18       2  -2.54847327E+01  ../Water/train0500_425.xsf
      1   O      12
      2   H       9
      3   H      14
      4   O      14
      5   H      10
      6   H      15
      7   O      10
      8   H       8
      9   H      10
     10   O       9
     11   H       9
     12   H       7
     13   O      10
     14   H      14
     15   H      11
     16   O      11
     17   H       8
     18   H      11
     49      18       2  -2.54846000E+01  ../Water/train0500_426.xsf
      1   O      14
      2   H      11
      3   H      15
      4   O      11
      5   H       5
      6   H      13
      7   O      11
      8   H      11
      9   H      11
     10   O       8
     11   H       3
     12   H       9
     13   O      11
     14   H      14
     15   H      10
     16   O      10
     17   H       4
     18   H      11
     50      18       2  -2.54841773E+01  ../Water/train0500_427.xsf
      1   O      12
      2   H      10
      3   H      15
      4   O       8
      5   H       9
      6   H       7
      7   O      11
      8   H      12
      9   H      10
     10   O       6
     11   H       2
     12   H      10
     13   O       9
     14   H      10
     15   H      11
     16   O      10
     17   H       6
     18   H       8
     51      18       2  -2.54844648E+01  ../Water/train0500_428.xsf
      1   O      11
      2   H       9
      3   H      13
      4   O       8
      5   H       7
      6   H       8
      7   O      12
      8   H      13
      9   H      15
     10   O      10
     11   H       5
     12   H      11
     13   O      12
     14   H       9
     15   H      13
     16   O      13
     17   H       8
     18   H      11
     52      18       2  -2.54850576E+01  ../Water/train0500_429.xsf
      1   O      10
      2   H      11
      3   H       8
      4   O      13
      5   H      14
      6   H       5
      7   O      11
      8   H       9
      9   H      12
     10   O      11
     11   H       6
     12   H      13
     13   O      11
     14   H       9
     15   H      14
     16   O       6
     17   H       5
     18   H      10
     53      18       2  -2.54843111E+01  ../Water/train0500_430.xsf
      1   O      10
      2   H      13
      3   H      10
      4   O      13
      5   H      15
      6   H       8
      7   O      11
      8   H       9
      9   H      11
     10   O       9
     11   H       4
     12   H      11
     13   O      12
     14   H      12
     15   H      13
     16   O       7
     17   H       5
     18   H       7
     54      18       2  -2.54847623E+01  ../Water/train0500_431.xsf
      1   O      12
      2   H      15
      3   H       9
      4   O      12
      5   H      12
      6   H       5
      7   O      11
      8   H      11
      9   H       9
     10   O      11
     11   H       8
     12   H      12
     13   O      10
     14   H      11
     15   H       7
     16   O       7
     17   H       4
     18   H      10
     55      18       2  -2.54832084E+01  ../Water/train0500_432.xsf
      1   O      12
      2   H       7
      3   H      15
      4   O      10
      5   H      12
      6   H      13
      7   O      13
      8   H      15
      9   H      11
     10   O       9
     11   H       7
     12   H      12
     13   O       6
     14   H       7
     15   H       5
     16   O      10
     17   H       8
     18   H      14
     56      18       2  -2.54842130E+01  ../Water/train0500_433.xsf
      1   O      13
      2   H      11
      3   H      15
      4   O      11
      5   H       8
      6   H      13
      7   O      17
      8   H      14
      9   H      13
     10   O      11
     11   H       6
     12   H      10
     13   O       8
     14   H       7
     15   H      10
     16   O      12
     17   H      11
     18   H      12
     57      18       2  -2.54842817E+01  ../Water/train0500_434.xsf
      1   O      15
      2   H      15
      3   H      13
      4   O      10
      5   H      11
      6   H       5
      7   O      13
      8   H      11
      9   H      13
     10   O       8
     11   H       6
     12   H      10
     13   O       9
     14   H       5
     15   H      10
     16   O      10
     17   H      10
     18   H       4
     58      18       2  -2.54846666E+01  ../Water/train0500_435.xsf
      1   O      14
      2   H      13
      3   H      12
      4   O      11
      5   H      10
      6   H      14
      7   O      10
      8   H      13
      9   H      13
     10   O       7
     11   H       8
     12   H       7
     13   O      10
     14   H       4
     15   H      10
     16   O      12
     17   H      11
     18   H       5
     59      18       2  -2.54848684E+01  ../Water/train0500_436.xsf
      1   O      10
      2   H      12
      3   H      12
      4   O      10
      5   H      10
      6   H      12
      7   O      12
      8   H       8
      9   H      10
     10   O       8
     11   H       8
     12   H       5
     13   O      11
     14   H       7
     15   H       9
     16   O      11
     17   H      11
     18   H      12
     60      18       2  -2.54841259E+01  ../Water/train0500_437.xsf
      1   O      12
      2   H      15
      3   H      14
      4   O      13
      5   H       7
      6   H      13
      7   O      11
      8   H       5
      9   H      13
     10   O       8
     11   H       8
     12   H       7
     13   O      10
     14   H       5
     15   H       9
     16   O      10
     17   H      11
     18   H      13
     61      18       2  -2.54842050E+01  ../Water/train0500_438.xsf
      1   O      15
      2   H      15
      3   H      14
      4   O      13
      5   H       5
      6   H      13
      7   O      11
      8   H       8
      9   H      12
     10   O       6
     11   H       7
     12   H       9
     13   O      10
     14   H       7
     15   H      11
     16   O      12
     17   H       8
     18   H      12
     62      18       2  -2.54846222E+01  ../Water/train0500_439.xsf
      1   O      14
      2   H      15
      3   H      12
      4   O      12
      5   H      13
      6   H      11
      7   O      10
      8   H       5
      9   H      10
     10   O       9
     11   H       8
     12   H       3
     13   O      11
     14   H      11
     15   H       6
     16   O      12
     17   H      11
     18   H       7
     63      18       2  -2.54841152E+01  ../Water/train0500_440.xsf
      1   O      15
      2   H      16
      3   H      11
      4   O      12
      5   H      14
      6   H      11
      7   O       9
      8   H      12
      9   H       8
     10   O       9
     11   H      10
     12   H       5
     13   O      11
     14   H      11
     15   H       4
     16   O      11
     17   H      13
     18   H       8
     64      18       2  -2.54839579E+01  ../Water/train0500_441.xsf
      1   O      12
      2   H       5
      3   H      14
      4   O      11
      5   H       6
      6   H      15
      7   O       8
      8   H       9
      9   H       9
     10   O      10
     11   H      13
     12   H       7
     13   O      12
     14   H      14
     15   H       7
     16   O       9
     17   H      12
     18   H      11
     65      18       2  -2.54844593E+01  ../Water/train0500_442.xsf
      1   O      13
      2   H       8
      3   H      14
      4   O      11
      5   H      13
      6   H      11
      7   O      10
      8   H      11
      9   H      10
     10   O      10
     11   H       8
     12   H       8
     13   O      13
     14   H      14
     15   H       7
     16   O      10
     17   H      14
     18   H      11
     66      18       2  -2.54843776E+01  ../Water/train0500_443.xsf
      1   O      14
      2   H      11
      3   H      16
      4   O      12
      5   H      13
      6   H      11
      7   O      11
      8   H       5
      9   H      10
     10   O       9
     11   H      12
     12   H       5
     13   O      13
     14   H      14
     15   H      12
     16   O       8
     17   H       9
     18   H       9
     67      18       2  -2.54845424E+01  ../Water/train0500_444.xsf
      1   O      10
      2   H      10
      3   H      14
      4   O      10
      5   H      14
      6   H       9
      7   O      10
      8   H      10
      9   H       5
     10   O       8
     11   H       6
     12   H       3
     13   O      13
     14   H       7
     15   H      14
     16   O      11
     17   H      13
     18   H      11
     68      18       2  -2.54840978E+01  ../Water/train0500_445.xsf
      1   O       9
      2   H       3
      3   H      10
      4   O      13
      5   H       8
      6   H      15
      7   O       9
      8   H      10
      9   H       4
     10   O       8
     11   H       8
     12   H       8
     13   O       8
     14   H      10
     15   H       7
     16   O      10
     17   H      13
     18   H       9
     69      18       2  -2.54842013E+01  ../Water/train0500_446.xsf
      1   O      13
      2   H      15
      3   H      12
      4   O      16
      5   H      10
      6   H      16
      7   O      10
      8   H      11
      9   H       6
     10   O       9
     11   H       9
     12   H       9
     13   O      12
     14   H      13
     15   H      14
     16   O      13
     17   H      13
     18   H      13
     70      18       2  -2.54839821E+01  ../Water/train0500_447.xsf
      1   O      16
      2   H      11
      3   H       8
      4   O      14
      5   H      13
      6   H      14
      7   O       9
      8   H      10
      9   H       5
     10   O       9
     11   H       9
     12   H       8
     13   O      12
     14   H      13
     15   H      10
     16   O      12
     17   H      13
     18   H      12
     71      18       2  -2.54841625E+01  ../Water/train0500_448.xsf
      1   O      14
      2   H      14
      3   H       7
      4   O      12
      5   H      11
      6   H      17
      7   O       9
      8   H       9
      9   H       6
     10   O      10
     11   H      11
     12   H       6
     13   O      11
     14   H      11
     15   H      12
     16   O      12
     17   H       9
     18   H      13
     72      18       2  -2.54844466E+01  ../Water/train0500_449.xsf
      1   O      12
      2   H      11
      3   H      14
      4   O      11
      5   H      17
      6   H      10
      7   O       9
      8   H       8
      9   H      10
     10   O       9
     11   H      11
     12   H       8
     13   O      12
     14   H      12
     15   H      11
     16   O      14
     17   H       9
     18   H      12
     73      18       2  -2.54846830E+01  ../Water/train0500_450.xsf
      1   O      10
      2   H       6
      3   H      12
      4   O      13
      5   H      16
      6   H       9
      7   O       8
      8   H       7
      9   H       7
     10   O      10
     11   H       8
     12   H      10
     13   O      10
     14   H      13
     15   H       8
     16   O      13
     17   H      11
     18   H       9
     74      18       2  -2.54839233E+01  ../Water/train0500_451.xsf
      1   O      14
      2   H       8
      3   H      13
      4   O      14
      5   H      13
      6   H      15
      7   O       9
      8   H       6
      9   H      10
     10   O       8
     11   H       7
     12   H       8
     13   O       9
     14   H      12
     15   H       9
     16   O      11
     17   H      12
     18   H      10
     75      18       2  -2.54840601E+01  ../Water/train0500_452.xsf
      1   O      11
      2   H      15
      3   H      10
      4   O      13
      5   H      12
      6   H       8
      7   O      11
      8   H      10
      9   H       8
     10   O       7
     11   H       8
     12   H       5
     13   O       8
     14   H       9
     15   H       8
     16   O      14
     17   H      13
     18   H       6
     76      18       2  -2.54836658E+01  ../Water/train0500_453.xsf
      1   O      15
      2   H      14
      3   H      11
      4   O      12
      5   H       9
      6   H      12
      7   O      11
      8   H      10
      9   H      12
     10   O       7
     11   H       8
     12   H       8
     13   O       9
     14   H      11
     15   H       5
     16   O      12
     17   H       8
     18   H      14
     77      18       2  -2.54840563E+01  ../Water/train0500_454.xsf
      1   O      15
      2   H      14
      3   H      11
      4   O      11
      5   H       6
      6   H      13
      7   O      13
      8   H      12
      9   H      13
     10   O       7
     11   H       3
     12   H       8
     13   O       9
     14   H      11
     15   H       9
     16   O      11
     17   H      12
     18   H      12
     78      18       2  -2.54832520E+01  ../Water/train0500_455.xsf
      1   O      14
      2   H      10
      3   H      12
      4   O      12
      5   H      10
      6   H       7
      7   O       9
      8   H      11
      9   H      14
     10   O       6
     11   H       5
     12   H       7
     13   O       6
     14   H       7
     15   H       9
     16   O      11
     17   H      12
     18   H       6
     79      18       2  -2.54837570E+01  ../Water/train0500_456.xsf
      1   O      16
      2   H      12
      3   H      11
      4   O      12
      5   H      10
      6   H      12
      7   O      11
      8   H      12
      9   H      12
     10   O       9
     11   H       9
     12   H       6
     13   O       8
     14   H      10
     15   H       3
     16   O      12
     17   H      14
     18   H      13
     80      18       2  -2.54843667E+01  ../Water/train0500_457.xsf
      1   O      11
      2   H       8
      3   H      12
      4   O      11
      5   H      10
      6   H      10
      7   O      11
      8   H      11
      9   H       8
     10   O       8
     11   H       9
     12   H       3
     13   O       8
     14   H      10
     15   H       6
     16   O      12
     17   H      14
     18   H      10
     81      18       2  -2.54843116E+01  ../Water/train0500_458.xsf
      1   O      12
      2   H      12
      3   H      14
      4   O      11
      5   H      11
      6   H      12
      7   O      13
      8   H      13
      9   H      10
     10   O       8
     11   H       9
     12   H       4
     13   O      10
     14   H      11
     15   H       6
     16   O      14
     17   H      14
     18   H       6
     82      18       2  -2.54839972E+01  ../Water/train0500_459.xsf
      1   O      15
      2   H      14
      3   H       9
      4   O      13
      5   H      12
      6   H      13
      7   O      12
      8   H      14
      9   H       5
     10   O       8
     11   H       8
     12   H      10
     13   O      10
     14   H       7
     15   H       9
     16   O      12
     17   H      14
     18   H       9
     83      18       2  -2.54840157E+01  ../Water/train0500_460.xsf
      1   O      14
      2   H       7
      3   H      15
      4   O      13
      5   H      12
      6   H      10
      7   O      13
      8   H      14
      9   H       8
     10   O       7
     11   H       8
     12   H       5
     13   O       9
     14   H      10
     15   H      10
     16   O      11
     17   H      12
     18   H      10
     84      18       2  -2.54848530E+01  ../Water/train0500_461.xsf
      1   O      13
      2   H       8
      3   H      15
      4   O      11
      5   H      11
      6   H       5
      7   O      10
      8   H      13
      9   H       7
     10   O       8
     11   H       8
     12   H      11
     13   O      12
     14   H       8
     15   H      12
     16   O      12
     17   H      12
     18   H       8
     85      18       2  -2.54844486E+01  ../Water/train0500_462.xsf
      1   O      15
      2   H      10
      3   H      13
      4   O      10
      5   H      13
      6   H       6
      7   O      10
      8   H       8
      9   H      10
     10   O      10
     11   H      10
     12   H       5
     13   O      13
     14   H      10
     15   H      14
     16   O      13
     17   H      12
     18   H       6
     86      18       2  -2.54840087E+01  ../Water/train0500_463.xsf
      1   O      15
      2   H      16
      3   H      13
      4   O      11
      5   H      10
      6   H       9
      7   O      10
      8   H      10
      9   H       9
     10   O       8
     11   H      11
     12   H       6
     13   O      13
     14   H      12
     15   H      10
     16   O      11
     17   H      15
     18   H       7
     87      18       2  -2.54845446E+01  ../Water/train0500_464.xsf
      1   O      14
      2   H      15
      3   H      15
      4   O       9
      5   H      12
      6   H       5
      7   O       8
      8   H       9
      9   H       4
     10   O       9
     11   H       9
     12   H       4
     13   O      12
     14   H      11
     15   H      13
     16   O      11
     17   H      11
     18   H       7
     88      18       2  -2.54846278E+01  ../Water/train0500_465.xsf
      1   O       8
      2   H       6
      3   H      15
      4   O      12
      5   H      10
      6   H      10
      7   O       7
      8   H       9
      9   H       3
     10   O      12
     11   H      13
     12   H       6
     13   O      11
     14   H       9
     15   H      12
     16   O       9
     17   H      11
     18   H       7
     89      18       2  -2.54841441E+01  ../Water/train0500_466.xsf
      1   O      15
      2   H      13
      3   H      14
      4   O       9
      5   H       6
      6   H      11
      7   O       8
      8   H      11
      9   H       4
     10   O      12
     11   H      10
     12   H       5
     13   O      10
     14   H       9
     15   H      13
     16   O      10
     17   H      10
     18   H       4
     90      18       2  -2.54852887E+01  ../Water/train0500_467.xsf
      1   O      15
      2   H      14
      3   H      12
      4   O      10
      5   H       5
      6   H      12
      7   O       8
      8   H      10
      9   H       9
     10   O      15
     11   H      11
     12   H      12
     13   O      12
     14   H      11
     15   H      14
     16   O      13
     17   H      12
     18   H       5
     91      18       2  -2.54844553E+01  ../Water/train0500_468.xsf
      1   O      12
      2   H      16
      3   H      10
      4   O       9
      5   H       7
      6   H      11
      7   O       8
      8   H       8
      9   H       8
     10   O      10
     11   H      13
     12   H       8
     13   O       9
     14   H       7
     15   H      10
     16   O      10
     17   H      10
     18   H       6
     92      18       2  -2.54850254E+01  ../Water/train0500_469.xsf
      1   O      15
      2   H      14
      3   H      15
      4   O      10
      5   H       6
      6   H      12
      7   O       9
      8   H       6
      9   H      10
     10   O      11
     11   H      12
     12   H      11
     13   O      13
     14   H       6
     15   H      13
     16   O      10
     17   H      11
     18   H       8
     93      18       2  -2.54850333E+01  ../Water/train0500_470.xsf
      1   O      14
      2   H      11
      3   H      16
      4   O      12
      5   H      10
      6   H      10
      7   O       8
      8   H       7
      9   H       7
     10   O      10
     11   H      11
     12   H      11
     13   O      12
     14   H       5
     15   H      12
     16   O      11
     17   H      12
     18   H       9
     94      18       2  -2.54841501E+01  ../Water/train0500_471.xsf
      1   O      14
      2   H      16
      3   H      12
      4   O      12
      5   H       4
      6   H      12
      7   O       7
      8   H       8
      9   H       7
     10   O      13
     11   H      14
     12   H       9
     13   O      11
     14   H      11
     15   H       8
     16   O       7
     17   H      10
     18   H       3
     95      18       2  -2.54814778E+01  ../Water/train1000_472.xsf
      1   O       9
      2   H       8
      3   H       6
      4   O       6
      5   H      12
      6   H       6
      7   O      10
      8   H       7
      9   H       7
     10   O       6
     11   H       7
     12   H       5
     13   O       4
     14   H       5
     15   H       6
     16   O       7
     17   H       6
     18   H       7
     96      18       2  -2.54826769E+01  ../Water/train1000_473.xsf
      1   O      10
      2   H       8
      3   H      11
      4   O       5
      5   H       3
      6   H       3
      7   O       4
      8   H       4
      9   H       7
     10   O       6
     11   H       3
     12   H       8
     13   O       8
     14   H      10
     15   H       7
     16   O      12
     17   H       9
     18   H      12
     97      18       2  -2.54821666E+01  ../Water/train1000_474.xsf
      1   O      11
      2   H      12
      3   H       8
      4   O       9
      5   H       7
      6   H       5
      7   O       7
      8   H       7
      9   H       6
     10   O       7
     11   H       7
     12   H       7
     13   O       9
     14   H       8
     15   H      12
     16   O       4
     17   H       7
     18   H       5
     98      18       2  -2.54825654E+01  ../Water/train1000_475.xsf
      1   O      10
      2   H       9
      3   H       8
      4   O       6
      5   H       7
      6   H       6
      7   O       5
      8   H       7
      9   H       2
     10   O       8
     11   H      10
     12   H       6
     13   O       7
     14   H       8
     15   H       9
     16   O      13
     17   H       7
     18   H      14
     99      18       2  -2.54825025E+01  ../Water/train1000_476.xsf
      1   O       7
      2   H       2
      3   H       9
      4   O       7
      5   H       9
      6   H       5
      7   O       5
      8   H       5
      9   H       5
     10   O       3
     11   H       2
     12   H       4
     13   O       7
     14   H       8
     15   H       8
     16   O       8
     17   H       9
     18   H      13
    100      18       2  -2.54820840E+01  ../Water/train1000_477.xsf
      1   O      10
      2   H       9
      3   H       8
      4   O       4
      5   H       3
      6   H       5
      7   O       7
      8   H       8
      9   H       5
     10   O       2
     11   H       2
     12   H       2
     13   O       5
     14   H       5
     15   H       6
     16   O       8
     17   H       7
     18   H       8
    101      18       2  -2.54823716E+01  ../Water/train1000_478.xsf
      1   O       9
      2   H      11
      3   H       6
      4   O       7
      5   H       7
      6   H       4
      7   O       7
      8   H       3
      9   H       6
     10   O       5
     11   H       4
     12   H       7
     13   O       8
     14   H       6
     15   H      10
     16   O       4
     17   H       6
     18   H       4
    102      18       2  -2.54836550E+01  ../Water/train1000_479.xsf
      1   O       8
      2   H       3
      3   H       7
      4   O       7
      5   H       5
      6   H      11
      7   O      11
      8   H      12
      9   H       9
     10   O       6
     11   H       9
     12   H       8
     13   O       9
     14   H       4
     15   H       9
     16   O       7
     17   H      12
     18   H       5
    103      18       2  -2.54830984E+01  ../Water/train1000_480.xsf
      1   O      10
      2   H      11
      3   H      11
      4   O       8
      5   H      10
      6   H       7
      7   O       8
      8   H       3
      9   H       8
     10   O       4
     11   H       4
     12   H       6
     13   O      15
     14   H      14
     15   H      11
     16   O       6
     17   H       5
     18   H       5
    104      18       2  -2.54830955E+01  ../Water/train1000_481.xsf
      1   O      11
      2   H       4
      3   H      13
      4   O       2
      5   H       2
      6   H       4
      7   O       6
      8   H       6
      9   H      10
     10   O       4
     11   H       6
     12   H       2
     13   O      11
     14   H      10
     15   H      11
     16   O       8
     17   H       9
     18   H       9
    105      18       2  -2.54829510E+01  ../Water/train1000_482.xsf
      1   O       6
      2   H       5
      3   H       8
      4   O       2
      5   H       2
      6   H       2
      7   O       6
      8   H       8
      9   H       6
     10   O       4
     11   H       2
     12   H       3
     13   O       7
     14   H       8
     15   H       8
     16   O       9
     17   H       3
     18   H       9
    106      18       2  -2.54824259E+01  ../Water/train1000_483.xsf
      1   O      10
      2   H       8
      3   H      11
      4   O       5
      5   H       5
      6   H       6
      7   O      11
      8   H      11
      9   H       8
     10   O       2
     11   H       2
     12   H       3
     13   O       7
     14   H       7
     15   H       8
     16   O      10
     17   H       8
     18   H      10
    107      18       2  -2.54817691E+01  ../Water/train1000_484.xsf
      1   O       5
      2   H       7
      3   H       5
      4   O       5
      5   H       6
      6   H       6
      7   O       9
      8   H       9
      9   H      10
     10   O       6
     11   H       5
     12   H       6
     13   O       7
     14   H       7
     15   H       7
     16   O       8
     17   H       3
     18   H       7
    108      18       2  -2.54823075E+01  ../Water/train1000_485.xsf
      1   O      11
      2   H       9
      3   H       7
      4   O       4
      5   H       3
      6   H       3
      7   O      12
      8   H      13
      9   H      12
     10   O       4
     11   H      10
     12   H       6
     13   O       8
     14   H       4
     15   H      11
     16   O       8
     17   H       9
     18   H       8
    109      18       2  -2.54825557E+01  ../Water/train1000_486.xsf
      1   O      10
      2   H      14
      3   H      10
      4   O       9
      5   H       8
      6   H       8
      7   O      11
      8   H       9
      9   H       5
     10   O       9
     11   H       6
     12   H       8
     13   O      10
     14   H      13
     15   H       3
     16   O      12
     17   H      10
     18   H       9
    110      18       2  -2.54826100E+01  ../Water/train1000_487.xsf
      1   O      10
      2   H       7
      3   H      10
      4   O       8
      5   H       5
      6   H       8
      7   O       6
      8   H       4
      9   H       7
     10   O       2
     11   H       4
     12   H       2
     13   O       7
     14   H       4
     15   H       7
     16   O       4
     17   H       2
     18   H       7
    111      18       2  -2.54825319E+01  ../Water/train1000_488.xsf
      1   O       7
      2   H       7
      3   H       9
      4   O       4
      5   H       5
      6   H       5
      7   O       5
      8   H       7
      9   H       4
     10   O       2
     11   H       5
     12   H       2
     13   O       5
     14   H       3
     15   H       7
     16   O       6
     17   H       3
     18   H       4
    112      18       2  -2.54823779E+01  ../Water/train1000_489.xsf
      1   O       9
      2   H       7
      3   H      11
      4   O       5
      5   H       4
      6   H       6
      7   O       6
      8   H       5
      9   H       5
     10   O       7
     11   H       7
     12   H       7
     13   O       5
     14   H       7
     15   H       7
     16   O       7
     17   H       4
     18   H       5
    113      18       2  -2.54819839E+01  ../Water/train1000_490.xsf
      1   O      12
      2   H       9
      3   H       7
      4   O       9
      5   H      10
      6   H       8
      7   O      13
      8   H       9
      9   H       9
     10   O       9
     11   H      11
     12   H       8
     13   O       8
     14   H       3
     15   H      10
     16   O      13
     17   H      10
     18   H      16
    114      18       2  -2.54827665E+01  ../Water/train1000_491.xsf
      1   O       7
      2   H       4
      3   H      11
      4   O       4
      5   H       6
      6   H       2
      7   O       8
      8   H       4
      9   H      11
     10   O       6
     11   H       3
     12   H      10
     13   O       8
     14   H       5
     15   H       6
     16   O       7
     17   H       4
     18   H       8
    115      18       2  -2.54814439E+01  ../Water/train1000_492.xsf
      1   O      12
      2   H      12
      3   H       9
      4   O       4
      5   H       6
      6   H       3
      7   O       5
      8   H       4
      9   H       7
     10   O       8
     11   H       5
     12   H       8
     13   O       8
     14   H       6
     15   H       7
     16   O      10
     17   H       9
     18   H       5
    116      18       2  -2.54821887E+01  ../Water/train1000_493.xsf
      1   O      10
      2   H      10
      3   H       9
      4   O       8
      5   H      10
      6   H       6
      7   O       3
      8   H       5
      9   H       8
     10   O       3
     11   H       2
     12   H       2
     13   O       7
     14   H       8
     15   H       4
     16   O       2
     17   H       3
     18   H       4
    117      18       2  -2.54833884E+01  ../Water/train1000_494.xsf
      1   O      10
      2   H       9
      3   H      10
      4   O      10
      5   H      15
      6   H       9
      7   O       9
      8   H      11
      9   H       6
     10   O      11
     11   H       6
     12   H      11
     13   O       9
     14   H      10
     15   H      11
     16   O      12
     17   H       8
     18   H      17
    118      18       2  -2.54844706E+01  ../Water/train1000_495.xsf
      1   O      10
      2   H      14
      3   H      11
      4   O       6
      5   H       3
      6   H       5
      7   O       9
      8   H       9
      9   H       8
     10   O       8
     11   H      13
     12   H       7
     13   O      12
     14   H       7
     15   H      11
     16   O      11
     17   H       9
     18   H       9
    119      18       2  -2.54840164E+01  ../Water/train1000_496.xsf
      1   O      12
      2   H       9
      3   H      12
      4   O       8
      5   H       8
      6   H      10
      7   O      11
      8   H       9
      9   H       9
     10   O      10
     11   H       6
     12   H      11
     13   O      13
     14   H      11
     15   H      15
     16   O       7
     17   H      11
     18   H       8
    120      18       2  -2.54841902E+01  ../Water/train1000_497.xsf
      1   O      13
      2   H      12
      3   H      16
      4   O      10
      5   H      14
      6   H       8
      7   O      11
      8   H       7
      9   H      11
     10   O       7
     11   H      10
     12   H       7
     13   O      12
     14   H       8
     15   H      12
     16   O      10
     17   H      12
     18   H       8
    121      18       2  -2.54826572E+01  ../Water/train1000_498.xsf
      1   O      15
      2   H      16
      3   H      15
      4   O       8
      5   H       4
      6   H       9
      7   O       9
      8   H       5
      9   H       8
     10   O       9
     11   H       8
     12   H      11
     13   O       8
     14   H      10
     15   H      12
     16   O      12
     17   H      10
     18   H      13
    122      18       2  -2.54838077E+01  ../Water/train1000_499.xsf
      1   O      14
      2   H      12
      3   H      15
      4   O       9
      5   H       7
      6   H      11
      7   O       7
      8   H       6
      9   H       8
     10   O       2
     11   H       5
     12   H       2
     13   O       7
     14   H       5
     15   H       8
     16   O       8
     17   H       9
     18   H      11
    123      18       2  -2.54839720E+01  ../Water/train1000_500.xsf
      1   O      10
      2   H      11
      3   H      11
      4   O      10
      5   H       4
      6   H      11
      7   O       4
      8   H       2
      9   H       7
     10   O       5
     11   H       4
     12   H       6
     13   O       9
     14   H       3
     15   H      10
     16   O      10
     17   H       5
     18   H       8
    124      18       2  -2.54834894E+01  ../Water/train1000_501.xsf
      1   O      14
      2   H      12
      3   H      10
      4   O       8
      5   H       5
      6   H      10
      7   O       7
      8   H       4
      9   H       7
     10   O       7
     11   H       2
     12   H       8
     13   O       8
     14   H       5
     15   H       9
     16   O       6
     17   H       9
     18   H      11
    125      18       2  -2.54841259E+01  ../Water/train1000_502.xsf
      1   O      13
      2   H      10
      3   H      11
      4   O       7
      5   H       5
      6   H       9
      7   O       9
      8   H       6
      9   H      11
     10   O       5
     11   H       8
     12   H       3
     13   O       6
     14   H       6
     15   H       3
     16   O       7
     17   H       5
     18   H       8
    126      18       2  -2.54837513E+01  ../Water/train1000_503.xsf
      1   O      14
      2   H      12
      3   H      14
      4   O       9
      5   H       8
      6   H       9
      7   O       9
      8   H       8
      9   H       9
     10   O       7
     11   H       9
     12   H       7
     13   O       5
     14   H       7
     15   H       4
     16   O       7
     17   H       4
     18   H       8
    127      18       2  -2.54843012E+01  ../Water/train1000_504.xsf
      1   O      14
      2   H      14
      3   H      13
      4   O       8
      5   H       8
      6   H       7
      7   O      10
      8   H      12
      9   H      11
     10   O       9
     11   H       8
     12   H      11
     13   O       8
     14   H       7
     15   H       7
     16   O      10
     17   H       8
     18   H       9
    128      18       2  -2.54846063E+01  ../Water/train1000_505.xsf
      1   O      10
      2   H      11
      3   H      10
      4   O       5
      5   H       5
      6   H       8
      7   O       9
      8   H       8
      9   H       7
     10   O       8
     11   H       6
     12   H       3
     13   O       4
     14   H       6
     15   H       3
     16   O       9
     17   H       5
     18   H       9
    129      18       2  -2.54843798E+01  ../Water/train1000_506.xsf
      1   O      11
      2   H      10
      3   H      11
      4   O       7
      5   H      10
      6   H       5
      7   O      11
      8   H      10
      9   H       5
     10   O       7
     11   H       4
     12   H       8
     13   O       5
     14   H       4
     15   H       8
     16   O      10
     17   H      10
     18   H       8
    130      18       2  -2.54821717E+01  ../Water/train1000_507.xsf
      1   O      13
      2   H      11
      3   H      16
      4   O      10
      5   H      11
      6   H      13
      7   O      12
      8   H       8
      9   H      10
     10   O       6
     11   H       7
     12   H       8
     13   O       8
     14   H       8
     15   H       9
     16   O      11
     17   H      14
     18   H       7
    131      18       2  -2.54834937E+01  ../Water/train1000_508.xsf
      1   O      10
      2   H       6
      3   H       9
      4   O       4
      5   H       7
      6   H       7
      7   O      13
      8   H       7
      9   H      12
     10   O       3
     11   H       2
     12   H       4
     13   O       8
     14   H      11
     15   H       7
     16   O       8
     17   H       8
     18   H      10
    132      18       2  -2.54836948E+01  ../Water/train1000_509.xsf
      1   O       9
      2   H       7
      3   H      11
      4   O      12
      5   H      10
      6   H       7
      7   O      10
      8   H       9
      9   H      11
     10   O       6
     11   H       6
     12   H       7
     13   O       9
     14   H      11
     15   H       5
     16   O      10
     17   H      10
     18   H      14
    133      18       2  -2.54836758E+01  ../Water/train1000_510.xsf
      1   O      12
      2   H      13
      3   H       8
      4   O      12
      5   H      11
      6   H       9
      7   O      12
      8   H      12
      9   H       7
     10   O       5
     11   H       3
     12   H       7
     13   O       4
     14   H       6
     15   H       5
     16   O       9
     17   H       7
     18   H      10
    134      18       2  -2.54847083E+01  ../Water/train1000_511.xsf
      1   O      10
      2   H      14
      3   H       9
      4   O       8
      5   H       9
      6   H       8
      7   O      14
      8   H       8
      9   H       9
     10   O       7
     11   H      10
     12   H       6
     13   O       5
     14   H       2
     15   H       9
     16   O       8
     17   H       9
     18   H       3
    135      18       2  -2.54846735E+01  ../Water/train1000_512.xsf
      1   O      12
      2   H      15
      3   H      10
      4   O       8
      5   H       7
      6   H      10
      7   O      14
      8   H       7
      9   H      11
     10   O      10
     11   H      11
     12   H       9
     13   O       9
     14   H      10
     15   H       7
     16   O       7
     17   H       8
     18   H       3
    136      18       2  -2.54836010E+01  ../Water/train1000_513.xsf
      1   O      16
      2   H      12
      3   H      15
      4   O       9
      5   H       8
      6   H       4
      7   O       6
      8   H       9
      9   H       7
     10   O       8
     11   H       9
     12   H       7
     13   O       8
     14   H       4
     15   H       9
     16   O       8
     17   H       9
     18   H       8
    137      18       2  -2.54833796E+01  ../Water/train1000_514.xsf
      1   O      12
      2   H      15
      3   H      10
      4   O       7
      5   H       8
      6   H       3
      7   O       5
      8   H       2
      9   H       8
     10   O       8
     11   H      11
     12   H       8
     13   O       7
     14   H      10
     15   H       6
     16   O      10
     17   H       8
     18   H      10
    138      18       2  -2.54832776E+01  ../Water/train1000_515.xsf
      1   O      14
      2   H      10
      3   H      16
      4   O       8
      5   H      11
      6   H       8
      7   O       6
      8   H       8
      9   H       8
     10   O       7
     11   H      10
     12   H      11
     13   O       9
     14   H       5
     15   H       7
     16   O      10
     17   H       4
     18   H      10
    139      18       2  -2.54838804E+01  ../Water/train1000_516.xsf
      1   O      13
      2   H      10
      3   H      14
      4   O       8
      5   H      12
      6   H       3
      7   O       6
      8   H      11
      9   H       5
     10   O      14
     11   H      14
     12   H      13
     13   O       8
     14   H       5
     15   H       7
     16   O      10
     17   H       5
     18   H      10
    140      18       2  -2.54837646E+01  ../Water/train1000_517.xsf
      1   O      13
      2   H       9
      3   H      14
      4   O      11
      5   H      12
      6   H       7
      7   O       6
      8   H       3
      9   H       7
     10   O      13
     11   H      13
     12   H       9
     13   O       8
     14   H       8
     15   H       7
     16   O       8
     17   H      10
     18   H       4
    141      18       2  -2.54833159E+01  ../Water/train1000_518.xsf
      1   O      15
      2   H      12
      3   H      10
      4   O       7
      5   H       9
      6   H      10
      7   O       5
      8   H       9
      9   H       3
     10   O      12
     11   H      12
     12   H       7
     13   O       7
     14   H      10
     15   H       5
     16   O       8
     17   H       7
     18   H       8
    142      18       2  -2.54840409E+01  ../Water/train1000_519.xsf
      1   O      14
      2   H      16
      3   H      10
      4   O       7
      5   H      10
      6   H       5
      7   O       7
      8   H       7
      9   H       7
     10   O      11
     11   H       9
     12   H      14
     13   O      10
     14   H       4
     15   H      12
     16   O       8
     17   H      11
     18   H      10
    143      18       2  -2.54837419E+01  ../Water/train1000_520.xsf
      1   O      16
      2   H      15
      3   H      14
      4   O       6
      5   H      10
      6   H       4
      7   O       8
      8   H      10
      9   H       4
     10   O      10
     11   H       8
     12   H       9
     13   O       6
     14   H       6
     15   H      10
     16   O       7
     17   H       8
     18   H       9
    144      18       2  -2.54835239E+01  ../Water/train1000_521.xsf
      1   O      16
      2   H      17
      3   H      16
      4   O      10
      5   H      11
      6   H       9
      7   O       8
      8   H       7
      9   H       9
     10   O      10
     11   H       9
     12   H      11
     13   O       8
     14   H       8
     15   H       8
     16   O      11
     17   H      11
     18   H       9
    145      18       2  -2.54846275E+01  ../Water/train1000_522.xsf
      1   O      13
      2   H      12
      3   H       7
      4   O       9
      5   H       7
      6   H      10
      7   O       7
      8   H       4
      9   H       8
     10   O       9
     11   H      10
     12   H       7
     13   O       6
     14   H       4
     15   H       8
     16   O       5
     17   H       4
     18   H       6
    146      18       2  -2.54841276E+01  ../Water/train1000_523.xsf
      1   O      12
      2   H       7
      3   H      13
      4   O       9
      5   H       9
      6   H      11
      7   O       7
      8   H       7
      9   H       3
     10   O       5
     11   H      10
     12   H       5
     13   O       8
     14   H       8
     15   H       9
     16   O       8
     17   H      10
     18   H       7
    147      18       2  -2.54837685E+01  ../Water/train1000_524.xsf
      1   O      12
      2   H      10
      3   H      11
      4   O      10
      5   H       8
      6   H       9
      7   O       6
      8   H       6
      9   H       7
     10   O      11
     11   H      10
     12   H       6
     13   O       4
     14   H       2
     15   H       5
     16   O       4
     17   H       4
     18   H       5
    148      18       2  -2.54835343E+01  ../Water/train1000_525.xsf
      1   O      14
      2   H      13
      3   H      15
      4   O       7
      5   H       8
      6   H       3
      7   O       5
      8   H       7
      9   H       6
     10   O       8
     11   H       4
     12   H      10
     13   O       7
     14   H       7
     15   H       8
     16   O       7
     17   H       4
     18   H       7
    149      18       2  -2.54840896E+01  ../Water/train1000_526.xsf
      1   O      15
      2   H      14
      3   H      14
      4   O       6
      5   H       7
      6   H      10
      7   O       9
      8   H       4
      9   H       9
     10   O      10
     11   H      10
     12   H      12
     13   O       7
     14   H       8
     15   H       5
     16   O       8
     17   H       5
     18   H       5
    150      18       2  -2.54833751E+01  ../Water/train1000_527.xsf
      1   O      12
      2   H       8
      3   H      13
      4   O      10
      5   H       9
      6   H       9
      7   O       7
      8   H       6
      9   H       9
     10   O       8
     11   H       4
     12   H       8
     13   O       8
     14   H      10
     15   H       9
     16   O       5
     17   H       5
     18   H       6
    151      18       2  -2.54838676E+01  ../Water/train1000_528.xsf
      1   O      12
      2   H       9
      3   H      13
      4   O      12
      5   H       7
      6   H       8
      7   O       8
      8   H       9
      9   H       5
     10   O       8
     11   H       8
     12   H      10
     13   O       8
     14   H      11
     15   H       8
     16   O       3
     17   H       5
     18   H       2
    152      18       2  -2.54844417E+01  ../Water/train1000_529.xsf
      1   O      15
      2   H      12
      3   H      16
      4   O      11
      5   H       8
      6   H       8
      7   O       8
      8   H       9
      9   H       9
     10   O      11
     11   H      14
     12   H      10
     13   O      12
     14   H      12
     15   H      10
     16   O       8
     17   H       3
     18   H      10
    153      18       2  -2.54846045E+01  ../Water/train1000_530.xsf
      1   O      12
      2   H      10
      3   H      14
      4   O      11
      5   H      11
      6   H       7
      7   O       7
      8   H       9
      9   H       5
     10   O       8
     11   H      11
     12   H      11
     13   O      11
     14   H      11
     15   H       8
     16   O       7
     17   H       8
     18   H       7
    154      18       2  -2.54844950E+01  ../Water/train1000_531.xsf
      1   O      11
      2   H      13
      3   H       8
      4   O      10
      5   H      11
      6   H       7
      7   O       9
      8   H       9
      9   H       8
     10   O      13
     11   H       9
     12   H      16
     13   O       9
     14   H      11
     15   H       9
     16   O      12
     17   H      11
     18   H      10
    155      18       2  -2.54836082E+01  ../Water/train1000_532.xsf
      1   O      11
      2   H      10
      3   H       7
      4   O      11
      5   H       8
      6   H      11
      7   O       6
      8   H       5
      9   H      10
     10   O      14
     11   H      16
     12   H      10
     13   O       9
     14   H      11
     15   H       6
     16   O      10
     17   H       4
     18   H      13
    156      18       2  -2.54841568E+01  ../Water/train1000_533.xsf
      1   O      13
      2   H      16
      3   H      11
      4   O      11
      5   H      10
      6   H       6
      7   O       6
      8   H       5
      9   H       9
     10   O      13
     11   H       9
     12   H      13
     13   O      12
     14   H      11
     15   H      11
     16   O       7
     17   H      12
     18   H       7
    157      18       2  -2.54842976E+01  ../Water/train1000_534.xsf
      1   O      15
      2   H      12
      3   H      16
      4   O       9
      5   H      11
      6   H       3
      7   O       8
      8   H      11
      9   H       8
     10   O       9
     11   H      10
     12   H       6
     13   O      10
     14   H      11
     15   H      10
     16   O      11
     17   H       9
     18   H      11
    158      18       2  -2.54838309E+01  ../Water/train1000_535.xsf
      1   O      11
      2   H      11
      3   H       8
      4   O       5
      5   H       7
      6   H       9
      7   O       7
      8   H       4
      9   H       8
     10   O      12
     11   H      13
     12   H      10
     13   O      11
     14   H      12
     15   H       7
     16   O       5
     17   H       3
     18   H       5
    159      18       2  -2.54834790E+01  ../Water/train1000_536.xsf
      1   O      12
      2   H       6
      3   H      10
      4   O       9
      5   H       9
      6   H      11
      7   O       6
      8   H       3
      9   H       7
     10   O      12
     11   H      12
     12   H       9
     13   O      13
     14   H      14
     15   H      11
     16   O       5
     17   H       5
     18   H       8
    160      18       2  -2.54838155E+01  ../Water/train1000_537.xsf
      1   O      14
      2   H       8
      3   H      14
      4   O       9
      5   H       8
      6   H      14
      7   O       9
      8   H       8
      9   H      11
     10   O      12
     11   H       9
     12   H       7
     13   O      11
     14   H      13
     15   H      13
     16   O       7
     17   H       9
     18   H       8
    161      18       2  -2.54835443E+01  ../Water/train1000_538.xsf
      1   O      12
      2   H       9
      3   H       8
      4   O       9
      5   H       8
      6   H       5
      7   O       7
      8   H       7
      9   H       4
     10   O      10
     11   H       4
     12   H      12
     13   O       6
     14   H       9
     15   H      10
     16   O       5
     17   H       6
     18   H       3
    162      18       2  -2.54846395E+01  ../Water/train1000_539.xsf
      1   O      13
      2   H      15
      3   H      10
      4   O       9
      5   H      11
      6   H      10
      7   O      13
      8   H       6
      9   H      12
     10   O      10
     11   H      11
     12   H       7
     13   O       6
     14   H      11
     15   H       7
     16   O       5
     17   H       4
     18   H       8
    163      18       2  -2.54833725E+01  ../Water/train1000_540.xsf
      1   O      15
      2   H      16
      3   H      15
      4   O       7
      5   H       5
      6   H      11
      7   O      13
      8   H       9
      9   H      13
     10   O      11
     11   H      10
     12   H      12
     13   O       7
     14   H       7
     15   H       6
     16   O      10
     17   H       8
     18   H       9
    164      18       2  -2.54844287E+01  ../Water/train1000_541.xsf
      1   O       8
      2   H       8
      3   H      16
      4   O      10
      5   H       6
      6   H      11
      7   O       8
      8   H       8
      9   H       7
     10   O      11
     11   H      12
     12   H       6
     13   O       7
     14   H       3
     15   H       7
     16   O      10
     17   H       6
     18   H      10
    165      18       2  -2.54837821E+01  ../Water/train1000_542.xsf
      1   O      13
      2   H      10
      3   H      16
      4   O       8
      5   H       7
      6   H       8
      7   O      10
      8   H      12
      9   H       9
     10   O      12
     11   H      11
     12   H       6
     13   O       8
     14   H       6
     15   H       9
     16   O       9
     17   H      13
     18   H       3
    166      18       2  -2.54846404E+01  ../Water/train1000_543.xsf
      1   O      14
      2   H      14
      3   H      15
      4   O      10
      5   H       6
      6   H       9
      7   O      12
      8   H       9
      9   H      13
     10   O      12
     11   H       6
     12   H      14
     13   O       6
     14   H       7
     15   H       6
     16   O      13
     17   H      11
     18   H       9
    167      18       2  -2.54837299E+01  ../Water/train1000_544.xsf
      1   O      12
      2   H       7
      3   H      15
      4   O       6
      5   H       7
      6   H       8
      7   O      10
      8   H      12
      9   H       7
     10   O      10
     11   H      10
     12   H      11
     13   O       6
     14   H       3
     15   H       8
     16   O      12
     17   H      11
     18   H       5
    168      18       2  -2.54845671E+01  ../Water/train1000_545.xsf
      1   O      14
      2   H      15
      3   H       7
      4   O       7
      5   H       8
      6   H      11
      7   O      12
      8   H       8
      9   H      11
     10   O      11
     11   H      13
     12   H      11
     13   O       9
     14   H       9
     15   H       8
     16   O      14
     17   H      17
     18   H      13
    169      18       2  -2.54840414E+01  ../Water/train1000_546.xsf
      1   O      12
      2   H      15
      3   H      11
      4   O       7
      5   H       9
      6   H       7
      7   O      10
      8   H       8
      9   H      13
     10   O       8
     11   H       6
     12   H      11
     13   O       8
     14   H       6
     15   H      10
     16   O      12
     17   H       6
     18   H       9
    170      18       2  -2.54837204E+01  ../Water/train1000_547.xsf
      1   O      11
      2   H      11
      3   H       7
      4   O       7
      5   H       8
      6   H       4
      7   O      10
      8   H       7
      9   H       9
     10   O       5
     11   H      10
     12   H       7
     13   O       8
     14   H      12
     15   H       7
     16   O      10
     17   H      13
     18   H      12
    171      18       2  -2.54840395E+01  ../Water/train1000_548.xsf
      1   O      11
      2   H      16
      3   H      10
      4   O      10
      5   H      10
      6   H      11
      7   O      11
      8   H      10
      9   H      10
     10   O       8
     11   H      10
     12   H       7
     13   O      11
     14   H      15
     15   H       6
     16   O      14
     17   H      15
     18   H       9
    172      18       2  -2.54836480E+01  ../Water/train1000_549.xsf
      1   O      12
      2   H       8
      3   H      15
      4   O       8
      5   H       5
      6   H      10
      7   O      10
      8   H       8
      9   H      12
     10   O       9
     11   H       6
     12   H      11
     13   O       9
     14   H       9
     15   H      13
     16   O      14
     17   H      11
     18   H      10
    173      18       2  -2.54835563E+01  ../Water/train1000_550.xsf
      1   O      13
      2   H       9
      3   H      13
      4   O       8
      5   H       7
      6   H       5
      7   O      10
      8   H       7
      9   H      11
     10   O       7
     11   H       9
     12   H       6
     13   O      11
     14   H      10
     15   H      10
     16   O       7
     17   H       5
     18   H      10
    174      18       2  -2.54848535E+01  ../Water/train1000_551.xsf
      1   O      14
      2   H       8
      3   H      11
      4   O       7
      5   H       8
      6   H       6
      7   O      10
      8   H      12
      9   H       8
     10   O       9
     11   H      10
     12   H      11
     13   O       9
     14   H      10
     15   H       9
     16   O      10
     17   H      11
     18   H       5
    175      18       2  -2.54847294E+01  ../Water/train1000_552.xsf
      1   O      12
      2   H      15
      3   H      10
      4   O       7
      5   H       8
      6   H       4
      7   O       7
      8   H      12
      9   H       8
     10   O       9
     11   H       4
     12   H       9
     13   O      10
     14   H       9
     15   H       9
     16   O       8
     17   H       9
     18   H       8
    176      18       2  -2.54848188E+01  ../Water/train1000_553.xsf
      1   O      13
      2   H      13
      3   H      11
      4   O       6
      5   H       8
      6   H       4
      7   O      10
      8   H      10
      9   H       9
     10   O      10
     11   H       3
     12   H      11
     13   O       8
     14   H       5
     15   H      10
     16   O       9
     17   H       4
     18   H      10
    177      18       2  -2.54833258E+01  ../Water/train1000_554.xsf
      1   O      13
      2   H      16
      3   H       9
      4   O       7
      5   H       4
      6   H       8
      7   O       6
      8   H       8
      9   H       9
     10   O       7
     11   H      11
     12   H       7
     13   O       8
     14   H       5
     15   H       9
     16   O      10
     17   H       9
     18   H       6
    178      18       2  -2.54836303E+01  ../Water/train1000_555.xsf
      1   O      13
      2   H      11
      3   H      10
      4   O       8
      5   H       9
      6   H       5
      7   O      10
      8   H       3
      9   H      13
     10   O       8
     11   H      13
     12   H       6
     13   O      10
     14   H      11
     15   H      12
     16   O       7
     17   H       8
     18   H       3
    179      18       2  -2.54835253E+01  ../Water/train1000_556.xsf
      1   O      12
      2   H      12
      3   H      10
      4   O       7
      5   H       8
      6   H       5
      7   O      11
      8   H       9
      9   H      14
     10   O      14
     11   H      16
     12   H      12
     13   O      11
     14   H       9
     15   H      14
     16   O       7
     17   H       8
     18   H       7
    180      18       2  -2.54843361E+01  ../Water/train1000_557.xsf
      1   O      13
      2   H      10
      3   H      10
      4   O       9
      5   H      12
      6   H       6
      7   O       8
      8   H       4
      9   H      12
     10   O      15
     11   H      14
     12   H       8
     13   O       9
     14   H       9
     15   H       6
     16   O       7
     17   H       8
     18   H       6
    181      18       2  -2.54842388E+01  ../Water/train1000_558.xsf
      1   O      12
      2   H       9
      3   H      10
      4   O      12
      5   H      13
      6   H      10
      7   O      10
      8   H       9
      9   H       7
     10   O      11
     11   H       7
     12   H      13
     13   O       9
     14   H      10
     15   H       6
     16   O       7
     17   H       8
     18   H       5
    182      18       2  -2.54843557E+01  ../Water/train1000_559.xsf
      1   O      10
      2   H      10
      3   H      12
      4   O      11
      5   H       7
      6   H      12
      7   O       9
      8   H      11
      9   H       5
     10   O      12
     11   H       7
     12   H      13
     13   O      11
     14   H       9
     15   H       9
     16   O       7
     17   H       9
     18   H       6
    183      18       2  -2.54836380E+01  ../Water/train1000_560.xsf
      1   O      16
      2   H       9
      3   H      12
      4   O      10
      5   H      12
      6   H      11
      7   O      11
      8   H       9
      9   H      11
     10   O       9
     11   H       6
     12   H      12
     13   O      14
     14   H      11
     15   H      14
     16   O       4
     17   H       3
     18   H       6
    184      18       2  -2.54836913E+01  ../Water/train1000_561.xsf
      1   O      15
      2   H      13
      3   H       9
      4   O      12
      5   H      15
      6   H      14
      7   O       8
      8   H       7
      9   H      11
     10   O      11
     11   H      12
     12   H       4
     13   O      11
     14   H       7
     15   H      11
     16   O       6
     17   H       9
     18   H       5
    185      18       2  -2.54842073E+01  ../Water/train1000_562.xsf
      1   O      13
      2   H      14
      3   H       8
      4   O      11
      5   H      15
      6   H       8
      7   O       7
      8   H       9
      9   H       3
     10   O      10
     11   H       4
     12   H      11
     13   O      10
     14   H       4
     15   H      10
     16   O       7
     17   H       9
     18   H       5
    186      18       2  -2.54840074E+01  ../Water/train1000_563.xsf
      1   O      12
      2   H      15
      3   H      11
      4   O      12
      5   H       6
      6   H      16
      7   O       9
      8   H      11
      9   H       8
     10   O      10
     11   H      10
     12   H      11
     13   O      10
     14   H       5
     15   H      16
     16   O      13
     17   H      11
     18   H      10
    187      18       2  -2.54843200E+01  ../Water/train1000_564.xsf
      1   O       9
      2   H      12
      3   H      12
      4   O      14
      5   H      12
      6   H      15
      7   O      10
      8   H      11
      9   H       3
     10   O       8
     11   H       4
     12   H       9
     13   O      11
     14   H       8
     15   H      13
     16   O      10
     17   H       4
     18   H      11
    188      18       2  -2.54845579E+01  ../Water/train1000_565.xsf
      1   O      15
      2   H      14
      3   H      15
      4   O      15
      5   H      14
      6   H       9
      7   O      13
      8   H      13
      9   H       6
     10   O       9
     11   H      10
     12   H      10
     13   O      12
     14   H      12
     15   H       8
     16   O       9
     17   H       7
     18   H      11
    189      18       2  -2.54850557E+01  ../Water/train1000_566.xsf
      1   O      11
      2   H       9
      3   H       4
      4   O      11
      5   H      15
      6   H       7
      7   O       9
      8   H      11
      9   H      12
     10   O       9
     11   H       9
     12   H      10
     13   O       9
     14   H      10
     15   H       3
     16   O       8
     17   H       9
     18   H      10
    190      18       2  -2.54845588E+01  ../Water/train1000_567.xsf
      1   O      13
      2   H      12
      3   H       7
      4   O      13
      5   H      10
      6   H      13
      7   O      15
      8   H       9
      9   H      17
     10   O      10
     11   H      12
     12   H      11
     13   O       8
     14   H       8
     15   H      12
     16   O       8
     17   H       9
     18   H       7
    191      18       2  -2.54847737E+01  ../Water/train1000_568.xsf
      1   O      13
      2   H      15
      3   H      13
      4   O      13
      5   H       9
      6   H      14
      7   O      13
      8   H       6
      9   H      12
     10   O      11
     11   H      10
     12   H      11
     13   O       8
     14   H       8
     15   H       9
     16   O      10
     17   H      11
     18   H      10
    192      18       2  -2.54841883E+01  ../Water/train1000_569.xsf
      1   O      15
      2   H      10
      3   H      16
      4   O      12
      5   H       4
      6   H      10
      7   O      11
      8   H       5
      9   H      13
     10   O      11
     11   H       9
     12   H      10
     13   O      10
     14   H      14
     15   H       8
     16   O       6
     17   H       5
     18   H       9
    193      18       2  -2.54846523E+01  ../Water/train1000_570.xsf
      1   O      12
      2   H       8
      3   H      17
      4   O       7
      5   H       8
      6   H       8
      7   O      14
      8   H       5
      9   H      11
     10   O      11
     11   H      10
     12   H       8
     13   O      11
     14   H       9
     15   H      13
     16   O       8
     17   H       7
     18   H      11
    194      18       2  -2.54843475E+01  ../Water/train1000_571.xsf
      1   O      11
      2   H       8
      3   H      14
      4   O       7
      5   H       7
      6   H       6
      7   O      14
      8   H       7
      9   H      13
     10   O      12
     11   H      11
     12   H      10
     13   O      13
     14   H      11
     15   H      14
     16   O       8
     17   H       8
     18   H       8
    195      18       2  -2.54839684E+01  ../Water/train1000_572.xsf
      1   O      13
      2   H       7
      3   H      13
      4   O       8
      5   H      10
      6   H       8
      7   O      12
      8   H       9
      9   H      13
     10   O      12
     11   H      14
     12   H       7
     13   O       9
     14   H      11
     15   H       7
     16   O       5
     17   H       7
     18   H       3
    196      18       2  -2.54833583E+01  ../Water/train1000_573.xsf
      1   O      14
      2   H      11
      3   H      14
      4   O       6
      5   H       6
      6   H       6
      7   O       9
      8   H       4
      9   H      12
     10   O      12
     11   H      13
     12   H       9
     13   O      12
     14   H      10
     15   H      13
     16   O       6
     17   H       7
     18   H       8
    197      18       2  -2.54841920E+01  ../Water/train1000_574.xsf
      1   O      15
      2   H      14
      3   H      16
      4   O       9
      5   H      10
      6   H      10
      7   O      13
      8   H       7
      9   H      11
     10   O      13
     11   H      14
     12   H      15
     13   O      13
     14   H      13
     15   H      11
     16   O       9
     17   H       5
     18   H       8
    198      18       2  -2.54836999E+01  ../Water/train1000_575.xsf
      1   O      12
      2   H      10
      3   H      16
      4   O       9
      5   H       8
      6   H      11
      7   O      13
      8   H      11
      9   H       9
     10   O      14
     11   H       7
     12   H      17
     13   O      10
     14   H       9
     15   H      11
     16   O       9
     17   H      10
     18   H      10
    199      18       2  -2.54833696E+01  ../Water/train1000_576.xsf
      1   O      14
      2   H      15
      3   H       5
      4   O       6
      5   H       7
      6   H       7
      7   O      13
      8   H       7
      9   H      11
     10   O      11
     11   H      14
     12   H       5
     13   O      11
     14   H      12
     15   H      11
     16   O      10
     17   H       9
     18   H      10
    200      18       2  -2.54837046E+01  ../Water/train1000_577.xsf
      1   O      17
      2   H      16
      3   H      15
      4   O       8
      5   H       8
      6   H       6
      7   O      10
      8   H      11
      9   H      10
     10   O      13
     11   H      11
     12   H       8
     13   O      11
     14   H      12
     15   H      12
     16   O      10
     17   H      10
     18   H       6
    201      18       2  -2.54848921E+01  ../Water/train1000_578.xsf
      1   O      15
      2   H      16
      3   H       8
      4   O       7
      5   H       5
      6   H       9
      7   O      12
      8   H       9
      9   H       9
     10   O      12
     11   H      11
     12   H       9
     13   O       9
     14   H      13
     15   H      11
     16   O      10
     17   H      11
     18   H       6
    202      18       2  -2.54845704E+01  ../Water/train1000_579.xsf
      1   O      12
      2   H      12
      3   H       9
      4   O       7
      5   H       8
      6   H       3
      7   O       8
      8   H       5
      9   H      10
     10   O      10
     11   H      11
     12   H      10
     13   O      11
     14   H      13
     15   H       7
     16   O       9
     17   H      11
     18   H       4
    203      18       2  -2.54844795E+01  ../Water/train1000_580.xsf
      1   O      17
      2   H      16
      3   H      10
      4   O      12
      5   H       9
      6   H      12
      7   O      11
      8   H       7
      9   H      10
     10   O      13
     11   H      12
     12   H      13
     13   O      12
     14   H      13
     15   H      12
     16   O      10
     17   H      10
     18   H       5
    204      18       2  -2.54839666E+01  ../Water/train1000_581.xsf
      1   O      13
      2   H      13
      3   H      10
      4   O      11
      5   H      10
      6   H      10
      7   O       9
      8   H       8
      9   H      10
     10   O      17
     11   H      16
     12   H      13
     13   O      11
     14   H      12
     15   H      13
     16   O       8
     17   H       9
     18   H       7
    205      18       2  -2.54835556E+01  ../Water/train1000_582.xsf
      1   O      13
      2   H       9
      3   H      14
      4   O      11
      5   H      10
      6   H      14
      7   O       9
      8   H       8
      9   H       4
     10   O      14
     11   H      13
     12   H       7
     13   O      13
     14   H      14
     15   H      12
     16   O       7
     17   H       7
     18   H       9
    206      18       2  -2.54848506E+01  ../Water/train1000_583.xsf
      1   O      12
      2   H       6
      3   H      12
      4   O      11
      5   H      11
      6   H      13
      7   O       9
      8   H       9
      9   H       4
     10   O      12
     11   H       9
     12   H      15
     13   O       9
     14   H      12
     15   H       8
     16   O       9
     17   H       8
     18   H       7
    207      18       2  -2.54829241E+01  ../Water/train1000_584.xsf
      1   O      14
      2   H       9
      3   H      16
      4   O      15
      5   H      17
      6   H      14
      7   O      11
      8   H      11
      9   H       6
     10   O      12
     11   H      11
     12   H      10
     13   O      10
     14   H       9
     15   H      10
     16   O      12
     17   H       9
     18   H      14
    208      18       2  -2.54843270E+01  ../Water/train1000_585.xsf
      1   O      15
      2   H      16
      3   H      10
      4   O      10
      5   H       5
      6   H      13
      7   O       8
      8   H       8
      9   H       8
     10   O      13
     11   H      13
     12   H      14
     13   O       9
     14   H      10
     15   H       8
     16   O      12
     17   H      10
     18   H      12
    209      18       2  -2.54834306E+01  ../Water/train1000_586.xsf
      1   O      11
      2   H       9
      3   H       9
      4   O      10
      5   H       9
      6   H      13
      7   O       8
      8   H      11
      9   H       4
     10   O      11
     11   H       8
     12   H      12
     13   O       9
     14   H       7
     15   H       5
     16   O      10
     17   H       8
     18   H      14
    210      18       2  -2.54846561E+01  ../Water/train1000_587.xsf
      1   O      11
      2   H      16
      3   H      12
      4   O      15
      5   H      15
      6   H      11
      7   O      10
      8   H       8
      9   H       4
     10   O      11
     11   H      11
     12   H      12
     13   O      11
     14   H       5
     15   H      11
     16   O      13
     17   H      14
     18   H      10
    211      18       2  -2.54842857E+01  ../Water/train1000_588.xsf
      1   O      15
      2   H      16
      3   H       8
      4   O      12
      5   H      10
      6   H      12
      7   O      10
      8   H      11
      9   H       4
     10   O      12
     11   H      13
     12   H       7
     13   O       8
     14   H       9
     15   H       6
     16   O      10
     17   H      11
     18   H       4
    212      18       2  -2.54841937E+01  ../Water/train1000_589.xsf
      1   O      12
      2   H      12
      3   H      15
      4   O      12
      5   H       9
      6   H      15
      7   O      11
      8   H      12
      9   H       5
     10   O      12
     11   H      11
     12   H      14
     13   O       7
     14   H      10
     15   H       4
     16   O      12
     17   H       8
     18   H      13
    213      18       2  -2.54846889E+01  ../Water/train1000_590.xsf
      1   O      11
      2   H       8
      3   H       9
      4   O      10
      5   H      10
      6   H      11
      7   O      10
      8   H      12
      9   H       8
     10   O      12
     11   H      10
     12   H      13
     13   O       7
     14   H       8
     15   H      11
     16   O      11
     17   H       7
     18   H      12
    214      18       2  -2.54841791E+01  ../Water/train1000_591.xsf
      1   O      11
      2   H      11
      3   H      11
      4   O      12
      5   H       9
      6   H      15
      7   O      10
      8   H      10
      9   H       8
     10   O      14
     11   H       9
     12   H      14
     13   O       8
     14   H       3
     15   H      10
     16   O      10
     17   H      10
     18   H      11
    215      18       2  -2.54841959E+01  ../Water/train1000_592.xsf
      1   O      11
      2   H      14
      3   H       6
      4   O      13
      5   H      14
      6   H      10
      7   O      10
      8   H       9
      9   H       5
     10   O      11
     11   H      10
     12   H      14
     13   O       8
     14   H      11
     15   H       9
     16   O      10
     17   H      12
     18   H       9
    216      18       2  -2.54848970E+01  ../Water/train1000_593.xsf
      1   O      13
      2   H      16
      3   H       7
      4   O      13
      5   H      14
      6   H       7
      7   O       9
      8   H      11
      9   H       7
     10   O      12
     11   H      10
     12   H      10
     13   O      10
     14   H       9
     15   H      11
     16   O      10
     17   H       6
     18   H      11
    217      18       2  -2.54842349E+01  ../Water/train1000_594.xsf
      1   O      13
      2   H      16
      3   H       8
      4   O      12
      5   H      14
      6   H       7
      7   O      10
      8   H      11
      9   H      11
     10   O      11
     11   H       8
     12   H      12
     13   O       9
     14   H      11
     15   H       7
     16   O      12
     17   H      15
     18   H       9
    218      18       2  -2.54843212E+01  ../Water/train1000_595.xsf
      1   O      15
      2   H      16
      3   H      10
      4   O      10
      5   H       5
      6   H      12
      7   O       8
      8   H      11
      9   H       7
     10   O      11
     11   H       9
     12   H      12
     13   O       9
     14   H      11
     15   H       9
     16   O      12
     17   H      14
     18   H       7
    219      18       2  -2.54849100E+01  ../Water/train1000_596.xsf
      1   O      10
      2   H      10
      3   H       5
      4   O      12
      5   H       8
      6   H      11
      7   O       9
      8   H       6
      9   H      13
     10   O       8
     11   H       8
     12   H       9
     13   O       6
     14   H       5
     15   H       7
     16   O      11
     17   H      12
     18   H       8
    220      18       2  -2.54838678E+01  ../Water/train1000_597.xsf
      1   O      10
      2   H      16
      3   H       9
      4   O      10
      5   H       8
      6   H      12
      7   O      11
      8   H      12
      9   H      11
     10   O       8
     11   H       9
     12   H       8
     13   O       7
     14   H       8
     15   H       8
     16   O      15
     17   H      17
     18   H      11
    221      18       2  -2.54844348E+01  ../Water/train1000_598.xsf
      1   O      12
      2   H      14
      3   H      12
      4   O       9
      5   H       3
      6   H      10
      7   O      10
      8   H       4
      9   H      10
     10   O       8
     11   H       6
     12   H       9
     13   O       7
     14   H      10
     15   H       9
     16   O      15
     17   H      14
     18   H      14
    222      18       2  -2.54845230E+01  ../Water/train1000_599.xsf
      1   O      12
      2   H      16
      3   H       9
      4   O       9
      5   H      10
      6   H       9
      7   O      10
      8   H       4
      9   H      13
     10   O       9
     11   H       8
     12   H      11
     13   O       6
     14   H       6
     15   H       3
     16   O      11
     17   H      12
     18   H      12
    223      18       2  -2.54847150E+01  ../Water/train1000_600.xsf
      1   O      13
      2   H      13
      3   H      11
      4   O      11
      5   H       7
      6   H      11
      7   O       8
      8   H       9
      9   H       3
     10   O      11
     11   H      12
     12   H      10
     13   O       5
     14   H       3
     15   H       4
     16   O       9
     17   H      12
     18   H      12
    224      18       2  -2.54844277E+01  ../Water/train1000_601.xsf
      1   O      14
      2   H      13
      3   H       9
      4   O       9
      5   H      11
      6   H       6
      7   O       9
      8   H      11
      9   H      10
     10   O      10
     11   H      15
     12   H       8
     13   O       5
     14   H       6
     15   H       5
     16   O      10
     17   H      10
     18   H       7
    225      18       2  -2.54840959E+01  ../Water/train1000_602.xsf
      1   O      11
      2   H      11
      3   H       9
      4   O      10
      5   H       8
      6   H      10
      7   O       7
      8   H       3
      9   H      11
     10   O      12
     11   H       8
     12   H      13
     13   O       5
     14   H       3
     15   H       5
     16   O       9
     17   H       9
     18   H      10
    226      18       2  -2.54835303E+01  ../Water/train1000_603.xsf
      1   O      13
      2   H      12
      3   H      13
      4   O      10
      5   H      11
      6   H       9
      7   O      11
      8   H       9
      9   H      13
     10   O      14
     11   H      14
     12   H       9
     13   O       4
     14   H       5
     15   H       4
     16   O      12
     17   H      12
     18   H       9
    227      18       2  -2.54831296E+01  ../Water/train1000_604.xsf
      1   O      13
      2   H      12
      3   H      13
      4   O      11
      5   H       9
      6   H      11
      7   O       8
      8   H       6
      9   H       6
     10   O       9
     11   H      10
     12   H      13
     13   O       5
     14   H       4
     15   H       5
     16   O      10
     17   H       9
     18   H      14
    228      18       2  -2.54833408E+01  ../Water/train1000_605.xsf
      1   O      15
      2   H      15
      3   H      11
      4   O       9
      5   H      10
      6   H       9
      7   O       9
      8   H      11
      9   H       9
     10   O      13
     11   H      14
     12   H       9
     13   O       5
     14   H       5
     15   H       5
     16   O      12
     17   H       9
     18   H      14
    229      18       2  -2.54837840E+01  ../Water/train1000_606.xsf
      1   O      14
      2   H      14
      3   H      12
      4   O       8
      5   H       7
      6   H      11
      7   O       8
      8   H      10
      9   H       4
     10   O      10
     11   H      11
     12   H      10
     13   O       5
     14   H       3
     15   H       3
     16   O      10
     17   H       5
     18   H       7
    230      18       2  -2.54846926E+01  ../Water/train1000_607.xsf
      1   O      15
      2   H      14
      3   H      11
      4   O      10
      5   H      10
      6   H      10
      7   O       7
      8   H       8
      9   H       4
     10   O      11
     11   H      10
     12   H       7
     13   O       6
     14   H       6
     15   H       4
     16   O      11
     17   H      11
     18   H      13
    231      18       2  -2.54840056E+01  ../Water/train1000_608.xsf
      1   O      13
      2   H      14
      3   H      10
      4   O       9
      5   H       7
      6   H      12
      7   O       7
      8   H       8
      9   H       7
     10   O      11
     11   H      12
     12   H       9
     13   O       9
     14   H       9
     15   H       6
     16   O      13
     17   H      13
     18   H      13
    232      18       2  -2.54842892E+01  ../Water/train1000_609.xsf
      1   O      15
      2   H      16
      3   H      15
      4   O      12
      5   H       9
      6   H      12
      7   O       8
      8   H       9
      9   H       7
     10   O      12
     11   H      13
     12   H      11
     13   O       8
     14   H       5
     15   H      11
     16   O      11
     17   H      13
     18   H       5
    233      18       2  -2.54837320E+01  ../Water/train1000_610.xsf
      1   O      12
      2   H      14
      3   H      15
      4   O       7
      5   H       4
      6   H      12
      7   O       8
      8   H       9
      9   H       9
     10   O      11
     11   H      12
     12   H       6
     13   O       8
     14   H       7
     15   H       8
     16   O      12
     17   H      13
     18   H       7
    234      18       2  -2.54840206E+01  ../Water/train1000_611.xsf
      1   O      16
      2   H      14
      3   H      16
      4   O      10
      5   H       9
      6   H      11
      7   O      11
      8   H      11
      9   H      10
     10   O       8
     11   H       6
     12   H       7
     13   O       8
     14   H       6
     15   H       7
     16   O      11
     17   H      10
     18   H       9
    235      18       2  -2.54836397E+01  ../Water/train1000_612.xsf
      1   O      13
      2   H      13
      3   H      13
      4   O      10
      5   H       8
      6   H       5
      7   O       6
      8   H       8
      9   H       8
     10   O       8
     11   H       3
     12   H      10
     13   O       7
     14   H       6
     15   H       6
     16   O      10
     17   H      10
     18   H      10
    236      18       2  -2.54841249E+01  ../Water/train1000_613.xsf
      1   O      12
      2   H      15
      3   H       8
      4   O       8
      5   H       8
      6   H       5
      7   O       7
      8   H       7
      9   H       6
     10   O       7
     11   H       8
     12   H      13
     13   O       8
     14   H       9
     15   H       6
     16   O      11
     17   H      11
     18   H       7
    237      18       2  -2.54839208E+01  ../Water/train1000_614.xsf
      1   O      13
      2   H      13
      3   H       7
      4   O      12
      5   H      12
      6   H       8
      7   O      11
      8   H      12
      9   H       8
     10   O      10
     11   H       6
     12   H      10
     13   O       9
     14   H      13
     15   H       6
     16   O       6
     17   H      10
     18   H       6
    238      18       2  -2.54846883E+01  ../Water/train1000_615.xsf
      1   O      15
      2   H      16
      3   H      11
      4   O       7
      5   H      10
      6   H       8
      7   O      12
      8   H      12
      9   H       7
     10   O      10
     11   H       8
     12   H      11
     13   O       7
     14   H       7
     15   H       9
     16   O      11
     17   H      10
     18   H       7
    239      18       2  -2.54834562E+01  ../Water/train1000_616.xsf
      1   O      11
      2   H      10
      3   H      12
      4   O       6
      5   H       3
      6   H       3
      7   O       9
      8   H       3
      9   H       6
     10   O       8
     11   H       9
     12   H       6
     13   O       6
     14   H       3
     15   H       8
     16   O       6
     17   H       9
     18   H       4
    240      18       2  -2.54843301E+01  ../Water/train1000_617.xsf
      1   O      15
      2   H      12
      3   H      13
      4   O       6
      5   H       6
      6   H       9
      7   O      11
      8   H       7
      9   H      13
     10   O      10
     11   H       7
     12   H      11
     13   O       8
     14   H       7
     15   H       8
     16   O       8
     17   H       8
     18   H       3
    241      18       2  -2.54841401E+01  ../Water/train1000_618.xsf
      1   O      12
      2   H       8
      3   H      17
      4   O      11
      5   H       9
      6   H       4
      7   O       9
      8   H      12
      9   H       8
     10   O      10
     11   H       8
     12   H       7
     13   O       7
     14   H       7
     15   H       8
     16   O       9
     17   H      10
     18   H      10
    242      18       2  -2.54837232E+01  ../Water/train1000_619.xsf
      1   O      15
      2   H      11
      3   H      16
      4   O      12
      5   H      13
      6   H      12
      7   O       8
      8   H      13
      9   H       8
     10   O      13
     11   H       8
     12   H      13
     13   O       7
     14   H       7
     15   H       9
     16   O       9
     17   H       8
     18   H      10
    243      18       2  -2.54833115E+01  ../Water/train1000_620.xsf
      1   O      14
      2   H      11
      3   H      15
      4   O      12
      5   H      13
      6   H      13
      7   O      11
      8   H      11
      9   H      14
     10   O      12
     11   H       8
     12   H       9
     13   O       9
     14   H       4
     15   H       9
     16   O      10
     17   H      11
     18   H       8
    244      18       2  -2.54839209E+01  ../Water/train1000_621.xsf
      1   O      14
      2   H      10
      3   H      17
      4   O      14
      5   H      16
      6   H       8
      7   O      13
      8   H      15
      9   H       8
     10   O      12
     11   H      12
     12   H      12
     13   O      10
     14   H       6
     15   H      12
     16   O       9
     17   H       9
     18   H       7
    245      18       2  -2.54833563E+01  ../Water/train1000_622.xsf
      1   O      13
      2   H       7
      3   H      12
      4   O      15
      5   H      11
      6   H      16
      7   O      11
      8   H      12
      9   H      12
     10   O       8
     11   H       7
     12   H       7
     13   O       9
     14   H       8
     15   H       4
     16   O      11
     17   H      11
     18   H      10
    246      18       2  -2.54844749E+01  ../Water/train1000_623.xsf
      1   O      15
      2   H       9
      3   H      15
      4   O      15
      5   H       9
      6   H      16
      7   O      12
      8   H       9
      9   H      14
     10   O      11
     11   H      12
     12   H      10
     13   O      10
     14   H       6
     15   H      12
     16   O      10
     17   H      11
     18   H      10
    247      18       2  -2.54842778E+01  ../Water/train1000_624.xsf
      1   O      12
      2   H      15
      3   H      11
      4   O      15
      5   H       7
      6   H      17
      7   O      10
      8   H       8
      9   H      12
     10   O      11
     11   H      11
     12   H       9
     13   O      11
     14   H       6
     15   H      13
     16   O      12
     17   H      12
     18   H      10
    248      18       2  -2.54844573E+01  ../Water/train1000_625.xsf
      1   O      13
      2   H       8
      3   H      13
      4   O      13
      5   H      14
      6   H      15
      7   O      11
      8   H      12
      9   H       6
     10   O      12
     11   H      16
     12   H      11
     13   O      10
     14   H       5
     15   H      12
     16   O      12
     17   H      12
     18   H      11
    249      18       2  -2.54843374E+01  ../Water/train1000_626.xsf
      1   O      13
      2   H       8
      3   H      13
      4   O       8
      5   H      11
      6   H       9
      7   O       9
      8   H      11
      9   H      10
     10   O       9
     11   H      12
     12   H      10
     13   O      11
     14   H       7
     15   H      11
     16   O      10
     17   H      11
     18   H       9
    250      18       2  -2.54843387E+01  ../Water/train1000_627.xsf
      1   O      12
      2   H      11
      3   H      12
      4   O      11
      5   H       8
      6   H      12
      7   O       9
      8   H       9
      9   H       4
     10   O       7
     11   H       6
     12   H       7
     13   O      11
     14   H      10
     15   H      13
     16   O       8
     17   H       8
     18   H      10
    251      18       2  -2.54837926E+01  ../Water/train1000_628.xsf
      1   O      12
      2   H      12
      3   H      11
      4   O      10
      5   H      13
      6   H      10
      7   O      16
      8   H      11
      9   H      17
     10   O       8
     11   H       9
     12   H       8
     13   O      12
     14   H       7
     15   H      14
     16   O      11
     17   H      10
     18   H      11
    252      18       2  -2.54840554E+01  ../Water/train1000_629.xsf
      1   O      13
      2   H      15
      3   H      10
      4   O      13
      5   H      15
      6   H       9
      7   O      15
      8   H       9
      9   H      14
     10   O       7
     11   H      10
     12   H       8
     13   O      13
     14   H      10
     15   H      13
     16   O       9
     17   H       9
     18   H      10
    253      18       2  -2.54842889E+01  ../Water/train1000_630.xsf
      1   O      13
      2   H       9
      3   H      15
      4   O      11
      5   H       8
      6   H      12
      7   O      14
      8   H      14
      9   H       6
     10   O       8
     11   H      10
     12   H       4
     13   O      10
     14   H      12
     15   H      11
     16   O       9
     17   H      10
     18   H      10
    254      18       2  -2.54840805E+01  ../Water/train1000_631.xsf
      1   O      13
      2   H      13
      3   H      14
      4   O       9
      5   H       8
      6   H      13
      7   O      16
      8   H      15
      9   H      11
     10   O      11
     11   H      11
     12   H       7
     13   O      13
     14   H      15
     15   H      10
     16   O      10
     17   H      12
     18   H       9
    255      18       2  -2.54839317E+01  ../Water/train1000_632.xsf
      1   O      16
      2   H      17
      3   H      11
      4   O      12
      5   H      10
      6   H      14
      7   O      13
      8   H      16
      9   H      11
     10   O      10
     11   H      12
     12   H       8
     13   O      13
     14   H      13
     15   H       8
     16   O      10
     17   H      10
     18   H      12
    256      18       2  -2.54843539E+01  ../Water/train1000_633.xsf
      1   O      12
      2   H       9
      3   H      11
      4   O      12
      5   H       6
      6   H      12
      7   O      12
      8   H      13
      9   H      15
     10   O       8
     11   H       7
     12   H       6
     13   O       9
     14   H      11
     15   H       4
     16   O       6
     17   H      11
     18   H       6
    257      18       2  -2.54845039E+01  ../Water/train1000_634.xsf
      1   O      13
      2   H      12
      3   H      10
      4   O      13
      5   H       5
      6   H      12
      7   O      16
      8   H      16
      9   H      16
     10   O       9
     11   H      11
     12   H       8
     13   O      10
     14   H       9
     15   H      10
     16   O      10
     17   H      11
     18   H       9
    258      18       2  -2.54848807E+01  ../Water/train1000_635.xsf
      1   O      14
      2   H      13
      3   H      11
      4   O      10
      5   H       4
      6   H       9
      7   O      10
      8   H       9
      9   H      13
     10   O      11
     11   H      10
     12   H       9
     13   O      12
     14   H      12
     15   H       5
     16   O       7
     17   H       9
     18   H       8
    259      18       2  -2.54840910E+01  ../Water/train1000_636.xsf
      1   O      15
      2   H      14
      3   H      14
      4   O       8
      5   H      11
      6   H       3
      7   O      10
      8   H      11
      9   H       6
     10   O      10
     11   H       4
     12   H       8
     13   O      12
     14   H      11
     15   H      11
     16   O       7
     17   H       8
     18   H      11
    260      18       2  -2.54838478E+01  ../Water/train1000_637.xsf
      1   O      13
      2   H      16
      3   H      12
      4   O       9
      5   H      10
      6   H       8
      7   O      11
      8   H      11
      9   H       8
     10   O      10
     11   H       9
     12   H       9
     13   O      16
     14   H      12
     15   H      14
     16   O       7
     17   H       9
     18   H       8
    261      18       2  -2.54839938E+01  ../Water/train1000_638.xsf
      1   O      15
      2   H      14
      3   H      11
      4   O       7
      5   H       3
      6   H      10
      7   O      10
      8   H      11
      9   H       7
     10   O       9
     11   H      12
     12   H      10
     13   O      14
     14   H      14
     15   H      12
     16   O       9
     17   H       8
     18   H      10
    262      18       2  -2.54846286E+01  ../Water/train1000_639.xsf
      1   O      15
      2   H      15
      3   H       9
      4   O       6
      5   H       8
      6   H       9
      7   O       8
      8   H       8
      9   H      10
     10   O      10
     11   H       9
     12   H      10
     13   O      10
     14   H      11
     15   H       4
     16   O      10
     17   H       9
     18   H       9
    263      18       2  -2.54842352E+01  ../Water/train1000_640.xsf
      1   O      10
      2   H       8
      3   H       7
      4   O       6
      5   H      10
      6   H       4
      7   O       7
      8   H       7
      9   H       8
     10   O      11
     11   H      12
     12   H       7
     13   O       8
     14   H       7
     15   H       9
     16   O       7
     17   H       6
     18   H       8
    264      18       2  -2.54846089E+01  ../Water/train1000_641.xsf
      1   O      10
      2   H       8
      3   H      13
      4   O       7
      5   H       9
      6   H       4
      7   O       8
      8   H       8
      9   H       9
     10   O      10
     11   H       5
     12   H       7
     13   O       9
     14   H       7
     15   H      14
     16   O       7
     17   H       7
     18   H       8
    265      18       2  -2.54840403E+01  ../Water/train1000_642.xsf
      1   O      13
      2   H      12
      3   H      12
      4   O       6
      5   H       9
      6   H       4
      7   O       9
      8   H       7
      9   H       4
     10   O       9
     11   H       9
     12   H      11
     13   O      12
     14   H      11
     15   H      10
     16   O       7
     17   H       6
     18   H       9
    266      18       2  -2.54848907E+01  ../Water/train1000_643.xsf
      1   O      14
      2   H      13
      3   H       9
      4   O       6
      5   H       8
      6   H       6
      7   O      10
      8   H      10
      9   H       4
     10   O      10
     11   H      12
     12   H      12
     13   O      11
     14   H      11
     15   H       9
     16   O      10
     17   H      11
     18   H      14
    267      18       2  -2.54840845E+01  ../Water/train1000_644.xsf
      1   O      13
      2   H      11
      3   H       9
      4   O       6
      5   H       9
      6   H       5
      7   O      12
      8   H      13
      9   H       6
     10   O      11
     11   H      12
     12   H      13
     13   O       6
     14   H       9
     15   H      10
     16   O      14
     17   H       8
     18   H      15
    268      18       2  -2.54845619E+01  ../Water/train1000_645.xsf
      1   O      15
      2   H      16
      3   H       9
      4   O       8
      5   H       9
      6   H       4
      7   O       8
      8   H       8
      9   H       9
     10   O      11
     11   H      13
     12   H       5
     13   O      12
     14   H       4
     15   H      11
     16   O       9
     17   H      12
     18   H       9
    269      18       2  -2.54840625E+01  ../Water/train1000_646.xsf
      1   O      14
      2   H      15
      3   H       9
      4   O       9
      5   H       9
      6   H      10
      7   O       7
      8   H       7
      9   H       8
     10   O       9
     11   H      10
     12   H       7
     13   O       9
     14   H       4
     15   H      10
     16   O       9
     17   H      12
     18   H       6
    270      18       2  -2.54843513E+01  ../Water/train1000_647.xsf
      1   O      15
      2   H      11
      3   H      10
      4   O       8
      5   H      10
      6   H       9
      7   O       7
      8   H       5
      9   H       7
     10   O       9
     11   H      10
     12   H      10
     13   O       8
     14   H       8
     15   H       3
     16   O       7
     17   H      13
     18   H       8
    271      18       2  -2.54850647E+01  ../Water/train1000_648.xsf
      1   O      14
      2   H       9
      3   H      10
      4   O      10
      5   H      10
      6   H       7
      7   O       7
      8   H       8
      9   H       7
     10   O       9
     11   H      10
     12   H       6
     13   O       6
     14   H       7
     15   H       4
     16   O      10
     17   H      12
     18   H       8
    272      18       2  -2.54846544E+01  ../Water/train1000_649.xsf
      1   O      10
      2   H       7
      3   H      10
      4   O       8
      5   H       9
      6   H       4
      7   O       8
      8   H       8
      9   H       7
     10   O       8
     11   H       8
     12   H       8
     13   O       7
     14   H       5
     15   H       3
     16   O      10
     17   H      14
     18   H       6
    273      18       2  -2.54841671E+01  ../Water/train1000_650.xsf
      1   O      12
      2   H      10
      3   H      12
      4   O      13
      5   H      15
      6   H      13
      7   O      10
      8   H       9
      9   H       7
     10   O       8
     11   H       5
     12   H      11
     13   O       8
     14   H      10
     15   H       7
     16   O      10
     17   H      11
     18   H       5
    274      18       2  -2.54840634E+01  ../Water/train1000_651.xsf
      1   O      14
      2   H      11
      3   H       9
      4   O      14
      5   H      14
      6   H      14
      7   O      10
      8   H       4
      9   H      10
     10   O      10
     11   H      13
     12   H       7
     13   O       7
     14   H       8
     15   H       5
     16   O       9
     17   H       7
     18   H       6
    275      18       2  -2.54839668E+01  ../Water/train1000_652.xsf
      1   O      17
      2   H      16
      3   H      13
      4   O      13
      5   H      11
      6   H      13
      7   O       8
      8   H       6
      9   H      10
     10   O       9
     11   H      13
     12   H      10
     13   O       7
     14   H       8
     15   H      10
     16   O      10
     17   H       9
     18   H       9
    276      18       2  -2.54846019E+01  ../Water/train1000_653.xsf
      1   O      11
      2   H      14
      3   H       6
      4   O      10
      5   H      11
      6   H      11
      7   O       6
      8   H       9
      9   H       8
     10   O      10
     11   H      11
     12   H       8
     13   O       9
     14   H       6
     15   H      10
     16   O       9
     17   H      11
     18   H       4
    277      18       2  -2.54842747E+01  ../Water/train1000_654.xsf
      1   O      14
      2   H       9
      3   H      14
      4   O      12
      5   H      13
      6   H      13
      7   O      10
      8   H      10
      9   H       5
     10   O      12
     11   H      13
     12   H       7
     13   O       9
     14   H      10
     15   H       9
     16   O      10
     17   H       8
     18   H       4
    278      18       2  -2.54832744E+01  ../Water/train1000_655.xsf
      1   O      14
      2   H      13
      3   H       9
      4   O      15
      5   H       8
      6   H      12
      7   O      11
      8   H      12
      9   H      11
     10   O      12
     11   H      14
     12   H       9
     13   O       7
     14   H       6
     15   H      10
     16   O       9
     17   H       9
     18   H      11
    279      18       2  -2.54846263E+01  ../Water/train1000_656.xsf
      1   O      16
      2   H      16
      3   H      11
      4   O      12
      5   H      13
      6   H      14
      7   O      14
      8   H      11
      9   H      10
     10   O       9
     11   H      12
     12   H      10
     13   O       8
     14   H       8
     15   H       9
     16   O       9
     17   H      11
     18   H       5
    280      18       2  -2.54848751E+01  ../Water/train1000_657.xsf
      1   O      16
      2   H      16
      3   H      12
      4   O      14
      5   H      12
      6   H      10
      7   O      13
      8   H      15
      9   H       9
     10   O      11
     11   H       8
     12   H      12
     13   O       9
     14   H      11
     15   H      10
     16   O       8
     17   H      10
     18   H       4
    281      18       2  -2.54838477E+01  ../Water/train1000_658.xsf
      1   O      15
      2   H       9
      3   H      16
      4   O      11
      5   H      11
      6   H      10
      7   O      10
      8   H       8
      9   H      12
     10   O      13
     11   H       9
     12   H      13
     13   O       7
     14   H       7
     15   H      10
     16   O      10
     17   H      11
     18   H       6
    282      18       2  -2.54842392E+01  ../Water/train1000_659.xsf
      1   O      15
      2   H      11
      3   H      15
      4   O      14
      5   H      15
      6   H      10
      7   O      11
      8   H      12
      9   H      11
     10   O      13
     11   H      14
     12   H       5
     13   O       9
     14   H       5
     15   H       9
     16   O      10
     17   H      10
     18   H       5
    283      18       2  -2.54841719E+01  ../Water/train1000_660.xsf
      1   O      12
      2   H      14
      3   H      12
      4   O      14
      5   H       9
      6   H      12
      7   O      10
      8   H      10
      9   H      14
     10   O      13
     11   H      10
     12   H      16
     13   O      11
     14   H      11
     15   H      10
     16   O      10
     17   H      13
     18   H       5
    284      18       2  -2.54834691E+01  ../Water/train1000_661.xsf
      1   O       7
      2   H       6
      3   H       3
      4   O       7
      5   H      11
      6   H       7
      7   O       8
      8   H       5
      9   H      12
     10   O      14
     11   H       8
     12   H      11
     13   O       7
     14   H       6
     15   H       7
     16   O       7
     17   H       9
     18   H       5
    285      18       2  -2.54838772E+01  ../Water/train1000_662.xsf
      1   O      12
      2   H      14
      3   H      10
      4   O      10
      5   H      10
      6   H       9
      7   O      10
      8   H       8
      9   H      11
     10   O      14
     11   H      10
     12   H      14
     13   O      11
     14   H       9
     15   H      10
     16   O       7
     17   H       8
     18   H       7
    286      18       2  -2.54836415E+01  ../Water/train1000_663.xsf
      1   O       9
      2   H      11
      3   H       8
      4   O       9
      5   H      10
      6   H      10
      7   O       7
      8   H       7
      9   H       8
     10   O      14
     11   H      11
     12   H      14
     13   O       5
     14   H       2
     15   H       7
     16   O       8
     17   H       8
     18   H       4
    287      18       2  -2.54842191E+01  ../Water/train1000_664.xsf
      1   O      11
      2   H       7
      3   H      10
      4   O       8
      5   H       9
      6   H      10
      7   O       8
      8   H       8
      9   H       8
     10   O      13
     11   H       9
     12   H      14
     13   O       6
     14   H       5
     15   H       7
     16   O       9
     17   H      10
     18   H       8
    288      18       2  -2.54839361E+01  ../Water/train1000_665.xsf
      1   O      15
      2   H      10
      3   H      11
      4   O       7
      5   H       5
      6   H      10
      7   O       8
      8   H       6
      9   H      10
     10   O      12
     11   H       9
     12   H      13
     13   O       7
     14   H       4
     15   H       7
     16   O      10
     17   H       7
     18   H      11
    289      18       2  -2.54843552E+01  ../Water/train1000_666.xsf
      1   O      13
      2   H      12
      3   H      11
      4   O       7
      5   H       4
      6   H      11
      7   O       9
      8   H       7
      9   H      11
     10   O       9
     11   H       7
     12   H      13
     13   O       7
     14   H       4
     15   H       8
     16   O      10
     17   H       4
     18   H      11
    290      18       2  -2.54837973E+01  ../Water/train1000_667.xsf
      1   O      14
      2   H      11
      3   H      14
      4   O      10
      5   H       7
      6   H       9
      7   O       9
      8   H       9
      9   H       7
     10   O      14
     11   H       8
     12   H      14
     13   O       7
     14   H       6
     15   H       8
     16   O       9
     17   H       8
     18   H      10
    291      18       2  -2.54839612E+01  ../Water/train1000_668.xsf
      1   O      11
      2   H      13
      3   H      12
      4   O       4
      5   H       4
      6   H       9
      7   O       9
      8   H      11
      9   H       9
     10   O      13
     11   H       7
     12   H      11
     13   O       7
     14   H      11
     15   H       6
     16   O      11
     17   H       8
     18   H      10
    292      18       2  -2.54843597E+01  ../Water/train1000_669.xsf
      1   O      13
      2   H      12
      3   H      11
      4   O       7
      5   H       5
      6   H      10
      7   O       8
      8   H       4
      9   H       9
     10   O      14
     11   H       8
     12   H      14
     13   O      10
     14   H      12
     15   H      11
     16   O      13
     17   H      12
     18   H       7
    293      18       2  -2.54844440E+01  ../Water/train1000_670.xsf
      1   O      14
      2   H      10
      3   H       8
      4   O       7
      5   H       5
      6   H      10
      7   O       8
      8   H      10
      9   H       7
     10   O       8
     11   H       9
     12   H      11
     13   O      11
     14   H       8
     15   H      15
     16   O       7
     17   H       6
     18   H       6
    294      18       2  -2.54841625E+01  ../Water/train1000_671.xsf
      1   O      12
      2   H      15
      3   H       7
      4   O       9
      5   H      11
      6   H       9
      7   O       9
      8   H       6
      9   H      10
     10   O       7
     11   H       9
     12   H       2
     13   O      12
     14   H      11
     15   H       7
     16   O       7
     17   H       9
     18   H       8
    295      18       2  -2.54841391E+01  ../Water/train1000_672.xsf
      1   O      14
      2   H      11
      3   H      15
      4   O      10
      5   H       8
      6   H      11
      7   O      14
      8   H      13
      9   H      10
     10   O       9
     11   H       8
     12   H       6
     13   O      14
     14   H      13
     15   H       7
     16   O      11
     17   H      11
     18   H      13
    296      18       2  -2.54843664E+01  ../Water/train1000_673.xsf
      1   O      14
      2   H       9
      3   H      12
      4   O       7
      5   H      10
      6   H       5
      7   O      11
      8   H       8
      9   H      14
     10   O       8
     11   H      11
     12   H       7
     13   O      11
     14   H      11
     15   H      11
     16   O      12
     17   H       6
     18   H      13
    297      18       2  -2.54842209E+01  ../Water/train1000_674.xsf
      1   O      15
      2   H      11
      3   H      13
      4   O       9
      5   H       8
      6   H      11
      7   O       9
      8   H       6
      9   H       8
     10   O       8
     11   H      11
     12   H       6
     13   O       8
     14   H       8
     15   H       6
     16   O       8
     17   H      11
     18   H       6
    298      18       2  -2.54845073E+01  ../Water/train1000_675.xsf
      1   O      12
      2   H       7
      3   H      16
      4   O      10
      5   H      11
      6   H      11
      7   O      10
      8   H       5
      9   H      13
     10   O       8
     11   H       7
     12   H       9
     13   O       9
     14   H       8
     15   H      10
     16   O       9
     17   H      12
     18   H       9
    299      18       2  -2.54834380E+01  ../Water/train1000_676.xsf
      1   O      12
      2   H       8
      3   H      15
      4   O      10
      5   H      12
      6   H       8
      7   O       9
      8   H       8
      9   H       9
     10   O       6
     11   H       8
     12   H       7
     13   O      10
     14   H       6
     15   H      11
     16   O      10
     17   H      11
     18   H      10
    300      18       2  -2.54840647E+01  ../Water/train1000_677.xsf
      1   O      14
      2   H      13
      3   H      13
      4   O      12
      5   H       6
      6   H      12
      7   O      11
      8   H       9
      9   H       7
     10   O       7
     11   H       8
     12   H       7
     13   O       8
     14   H       4
     15   H      11
     16   O       8
     17   H       9
     18   H       9
    301      18       2  -2.54839073E+01  ../Water/train1000_678.xsf
      1   O      12
      2   H      15
      3   H      12
      4   O       9
      5   H      11
      6   H       8
      7   O       8
      8   H       6
      9   H       8
     10   O       7
     11   H       9
     12   H       5
     13   O      11
     14   H       4
     15   H      11
     16   O       7
     17   H       8
     18   H       7
    302      18       2  -2.54842806E+01  ../Water/train1000_679.xsf
      1   O      13
      2   H      16
      3   H       9
      4   O      10
      5   H       7
      6   H      10
      7   O       9
      8   H       8
      9   H       7
     10   O       7
     11   H       9
     12   H       6
     13   O      10
     14   H       8
     15   H      11
     16   O       7
     17   H       7
     18   H       8
    303      18       2  -2.54838602E+01  ../Water/train1000_680.xsf
      1   O      15
      2   H      13
      3   H      15
      4   O      10
      5   H      10
      6   H      11
      7   O       9
      8   H      11
      9   H       4
     10   O       7
     11   H       6
     12   H       6
     13   O      10
     14   H       6
     15   H      10
     16   O       7
     17   H       9
     18   H       5
    304      18       2  -2.54835339E+01  ../Water/train1000_681.xsf
      1   O      14
      2   H      10
      3   H      13
      4   O       6
      5   H       7
      6   H       9
      7   O       6
      8   H      10
      9   H       4
     10   O       6
     11   H       3
     12   H       3
     13   O       9
     14   H       9
     15   H       6
     16   O       6
     17   H       8
     18   H       5
    305      18       2  -2.54835528E+01  ../Water/train1000_682.xsf
      1   O      13
      2   H      11
      3   H      13
      4   O       8
      5   H       5
      6   H       8
      7   O       7
      8   H       9
      9   H       3
     10   O       6
     11   H       4
     12   H       7
     13   O      11
     14   H      10
     15   H       7
     16   O       7
     17   H       4
     18   H       7
    306      18       2  -2.54838678E+01  ../Water/train1000_683.xsf
      1   O      13
      2   H      11
      3   H      10
      4   O       8
      5   H       5
      6   H      10
      7   O       7
      8   H       6
      9   H       6
     10   O       8
     11   H       5
     12   H       8
     13   O       7
     14   H       7
     15   H      10
     16   O       8
     17   H       8
     18   H       7
    307      18       2  -2.54849362E+01  ../Water/train1000_684.xsf
      1   O      11
      2   H       9
      3   H       8
      4   O       6
      5   H       3
      6   H       7
      7   O       8
      8   H       8
      9   H       4
     10   O       5
     11   H       5
     12   H       7
     13   O       7
     14   H       5
     15   H       7
     16   O       8
     17   H       7
     18   H       5
    308      18       2  -2.54832211E+01  ../Water/train1000_685.xsf
      1   O      10
      2   H      11
      3   H      10
      4   O       7
      5   H       3
      6   H       6
      7   O       7
      8   H       6
      9   H       3
     10   O       3
     11   H       3
     12   H       5
     13   O       9
     14   H      10
     15   H       5
     16   O       8
     17   H       8
     18   H       6
    309      18       2  -2.54837929E+01  ../Water/train1000_686.xsf
      1   O      14
      2   H      12
      3   H      11
      4   O       6
      5   H       5
      6   H       7
      7   O       7
      8   H       8
      9   H       7
     10   O       5
     11   H       5
     12   H       5
     13   O      10
     14   H       8
     15   H       6
     16   O       6
     17   H       8
     18   H       6
    310      18       2  -2.54834268E+01  ../Water/train1000_687.xsf
      1   O      15
      2   H      12
      3   H      16
      4   O       9
      5   H       7
      6   H       7
      7   O       5
      8   H       8
      9   H       5
     10   O       6
     11   H       8
     12   H       8
     13   O       9
     14   H       9
     15   H      10
     16   O       6
     17   H       7
     18   H       3
    311      18       2  -2.54831485E+01  ../Water/train1000_688.xsf
      1   O      12
      2   H      14
      3   H      12
      4   O       6
      5   H       6
      6   H       9
      7   O       6
      8   H       6
      9   H       5
     10   O       8
     11   H       5
     12   H       6
     13   O      10
     14   H       8
     15   H       4
     16   O       8
     17   H       7
     18   H       4
    312      18       2  -2.54843304E+01  ../Water/train1000_689.xsf
      1   O      13
      2   H      14
      3   H      13
      4   O       9
      5   H       8
      6   H      10
      7   O       6
      8   H       6
      9   H       9
     10   O      15
     11   H       8
     12   H      13
     13   O      10
     14   H       7
     15   H      13
     16   O      10
     17   H      11
     18   H       5
    313      18       2  -2.54847295E+01  ../Water/train1000_690.xsf
      1   O      14
      2   H      11
      3   H      16
      4   O      11
      5   H      12
      6   H      12
      7   O       7
      8   H       5
      9   H      10
     10   O      11
     11   H      12
     12   H       9
     13   O      10
     14   H       4
     15   H      11
     16   O      13
     17   H      10
     18   H      14
    314      18       2  -2.54832696E+01  ../Water/train1000_691.xsf
      1   O      13
      2   H      14
      3   H      11
      4   O      16
      5   H      17
      6   H      11
      7   O      12
      8   H      12
      9   H      14
     10   O      10
     11   H      10
     12   H      11
     13   O      10
     14   H       9
     15   H      11
     16   O      14
     17   H      12
     18   H      11
    315      18       2  -2.54847898E+01  ../Water/train1000_692.xsf
      1   O      13
      2   H      16
      3   H       8
      4   O      11
      5   H      12
      6   H      11
      7   O      10
      8   H      11
      9   H       7
     10   O      12
     11   H      13
     12   H       7
     13   O       8
     14   H       6
     15   H      11
     16   O      11
     17   H       6
     18   H      17
    316      18       2  -2.54843311E+01  ../Water/train1000_693.xsf
      1   O      13
      2   H      16
      3   H      11
      4   O      11
      5   H       8
      6   H      10
      7   O       8
      8   H       5
      9   H       9
     10   O      13
     11   H      12
     12   H       8
     13   O       8
     14   H       6
     15   H       8
     16   O       8
     17   H       8
     18   H      10
    317      18       2  -2.54838790E+01  ../Water/train1000_694.xsf
      1   O      13
      2   H      13
      3   H       7
      4   O       9
      5   H       6
      6   H      10
      7   O      10
      8   H       8
      9   H       9
     10   O      12
     11   H      11
     12   H       9
     13   O       7
     14   H       7
     15   H       8
     16   O       9
     17   H      11
     18   H       5
    318      18       2  -2.54841761E+01  ../Water/train1000_695.xsf
      1   O      15
      2   H      13
      3   H      10
      4   O       9
      5   H       5
      6   H      12
      7   O       9
      8   H       8
      9   H      10
     10   O      12
     11   H       5
     12   H      10
     13   O       8
     14   H       4
     15   H       8
     16   O       9
     17   H      10
     18   H       9
    319      18       2  -2.54848038E+01  ../Water/train1000_696.xsf
      1   O      14
      2   H      14
      3   H      10
      4   O      11
      5   H       6
      6   H      14
      7   O       9
      8   H      10
      9   H       9
     10   O      13
     11   H      10
     12   H      12
     13   O       7
     14   H       7
     15   H       8
     16   O      12
     17   H       8
     18   H      14
    320      18       2  -2.54847260E+01  ../Water/train1000_697.xsf
      1   O      11
      2   H      14
      3   H       8
      4   O      11
      5   H      10
      6   H       7
      7   O      10
      8   H       8
      9   H      11
     10   O      12
     11   H      14
     12   H       9
     13   O       7
     14   H       8
     15   H      10
     16   O       8
     17   H       5
     18   H      13
    321      18       2  -2.54844344E+01  ../Water/train1000_698.xsf
      1   O      12
      2   H      16
      3   H       8
      4   O       8
      5   H       9
      6   H      12
      7   O      10
      8   H      10
      9   H       7
     10   O      11
     11   H      13
     12   H      13
     13   O      11
     14   H      11
     15   H       7
     16   O      12
     17   H      14
     18   H       8
    322      18       2  -2.54840267E+01  ../Water/train1000_699.xsf
      1   O      11
      2   H       6
      3   H      16
      4   O      12
      5   H      12
      6   H      12
      7   O      11
      8   H      12
      9   H       7
     10   O      14
     11   H      12
     12   H      10
     13   O       9
     14   H      10
     15   H       3
     16   O      12
     17   H      13
     18   H       8
    323      18       2  -2.54850253E+01  ../Water/train1000_700.xsf
      1   O      14
      2   H      16
      3   H      10
      4   O      12
      5   H      13
      6   H       5
      7   O      10
      8   H       9
      9   H       8
     10   O      14
     11   H      12
     12   H      11
     13   O      11
     14   H      10
     15   H       7
     16   O      10
     17   H      10
     18   H      10
    324      18       2  -2.54845200E+01  ../Water/train1000_701.xsf
      1   O      14
      2   H      17
      3   H      13
      4   O      14
      5   H      11
      6   H      11
      7   O      10
      8   H      10
      9   H       9
     10   O      16
     11   H      14
     12   H      17
     13   O       9
     14   H      10
     15   H      10
     16   O      12
     17   H      13
     18   H      14
    325      18       2  -2.54840240E+01  ../Water/train1000_702.xsf
      1   O      12
      2   H      13
      3   H       9
      4   O      12
      5   H       7
      6   H      10
      7   O       9
      8   H      11
      9   H      10
     10   O      13
     11   H       6
     12   H      11
     13   O       7
     14   H       8
     15   H       3
     16   O       8
     17   H      14
     18   H       7
    326      18       2  -2.54841243E+01  ../Water/train1000_703.xsf
      1   O      16
      2   H      15
      3   H      10
      4   O      11
      5   H       8
      6   H      11
      7   O      10
      8   H       7
      9   H      12
     10   O      13
     11   H      13
     12   H      11
     13   O       8
     14   H       8
     15   H       5
     16   O      12
     17   H       8
     18   H      14
    327      18       2  -2.54838524E+01  ../Water/train1000_704.xsf
      1   O      11
      2   H      13
      3   H       7
      4   O      11
      5   H       7
      6   H      10
      7   O      10
      8   H       5
      9   H      11
     10   O      12
     11   H      13
     12   H       6
     13   O       7
     14   H       3
     15   H       6
     16   O      10
     17   H      11
     18   H      13
    328      18       2  -2.54836444E+01  ../Water/train1000_705.xsf
      1   O      15
      2   H       9
      3   H       9
      4   O      11
      5   H      12
      6   H      14
      7   O       9
      8   H       6
      9   H      10
     10   O      11
     11   H      10
     12   H      12
     13   O       7
     14   H       7
     15   H       7
     16   O      11
     17   H       8
     18   H      14
    329      18       2  -2.54843427E+01  ../Water/train1000_706.xsf
      1   O      12
      2   H       8
      3   H       6
      4   O      12
      5   H      10
      6   H      14
      7   O       7
      8   H       4
      9   H      10
     10   O      10
     11   H       7
     12   H      13
     13   O       7
     14   H       5
     15   H       7
     16   O      10
     17   H       9
     18   H      13
    330      18       2  -2.54830793E+01  ../Water/train1000_707.xsf
      1   O      11
      2   H       6
      3   H      12
      4   O       9
      5   H      13
      6   H      12
      7   O       8
      8   H       8
      9   H       4
     10   O      10
     11   H       7
     12   H      14
     13   O       7
     14   H      10
     15   H       6
     16   O       9
     17   H      11
     18   H       9
    331      18       2  -2.54843703E+01  ../Water/train1000_708.xsf
      1   O      13
      2   H       9
      3   H      10
      4   O      11
      5   H       8
      6   H      12
      7   O       6
      8   H       5
      9   H       9
     10   O      11
     11   H       7
     12   H      15
     13   O       8
     14   H       6
     15   H       9
     16   O      10
     17   H      12
     18   H       7
    332      18       2  -2.54848613E+01  ../Water/train1000_709.xsf
      1   O      13
      2   H       9
      3   H      14
      4   O      11
      5   H      10
      6   H      12
      7   O       8
      8   H       6
      9   H       9
     10   O       9
     11   H       5
     12   H      12
     13   O       5
     14   H       5
     15   H       8
     16   O      12
     17   H      13
     18   H       7
    333      18       2  -2.54838856E+01  ../Water/train1000_710.xsf
      1   O      12
      2   H      11
      3   H       9
      4   O      10
      5   H      12
      6   H       6
      7   O       7
      8   H       4
      9   H       8
     10   O       8
     11   H       8
     12   H       9
     13   O       6
     14   H       3
     15   H       3
     16   O       9
     17   H       9
     18   H      14
    334      18       2  -2.54840401E+01  ../Water/train1000_711.xsf
      1   O      13
      2   H      15
      3   H       7
      4   O       8
      5   H       7
      6   H       8
      7   O       7
      8   H       5
      9   H       8
     10   O       8
     11   H       8
     12   H      10
     13   O       6
     14   H       3
     15   H       6
     16   O      10
     17   H      10
     18   H      13
    335      18       2  -2.54830567E+01  ../Water/train1000_712.xsf
      1   O      13
      2   H      14
      3   H       9
      4   O       8
      5   H      10
      6   H       7
      7   O       8
      8   H       9
      9   H       6
     10   O      10
     11   H      11
     12   H       5
     13   O       8
     14   H       9
     15   H       9
     16   O      11
     17   H      10
     18   H      11
    336      18       2  -2.54832785E+01  ../Water/train1000_713.xsf
      1   O      15
      2   H      11
      3   H      13
      4   O       9
      5   H      10
      6   H       8
      7   O       7
      8   H       8
      9   H       5
     10   O       6
     11   H      11
     12   H       6
     13   O       3
     14   H       5
     15   H       3
     16   O      10
     17   H      11
     18   H       7
    337      18       2  -2.54834890E+01  ../Water/train1000_714.xsf
      1   O      14
      2   H      11
      3   H      15
      4   O      11
      5   H      12
      6   H       9
      7   O       8
      8   H       8
      9   H       7
     10   O       6
     11   H       3
     12   H       8
     13   O       5
     14   H       5
     15   H       5
     16   O       9
     17   H       9
     18   H       7
    338      18       2  -2.54831668E+01  ../Water/train1000_715.xsf
      1   O      11
      2   H      12
      3   H      12
      4   O       9
      5   H       9
      6   H       8
      7   O       5
      8   H       3
      9   H       8
     10   O       6
     11   H       6
     12   H       5
     13   O       4
     14   H       5
     15   H       4
     16   O      10
     17   H       8
     18   H       9
    339      18       2  -2.54828956E+01  ../Water/train1000_716.xsf
      1   O       9
      2   H       9
      3   H      12
      4   O      10
      5   H      11
      6   H       9
      7   O       8
      8   H       5
      9   H       8
     10   O       4
     11   H       4
     12   H       6
     13   O       2
     14   H       5
     15   H       2
     16   O      10
     17   H       5
     18   H       7
    340      18       2  -2.54844232E+01  ../Water/train1000_717.xsf
      1   O      14
      2   H       7
      3   H      13
      4   O      10
      5   H       8
      6   H      13
      7   O       6
      8   H       4
      9   H       9
     10   O       7
     11   H      11
     12   H       9
     13   O       5
     14   H       3
     15   H       5
     16   O      11
     17   H      10
     18   H      13
    341      18       2  -2.54840610E+01  ../Water/train1000_718.xsf
      1   O      16
      2   H       7
      3   H      16
      4   O      12
      5   H       8
      6   H      13
      7   O      10
      8   H      10
      9   H      10
     10   O       8
     11   H      10
     12   H       8
     13   O       5
     14   H       4
     15   H       5
     16   O      12
     17   H       9
     18   H      13
    342      18       2  -2.54833884E+01  ../Water/train1000_719.xsf
      1   O      10
      2   H       9
      3   H      10
      4   O      10
      5   H      15
      6   H       9
      7   O       9
      8   H      11
      9   H       6
     10   O      11
     11   H       6
     12   H      11
     13   O       9
     14   H      10
     15   H      11
     16   O      12
     17   H       8
     18   H      17
    343      18       2  -2.54844706E+01  ../Water/train1000_720.xsf
      1   O      10
      2   H      14
      3   H      11
      4   O       6
      5   H       3
      6   H       5
      7   O       9
      8   H       9
      9   H       8
     10   O       8
     11   H      13
     12   H       7
     13   O      12
     14   H       7
     15   H      11
     16   O      11
     17   H       9
     18   H       9
    344      18       2  -2.54840164E+01  ../Water/train1000_721.xsf
      1   O      12
      2   H       9
      3   H      12
      4   O       8
      5   H       8
      6   H      10
      7   O      11
      8   H       9
      9   H       9
     10   O      10
     11   H       6
     12   H      11
     13   O      13
     14   H      11
     15   H      15
     16   O       7
     17   H      11
     18   H       8
    345      18       2  -2.54841902E+01  ../Water/train1000_722.xsf
      1   O      13
      2   H      12
      3   H      16
      4   O      10
      5   H      14
      6   H       8
      7   O      11
      8   H       7
      9   H      11
     10   O       7
     11   H      10
     12   H       7
     13   O      12
     14   H       8
     15   H      12
     16   O      10
     17   H      12
     18   H       8
    346      18       2  -2.54826572E+01  ../Water/train1000_723.xsf
      1   O      15
      2   H      16
      3   H      15
      4   O       8
      5   H       4
      6   H       9
      7   O       9
      8   H       5
      9   H       8
     10   O       9
     11   H       8
     12   H      11
     13   O       8
     14   H      10
     15   H      12
     16   O      12
     17   H      10
     18   H      13
    347      18       2  -2.54838077E+01  ../Water/train1000_724.xsf
      1   O      14
      2   H      12
      3   H      15
      4   O       9
      5   H       7
      6   H      11
      7   O       7
      8   H       6
      9   H       8
     10   O       2
     11   H       5
     12   H       2
     13   O       7
     14   H       5
     15   H       8
     16   O       8
     17   H       9
     18   H      11
    348      18       2  -2.54839720E+01  ../Water/train1000_725.xsf
      1   O      10
      2   H      11
      3   H      11
      4   O      10
      5   H       4
      6   H      11
      7   O       4
      8   H       2
      9   H       7
     10   O       5
     11   H       4
     12   H       6
     13   O       9
     14   H       3
     15   H      10
     16   O      10
     17   H       5
     18   H       8
    349      18       2  -2.54834894E+01  ../Water/train1000_726.xsf
      1   O      14
      2   H      12
      3   H      10
      4   O       8
      5   H       5
      6   H      10
      7   O       7
      8   H       4
      9   H       7
     10   O       7
     11   H       2
     12   H       8
     13   O       8
     14   H       5
     15   H       9
     16   O       6
     17   H       9
     18   H      11
    350      18       2  -2.54841259E+01  ../Water/train1000_727.xsf
      1   O      13
      2   H      10
      3   H      11
      4   O       7
      5   H       5
      6   H       9
      7   O       9
      8   H       6
      9   H      11
     10   O       5
     11   H       8
     12   H       3
     13   O       6
     14   H       6
     15   H       3
     16   O       7
     17   H       5
     18   H       8
    351      18       2  -2.54837513E+01  ../Water/train1000_728.xsf
      1   O      14
      2   H      12
      3   H      14
      4   O       9
      5   H       8
      6   H       9
      7   O       9
      8   H       8
      9   H       9
     10   O       7
     11   H       9
     12   H       7
     13   O       5
     14   H       7
     15   H       4
     16   O       7
     17   H       4
     18   H       8
    352      18       2  -2.54843012E+01  ../Water/train1000_729.xsf
      1   O      14
      2   H      14
      3   H      13
      4   O       8
      5   H       8
      6   H       7
      7   O      10
      8   H      12
      9   H      11
     10   O       9
     11   H       8
     12   H      11
     13   O       8
     14   H       7
     15   H       7
     16   O      10
     17   H       8
     18   H       9
    353      18       2  -2.54846063E+01  ../Water/train1000_730.xsf
      1   O      10
      2   H      11
      3   H      10
      4   O       5
      5   H       5
      6   H       8
      7   O       9
      8   H       8
      9   H       7
     10   O       8
     11   H       6
     12   H       3
     13   O       4
     14   H       6
     15   H       3
     16   O       9
     17   H       5
     18   H       9
    354      18       2  -2.54843798E+01  ../Water/train1000_731.xsf
      1   O      11
      2   H      10
      3   H      11
      4   O       7
      5   H      10
      6   H       5
      7   O      11
      8   H      10
      9   H       5
     10   O       7
     11   H       4
     12   H       8
     13   O       5
     14   H       4
     15   H       8
     16   O      10
     17   H      10
     18   H       8
    355      18       2  -2.54821717E+01  ../Water/train1000_732.xsf
      1   O      13
      2   H      11
      3   H      16
      4   O      10
      5   H      11
      6   H      13
      7   O      12
      8   H       8
      9   H      10
     10   O       6
     11   H       7
     12   H       8
     13   O       8
     14   H       8
     15   H       9
     16   O      11
     17   H      14
     18   H       7
    356      18       2  -2.54834940E+01  ../Water/train1000_733.xsf
      1   O      10
      2   H       6
      3   H       9
      4   O       4
      5   H       7
      6   H       7
      7   O      13
      8   H       7
      9   H      12
     10   O       3
     11   H       2
     12   H       4
     13   O       8
     14   H      11
     15   H       7
     16   O       8
     17   H       8
     18   H      10
    357      18       2  -2.54836938E+01  ../Water/train1000_734.xsf
      1   O       9
      2   H       7
      3   H      11
      4   O      12
      5   H      10
      6   H       8
      7   O      10
      8   H       9
      9   H      11
     10   O       6
     11   H       7
     12   H       7
     13   O       9
     14   H      11
     15   H       5
     16   O      10
     17   H      10
     18   H      14
    358      18       2  -2.54841442E+01  ../Water/train1000_735.xsf
      1   O      12
      2   H      13
      3   H       9
      4   O      11
      5   H      10
      6   H      10
      7   O      12
      8   H      10
      9   H      11
     10   O       5
     11   H       4
     12   H       8
     13   O       4
     14   H       6
     15   H       4
     16   O      10
     17   H       3
     18   H      10
    359      18       2  -2.54835048E+01  ../Water/train1000_736.xsf
      1   O      11
      2   H      15
      3   H      12
      4   O      10
      5   H      11
      6   H       9
      7   O      14
      8   H      12
      9   H      16
     10   O       9
     11   H      10
     12   H       7
     13   O       6
     14   H       6
     15   H      10
     16   O       9
     17   H       4
     18   H       9
    360      18       2  -2.54839530E+01  ../Water/train1000_737.xsf
      1   O      11
      2   H       8
      3   H      12
      4   O       7
      5   H       7
      6   H       6
      7   O       9
      8   H       7
      9   H      11
     10   O      10
     11   H      11
     12   H       8
     13   O      10
     14   H       7
     15   H       9
     16   O       6
     17   H       5
     18   H       8
    361      18       2  -2.54843615E+01  ../Water/train1000_738.xsf
      1   O      15
      2   H      11
      3   H      16
      4   O      10
      5   H       9
      6   H      10
      7   O      10
      8   H       9
      9   H       4
     10   O       6
     11   H       8
     12   H       9
     13   O       6
     14   H       3
     15   H       9
     16   O       8
     17   H      11
     18   H       8
    362      18       2  -2.54834135E+01  ../Water/train1000_739.xsf
      1   O      11
      2   H       8
      3   H      13
      4   O       9
      5   H       8
      6   H       8
      7   O       6
      8   H       6
      9   H       5
     10   O       7
     11   H       8
     12   H       5
     13   O       5
     14   H       5
     15   H       4
     16   O      10
     17   H      11
     18   H       5
    363      18       2  -2.54829470E+01  ../Water/train1000_740.xsf
      1   O      13
      2   H      12
      3   H      12
      4   O       9
      5   H      10
      6   H       8
      7   O       5
      8   H       4
      9   H       5
     10   O       8
     11   H       5
     12   H       7
     13   O       4
     14   H       3
     15   H       5
     16   O       9
     17   H       8
     18   H      11
    364      18       2  -2.54828401E+01  ../Water/train1000_741.xsf
      1   O      14
      2   H      13
      3   H      10
      4   O       9
      5   H       6
      6   H       8
      7   O       7
      8   H       7
      9   H       5
     10   O       6
     11   H       8
     12   H       7
     13   O       4
     14   H       2
     15   H       5
     16   O       9
     17   H       5
     18   H       9
    365      18       2  -2.54840122E+01  ../Water/train1000_742.xsf
      1   O      15
      2   H      10
      3   H      12
      4   O       8
      5   H       8
      6   H       5
      7   O       6
      8   H       6
      9   H      10
     10   O      10
     11   H      11
     12   H       7
     13   O       5
     14   H       6
     15   H       6
     16   O      10
     17   H      12
     18   H       9
    366      18       2  -2.54844800E+01  ../Water/train1000_743.xsf
      1   O      11
      2   H      10
      3   H       5
      4   O      11
      5   H      12
      6   H       8
      7   O       9
      8   H       9
      9   H       9
     10   O       7
     11   H       8
     12   H       7
     13   O       6
     14   H       3
     15   H      12
     16   O      14
     17   H      14
     18   H       9
    367      18       2  -2.54845465E+01  ../Water/train1000_744.xsf
      1   O      13
      2   H      14
      3   H      11
      4   O      10
      5   H       6
      6   H      12
      7   O      10
      8   H       7
      9   H      10
     10   O       8
     11   H       8
     12   H       7
     13   O       9
     14   H       4
     15   H      13
     16   O      14
     17   H      14
     18   H      10
    368      18       2  -2.54840494E+01  ../Water/train1000_745.xsf
      1   O      11
      2   H      14
      3   H      14
      4   O      16
      5   H      16
      6   H      13
      7   O       8
      8   H       8
      9   H      10
     10   O      11
     11   H      12
     12   H      12
     13   O      10
     14   H       8
     15   H      11
     16   O      13
     17   H      10
     18   H       7
    369      18       2  -2.54841982E+01  ../Water/train1000_746.xsf
      1   O      14
      2   H      11
      3   H       7
      4   O       8
      5   H      11
      6   H      11
      7   O       8
      8   H       7
      9   H       4
     10   O      11
     11   H      13
     12   H      11
     13   O       8
     14   H      11
     15   H       4
     16   O       9
     17   H      11
     18   H       7
    370      18       2  -2.54834219E+01  ../Water/train1000_747.xsf
      1   O      12
      2   H      14
      3   H       9
      4   O      11
      5   H      12
      6   H       8
      7   O      14
      8   H      14
      9   H      13
     10   O      12
     11   H      14
     12   H      11
     13   O       6
     14   H      10
     15   H       3
     16   O       9
     17   H       8
     18   H      10
    371      18       2  -2.54843532E+01  ../Water/train1000_748.xsf
      1   O      12
      2   H      14
      3   H      15
      4   O       8
      5   H      13
      6   H       7
      7   O      14
      8   H       7
      9   H       9
     10   O      13
     11   H       8
     12   H      14
     13   O       6
     14   H       6
     15   H       6
     16   O       9
     17   H       9
     18   H      10
    372      18       2  -2.54844864E+01  ../Water/train1000_749.xsf
      1   O      15
      2   H      12
      3   H      16
      4   O      13
      5   H      11
      6   H      11
      7   O      11
      8   H      12
      9   H       9
     10   O      11
     11   H       7
     12   H      12
     13   O       7
     14   H       4
     15   H       7
     16   O       8
     17   H       6
     18   H      10
    373      18       2  -2.54846942E+01  ../Water/train1000_750.xsf
      1   O      14
      2   H      11
      3   H       6
      4   O      10
      5   H      12
      6   H      12
      7   O      13
      8   H       9
      9   H      13
     10   O      10
     11   H      11
     12   H      13
     13   O       8
     14   H       4
     15   H       8
     16   O       9
     17   H       5
     18   H      10
    374      18       2  -2.54839642E+01  ../Water/train1000_751.xsf
      1   O      12
      2   H      12
      3   H       7
      4   O       9
      5   H      11
      6   H       9
      7   O      11
      8   H       8
      9   H      16
     10   O       9
     11   H      10
     12   H      11
     13   O       9
     14   H       7
     15   H       9
     16   O       6
     17   H       7
     18   H       3
    375      18       2  -2.54845496E+01  ../Water/train1000_752.xsf
      1   O      12
      2   H      13
      3   H       9
      4   O      11
      5   H      12
      6   H       8
      7   O      12
      8   H       9
      9   H      15
     10   O       9
     11   H      10
     12   H       5
     13   O      11
     14   H       4
     15   H      10
     16   O       4
     17   H       3
     18   H       7
    376      18       2  -2.54847531E+01  ../Water/train1000_753.xsf
      1   O      12
      2   H      12
      3   H       8
      4   O       9
      5   H      10
      6   H       8
      7   O       9
      8   H       6
      9   H      14
     10   O       6
     11   H       8
     12   H       5
     13   O      10
     14   H       8
     15   H       9
     16   O       5
     17   H       6
     18   H       3
    377      18       2  -2.54835904E+01  ../Water/train1000_754.xsf
      1   O      15
      2   H      15
      3   H      10
      4   O      10
      5   H       5
      6   H      13
      7   O      10
      8   H       9
      9   H       8
     10   O       6
     11   H       8
     12   H       9
     13   O      10
     14   H       9
     15   H      10
     16   O       8
     17   H       5
     18   H       6
    378      18       2  -2.54833104E+01  ../Water/train1000_755.xsf
      1   O      12
      2   H      13
      3   H       8
      4   O      11
      5   H      12
      6   H      10
      7   O       8
      8   H       8
      9   H       7
     10   O       6
     11   H       3
     12   H       8
     13   O      12
     14   H      13
     15   H       6
     16   O       9
     17   H       7
     18   H       9
    379      18       2  -2.54840213E+01  ../Water/train1000_756.xsf
      1   O      14
      2   H      14
      3   H      10
      4   O      12
      5   H      11
      6   H      10
      7   O      12
      8   H      12
      9   H       6
     10   O       7
     11   H       9
     12   H       4
     13   O      11
     14   H      10
     15   H      11
     16   O       7
     17   H       4
     18   H       6
    380      18       2  -2.54839193E+01  ../Water/train1000_757.xsf
      1   O      15
      2   H      16
      3   H      12
      4   O      13
      5   H      13
      6   H      11
      7   O      11
      8   H      11
      9   H       7
     10   O      10
     11   H       7
     12   H      11
     13   O      11
     14   H       8
     15   H       9
     16   O       7
     17   H       8
     18   H       6
    381      18       2  -2.54833739E+01  ../Water/train1000_758.xsf
      1   O      11
      2   H      11
      3   H      12
      4   O       9
      5   H       6
      6   H      11
      7   O       7
      8   H       3
      9   H      10
     10   O       7
     11   H       2
     12   H       8
     13   O       8
     14   H      11
     15   H       9
     16   O       2
     17   H       2
     18   H       5
    382      18       2  -2.54835734E+01  ../Water/train1000_759.xsf
      1   O       9
      2   H       6
      3   H      13
      4   O       9
      5   H       9
      6   H       3
      7   O       7
      8   H       4
      9   H       7
     10   O       6
     11   H      10
     12   H       6
     13   O      11
     14   H      12
     15   H      10
     16   O       2
     17   H       2
     18   H       2
    383      18       2  -2.54828353E+01  ../Water/train1000_760.xsf
      1   O      14
      2   H       9
      3   H      12
      4   O       7
      5   H       9
      6   H       6
      7   O       6
      8   H      11
      9   H       8
     10   O       9
     11   H      11
     12   H       8
     13   O      12
     14   H       8
     15   H      12
     16   O       3
     17   H       2
     18   H       3
    384      18       2  -2.54834801E+01  ../Water/train1000_761.xsf
      1   O      16
      2   H      12
      3   H      12
      4   O       7
      5   H       9
      6   H      14
      7   O       9
      8   H      10
      9   H       8
     10   O      10
     11   H       9
     12   H      12
     13   O      14
     14   H       9
     15   H      14
     16   O       6
     17   H       5
     18   H       6
    385      18       2  -2.54836217E+01  ../Water/train1000_762.xsf
      1   O      13
      2   H      12
      3   H      12
      4   O      11
      5   H       6
      6   H      12
      7   O      10
      8   H      11
      9   H       7
     10   O      11
     11   H       5
     12   H      13
     13   O      12
     14   H      12
     15   H      12
     16   O       4
     17   H       5
     18   H       6
    386      18       2  -2.54837967E+01  ../Water/train1000_763.xsf
      1   O      13
      2   H      11
      3   H       5
      4   O      11
      5   H       7
      6   H      10
      7   O       7
      8   H      10
      9   H       6
     10   O       9
     11   H       6
     12   H      10
     13   O      12
     14   H      11
     15   H      13
     16   O       4
     17   H       5
     18   H       4
    387      18       2  -2.54836730E+01  ../Water/train1000_764.xsf
      1   O      11
      2   H      13
      3   H      11
      4   O      14
      5   H       6
      6   H      10
      7   O      11
      8   H       7
      9   H      12
     10   O      10
     11   H      14
     12   H      11
     13   O      12
     14   H      14
     15   H      10
     16   O       5
     17   H       4
     18   H       5
    388      18       2  -2.54848337E+01  ../Water/train1000_765.xsf
      1   O      11
      2   H      12
      3   H       6
      4   O       7
      5   H       8
      6   H       3
      7   O       8
      8   H       9
      9   H       9
     10   O      11
     11   H      14
     12   H       8
     13   O      11
     14   H      13
     15   H       7
     16   O       9
     17   H       9
     18   H       9
    389      18       2  -2.54833380E+01  ../Water/train1000_766.xsf
      1   O      13
      2   H      13
      3   H      12
      4   O       8
      5   H       5
      6   H       8
      7   O       8
      8   H       3
      9   H       8
     10   O       9
     11   H       8
     12   H       7
     13   O      13
     14   H      13
     15   H      13
     16   O      14
     17   H      13
     18   H      14
    390      18       2  -2.54831560E+01  ../Water/train1000_767.xsf
      1   O      13
      2   H      11
      3   H       9
      4   O       8
      5   H       8
      6   H       5
      7   O       5
      8   H       4
      9   H       6
     10   O       8
     11   H       9
     12   H       6
     13   O       9
     14   H      11
     15   H      10
     16   O      12
     17   H      14
     18   H      12
    391      18       2  -2.54842500E+01  ../Water/train1000_768.xsf
      1   O      11
      2   H       9
      3   H       7
      4   O       6
      5   H       6
      6   H       8
      7   O       5
      8   H       5
      9   H       3
     10   O       8
     11   H       5
     12   H       7
     13   O       7
     14   H       7
     15   H       9
     16   O      13
     17   H      14
     18   H      10
    392      18       2  -2.54830409E+01  ../Water/train1000_769.xsf
      1   O      10
      2   H       7
      3   H      10
      4   O       5
      5   H       6
      6   H       4
      7   O       5
      8   H       3
      9   H       5
     10   O       9
     11   H      11
     12   H       9
     13   O       5
     14   H       4
     15   H      10
     16   O      10
     17   H      12
     18   H      11
    393      18       2  -2.54837764E+01  ../Water/train1000_770.xsf
      1   O      15
      2   H       8
      3   H       9
      4   O       8
      5   H       7
      6   H      10
      7   O       5
      8   H       4
      9   H       8
     10   O      13
     11   H      15
     12   H      11
     13   O       8
     14   H       7
     15   H       6
     16   O       8
     17   H      11
     18   H       7
    394      18       2  -2.54848218E+01  ../Water/train1000_771.xsf
      1   O      11
      2   H      14
      3   H       6
      4   O       8
      5   H       9
      6   H      10
      7   O      10
      8   H       6
      9   H       9
     10   O       9
     11   H       4
     12   H       8
     13   O       6
     14   H       3
     15   H      10
     16   O       9
     17   H       9
     18   H       5
    395      18       2  -2.54837525E+01  ../Water/train1000_772.xsf
      1   O      12
      2   H      11
      3   H      11
      4   O      12
      5   H      11
      6   H       7
      7   O       9
      8   H       5
      9   H      14
     10   O      11
     11   H      12
     12   H      13
     13   O      10
     14   H      14
     15   H       4
     16   O      11
     17   H      15
     18   H       8
    396      18       2  -2.54844830E+01  ../Water/train1000_773.xsf
      1   O      12
      2   H      12
      3   H      10
      4   O      11
      5   H      12
      6   H       8
      7   O      11
      8   H      13
      9   H       6
     10   O      15
     11   H      12
     12   H      16
     13   O       8
     14   H      12
     15   H       9
     16   O      14
     17   H      16
     18   H       7
    397      18       2  -2.54838928E+01  ../Water/train1000_774.xsf
      1   O      11
      2   H      10
      3   H       9
      4   O      10
      5   H      13
      6   H       9
      7   O       6
      8   H      13
      9   H       5
     10   O      11
     11   H       7
     12   H      14
     13   O       8
     14   H       8
     15   H       9
     16   O       9
     17   H      14
     18   H       4
    398      18       2  -2.54841703E+01  ../Water/train1000_775.xsf
      1   O      15
      2   H      11
      3   H      12
      4   O      13
      5   H      11
      6   H      10
      7   O       7
      8   H       6
      9   H       5
     10   O       6
     11   H       2
     12   H      10
     13   O       9
     14   H      13
     15   H       9
     16   O       9
     17   H       7
     18   H      11
    399      18       2  -2.54834738E+01  ../Water/train1000_776.xsf
      1   O      13
      2   H       9
      3   H      17
      4   O       8
      5   H       7
      6   H      11
      7   O       5
      8   H       5
      9   H       8
     10   O       7
     11   H       7
     12   H       4
     13   O      10
     14   H      11
     15   H       7
     16   O       7
     17   H       6
     18   H      10
    400      18       2  -2.54844420E+01  ../Water/train1000_777.xsf
      1   O      13
      2   H      15
      3   H      13
      4   O      10
      5   H      16
      6   H      10
      7   O      10
      8   H      12
      9   H      11
     10   O       9
     11   H       9
     12   H       7
     13   O      10
     14   H      11
     15   H       6
     16   O      11
     17   H      10
     18   H       5
    401      18       2  -2.54834598E+01  ../Water/train1000_778.xsf
      1   O      14
      2   H      10
      3   H      15
      4   O       8
      5   H      13
      6   H       5
      7   O      11
      8   H      13
      9   H      12
     10   O      11
     11   H       9
     12   H       9
     13   O      10
     14   H      13
     15   H       7
     16   O       9
     17   H      13
     18   H       6
    402      18       2  -2.54847262E+01  ../Water/train1000_779.xsf
      1   O      12
      2   H       9
      3   H      14
      4   O      11
      5   H       9
      6   H      10
      7   O       7
      8   H      10
      9   H       5
     10   O       4
     11   H       9
     12   H       3
     13   O      10
     14   H       4
     15   H       9
     16   O       7
     17   H       8
     18   H       3
    403      18       2  -2.54838981E+01  ../Water/train1000_780.xsf
      1   O      16
      2   H      14
      3   H      10
      4   O       9
      5   H       8
      6   H       4
      7   O      10
      8   H      12
      9   H      11
     10   O       6
     11   H       5
     12   H       9
     13   O      10
     14   H       6
     15   H      10
     16   O       5
     17   H       4
     18   H       5
    404      18       2  -2.54837856E+01  ../Water/train1000_781.xsf
      1   O      14
      2   H      14
      3   H      11
      4   O      10
      5   H       9
      6   H      11
      7   O      10
      8   H      14
      9   H       7
     10   O       4
     11   H       4
     12   H       3
     13   O      11
     14   H      11
     15   H      11
     16   O       7
     17   H       8
     18   H       5
    405      18       2  -2.54835951E+01  ../Water/train1000_782.xsf
      1   O      13
      2   H      12
      3   H       9
      4   O      10
      5   H       9
      6   H      10
      7   O      13
      8   H      16
      9   H       9
     10   O       6
     11   H       5
     12   H       6
     13   O      12
     14   H       7
     15   H      13
     16   O       8
     17   H       9
     18   H       7
    406      18       2  -2.54843442E+01  ../Water/train1000_783.xsf
      1   O      12
      2   H      10
      3   H      15
      4   O       9
      5   H       9
      6   H       7
      7   O      16
      8   H       8
      9   H      17
     10   O       9
     11   H      11
     12   H      10
     13   O       9
     14   H      10
     15   H       9
     16   O      12
     17   H      11
     18   H       8
    407      18       2  -2.54841147E+01  ../Water/train1000_784.xsf
      1   O      15
      2   H      15
      3   H       9
      4   O       9
      5   H      10
      6   H       7
      7   O       9
      8   H       3
      9   H      14
     10   O       7
     11   H       9
     12   H       6
     13   O       8
     14   H      13
     15   H      11
     16   O      11
     17   H       9
     18   H      11
    408      18       2  -2.54837578E+01  ../Water/train1000_785.xsf
      1   O      12
      2   H      12
      3   H      11
      4   O       7
      5   H       8
      6   H       7
      7   O       5
      8   H       8
      9   H       5
     10   O       6
     11   H       5
     12   H       5
     13   O       7
     14   H      14
     15   H       8
     16   O      10
     17   H       8
     18   H      12
    409      18       2  -2.54846182E+01  ../Water/train1000_786.xsf
      1   O      15
      2   H      15
      3   H       7
      4   O       6
      5   H       9
      6   H       4
      7   O       9
      8   H       9
      9   H       9
     10   O       7
     11   H       9
     12   H       4
     13   O      13
     14   H      10
     15   H      12
     16   O      12
     17   H      12
     18   H       8
    410      18       2  -2.54839497E+01  ../Water/train1000_787.xsf
      1   O      14
      2   H      14
      3   H      11
      4   O       7
      5   H       8
      6   H       6
      7   O       9
      8   H      10
      9   H      11
     10   O       4
     11   H       7
     12   H       4
     13   O      10
     14   H       9
     15   H      12
     16   O       8
     17   H       7
     18   H       7
    411      18       2  -2.54839973E+01  ../Water/train1000_788.xsf
      1   O      14
      2   H      16
      3   H      12
      4   O       8
      5   H       9
      6   H       4
      7   O       6
      8   H       6
      9   H       5
     10   O       4
     11   H       5
     12   H       8
     13   O      11
     14   H       9
     15   H      10
     16   O       6
     17   H       9
     18   H       4
    412      18       2  -2.54849441E+01  ../Water/train1000_789.xsf
      1   O      15
      2   H      16
      3   H      12
      4   O       8
      5   H      10
      6   H       6
      7   O       7
      8   H       6
      9   H       7
     10   O       9
     11   H       4
     12   H      10
     13   O      11
     14   H      11
     15   H      11
     16   O      10
     17   H       9
     18   H       6
    413      18       2  -2.54849655E+01  ../Water/train1000_790.xsf
      1   O      12
      2   H      14
      3   H      12
      4   O      10
      5   H       7
      6   H      11
      7   O       6
      8   H       6
      9   H       3
     10   O      10
     11   H       3
     12   H       9
     13   O       9
     14   H      12
     15   H       6
     16   O       7
     17   H       7
     18   H      10
    414      18       2  -2.54840576E+01  ../Water/train1000_791.xsf
      1   O      12
      2   H      13
      3   H      12
      4   O      10
      5   H       9
      6   H      13
      7   O       7
      8   H       7
      9   H       3
     10   O      10
     11   H       9
     12   H      10
     13   O       9
     14   H       4
     15   H      12
     16   O       9
     17   H       8
     18   H       5
    415      18       2  -2.54839460E+01  ../Water/train1000_792.xsf
      1   O      13
      2   H      15
      3   H      13
      4   O      11
      5   H       4
      6   H      13
      7   O       8
      8   H       6
      9   H       4
     10   O       9
     11   H      11
     12   H       9
     13   O      11
     14   H      10
     15   H       6
     16   O       6
     17   H       7
     18   H       8
    416      18       2  -2.54837008E+01  ../Water/train1000_793.xsf
      1   O      14
      2   H      16
      3   H      12
      4   O       8
      5   H      12
      6   H       9
      7   O       8
      8   H       6
      9   H       9
     10   O       9
     11   H       5
     12   H       9
     13   O      13
     14   H      11
     15   H       8
     16   O       8
     17   H       5
     18   H      10
    417      18       2  -2.54846336E+01  ../Water/train1000_794.xsf
      1   O      16
      2   H      16
      3   H      12
      4   O      13
      5   H      12
      6   H      15
      7   O       8
      8   H       7
      9   H      10
     10   O      10
     11   H       8
     12   H      11
     13   O      12
     14   H      11
     15   H      10
     16   O      12
     17   H      10
     18   H      13
    418      18       2  -2.54841190E+01  ../Water/train1000_795.xsf
      1   O      11
      2   H       7
      3   H      13
      4   O       7
      5   H       9
      6   H       6
      7   O       5
      8   H       5
      9   H       5
     10   O      12
     11   H      13
     12   H       7
     13   O       9
     14   H       8
     15   H      10
     16   O      11
     17   H      13
     18   H       7
    419      18       2  -2.54839775E+01  ../Water/train1000_796.xsf
      1   O      14
      2   H      13
      3   H      14
      4   O      10
      5   H      11
      6   H       6
      7   O       5
      8   H       6
      9   H       3
     10   O      11
     11   H       8
     12   H      14
     13   O       9
     14   H       5
     15   H      10
     16   O      13
     17   H      11
     18   H      13
    420      18       2  -2.54837352E+01  ../Water/train1000_797.xsf
      1   O      15
      2   H      12
      3   H      14
      4   O       9
      5   H      13
      6   H       5
      7   O       6
      8   H       5
      9   H      10
     10   O      10
     11   H       8
     12   H       9
     13   O       8
     14   H       6
     15   H      12
     16   O      10
     17   H       8
     18   H      12
    421      18       2  -2.54841056E+01  ../Water/train1000_798.xsf
      1   O      15
      2   H       9
      3   H      14
      4   O      11
      5   H      10
      6   H       5
      7   O       9
      8   H      10
      9   H       5
     10   O      11
     11   H      13
     12   H       9
     13   O       9
     14   H      10
     15   H      10
     16   O      15
     17   H       6
     18   H      13
    422      18       2  -2.54841809E+01  ../Water/train1000_799.xsf
      1   O      11
      2   H      10
      3   H       8
      4   O      10
      5   H      13
      6   H       8
      7   O       9
      8   H       9
      9   H       3
     10   O       9
     11   H       6
     12   H      12
     13   O       9
     14   H       8
     15   H       9
     16   O      12
     17   H      12
     18   H      12
    423      18       2  -2.54835383E+01  ../Water/train1000_800.xsf
      1   O      13
      2   H       9
      3   H      13
      4   O      13
      5   H      11
      6   H      14
      7   O      10
      8   H       7
      9   H       6
     10   O       8
     11   H      12
     12   H       6
     13   O       9
     14   H      12
     15   H      11
     16   O       9
     17   H      12
     18   H       7
    424      18       2  -2.54842953E+01  ../Water/train1000_801.xsf
      1   O      10
      2   H      11
      3   H      13
      4   O      12
      5   H      14
      6   H       5
      7   O       8
      8   H       9
      9   H       4
     10   O       7
     11   H       8
     12   H       6
     13   O      13
     14   H      13
     15   H       9
     16   O      11
     17   H      14
     18   H      11
    425      18       2  -2.54838534E+01  ../Water/train1000_802.xsf
      1   O      12
      2   H      13
      3   H      12
      4   O      10
      5   H      11
      6   H      13
      7   O       7
      8   H       5
      9   H       6
     10   O       9
     11   H       8
     12   H       6
     13   O       9
     14   H      10
     15   H       8
     16   O      13
     17   H      10
     18   H      14
    426      18       2  -2.54844200E+01  ../Water/train1000_803.xsf
      1   O      15
      2   H      16
      3   H       9
      4   O      10
      5   H      11
      6   H      11
      7   O       3
      8   H       4
      9   H       6
     10   O      11
     11   H       9
     12   H      11
     13   O      10
     14   H       9
     15   H      10
     16   O       9
     17   H      11
     18   H       7
    427      18       2  -2.54844272E+01  ../Water/train1000_804.xsf
      1   O      15
      2   H      13
      3   H      14
      4   O       9
      5   H       8
      6   H      13
      7   O       6
      8   H       8
      9   H       8
     10   O      11
     11   H       5
     12   H      12
     13   O      14
     14   H      13
     15   H      10
     16   O      12
     17   H      12
     18   H      13
    428      18       2  -2.54841982E+01  ../Water/train1000_805.xsf
      1   O      11
      2   H      11
      3   H      10
      4   O       9
      5   H       6
      6   H       7
      7   O       9
      8   H      13
      9   H      11
     10   O      14
     11   H       8
     12   H      15
     13   O       9
     14   H       9
     15   H      10
     16   O      13
     17   H      10
     18   H      17
    429      18       2  -2.54833281E+01  ../Water/train1000_806.xsf
      1   O      10
      2   H      12
      3   H      10
      4   O       8
      5   H       7
      6   H       8
      7   O      14
      8   H      14
      9   H      14
     10   O      17
     11   H      12
     12   H      17
     13   O      11
     14   H      13
     15   H      12
     16   O      16
     17   H      13
     18   H      16
    430      18       2  -2.54848463E+01  ../Water/train1000_807.xsf
      1   O      17
      2   H      16
      3   H      10
      4   O      11
      5   H      11
      6   H      11
      7   O      12
      8   H      13
      9   H       6
     10   O      12
     11   H      10
     12   H      12
     13   O      15
     14   H      13
     15   H      13
     16   O      10
     17   H       9
     18   H      11
    431      18       2  -2.54839001E+01  ../Water/train1000_808.xsf
      1   O      11
      2   H      14
      3   H       5
      4   O       6
      5   H       3
      6   H      10
      7   O      10
      8   H       9
      9   H      12
     10   O      10
     11   H       6
     12   H       9
     13   O      13
     14   H      10
     15   H      14
     16   O       9
     17   H      12
     18   H       5
    432      18       2  -2.54832541E+01  ../Water/train1000_809.xsf
      1   O      12
      2   H      12
      3   H       7
      4   O       5
      5   H       5
      6   H       5
      7   O      10
      8   H       6
      9   H      10
     10   O       8
     11   H      10
     12   H       9
     13   O      10
     14   H       3
     15   H      13
     16   O       9
     17   H       9
     18   H       7
    433      18       2  -2.54847137E+01  ../Water/train1000_810.xsf
      1   O      16
      2   H      14
      3   H      10
      4   O       7
      5   H       8
      6   H       4
      7   O       9
      8   H       9
      9   H       8
     10   O       6
     11   H       6
     12   H       9
     13   O       9
     14   H       5
     15   H      12
     16   O       9
     17   H      11
     18   H       8
    434      18       2  -2.54846300E+01  ../Water/train1000_811.xsf
      1   O      14
      2   H      15
      3   H      12
      4   O       8
      5   H       8
      6   H       4
      7   O       9
      8   H       5
      9   H      10
     10   O       7
     11   H       5
     12   H       9
     13   O      10
     14   H      11
     15   H      12
     16   O      11
     17   H      10
     18   H       8
    435      18       2  -2.54844167E+01  ../Water/train1000_812.xsf
      1   O      11
      2   H      14
      3   H      10
      4   O      12
      5   H      12
      6   H      10
      7   O      13
      8   H       8
      9   H      15
     10   O       8
     11   H       7
     12   H      11
     13   O      10
     14   H      12
     15   H      12
     16   O       9
     17   H      12
     18   H       6
    436      18       2  -2.54836961E+01  ../Water/train1000_813.xsf
      1   O      10
      2   H      15
      3   H       9
      4   O      11
      5   H      13
      6   H       7
      7   O       8
      8   H      10
      9   H       8
     10   O       8
     11   H       9
     12   H       4
     13   O      13
     14   H      10
     15   H      14
     16   O       9
     17   H       9
     18   H       7
    437      18       2  -2.54846521E+01  ../Water/train1000_814.xsf
      1   O      12
      2   H      15
      3   H       9
      4   O      14
      5   H      13
      6   H       8
      7   O      11
      8   H       7
      9   H      13
     10   O       8
     11   H       7
     12   H       9
     13   O      11
     14   H      13
     15   H      10
     16   O      10
     17   H       9
     18   H      11
    438      18       2  -2.54840277E+01  ../Water/train1000_815.xsf
      1   O      15
      2   H      16
      3   H      10
      4   O      10
      5   H      12
      6   H       6
      7   O      12
      8   H      11
      9   H      15
     10   O       7
     11   H       7
     12   H       7
     13   O      11
     14   H      12
     15   H       6
     16   O      10
     17   H      12
     18   H       7
    439      18       2  -2.54847208E+01  ../Water/train1000_816.xsf
      1   O      15
      2   H      16
      3   H      13
      4   O      10
      5   H      12
      6   H       5
      7   O      10
      8   H      10
      9   H       9
     10   O       5
     11   H       4
     12   H       6
     13   O      11
     14   H      11
     15   H       4
     16   O       9
     17   H      10
     18   H       8
    440      18       2  -2.54836357E+01  ../Water/train1000_817.xsf
      1   O      15
      2   H       8
      3   H      15
      4   O      10
      5   H       9
      6   H       9
      7   O      10
      8   H      11
      9   H      15
     10   O       5
     11   H       6
     12   H       4
     13   O      10
     14   H       9
     15   H      10
     16   O       9
     17   H       6
     18   H      13
    441      18       2  -2.54834352E+01  ../Water/train1000_818.xsf
      1   O      12
      2   H       7
      3   H      14
      4   O       6
      5   H       9
      6   H       6
      7   O      12
      8   H      10
      9   H      12
     10   O       5
     11   H       5
     12   H       5
     13   O       7
     14   H       5
     15   H      10
     16   O       7
     17   H       3
     18   H       7
    442      18       2  -2.54831778E+01  ../Water/train1000_819.xsf
      1   O       9
      2   H      13
      3   H       8
      4   O       6
      5   H       5
      6   H       5
      7   O      13
      8   H      15
      9   H       8
     10   O       5
     11   H       7
     12   H       5
     13   O      10
     14   H       5
     15   H      11
     16   O       8
     17   H       7
     18   H       6
    443      18       2  -2.54837834E+01  ../Water/train1000_820.xsf
      1   O      16
      2   H      10
      3   H      14
      4   O      11
      5   H       8
      6   H      15
      7   O      11
      8   H      11
      9   H      12
     10   O       8
     11   H       8
     12   H      11
     13   O       8
     14   H       4
     15   H      12
     16   O       8
     17   H       9
     18   H      10
    444      18       2  -2.54846154E+01  ../Water/train1000_821.xsf
      1   O      11
      2   H       8
      3   H      15
      4   O       8
      5   H       3
      6   H      10
      7   O      11
      8   H      13
      9   H      12
     10   O       8
     11   H       9
     12   H       7
     13   O      11
     14   H      12
     15   H      11
     16   O      10
     17   H       6
     18   H      11
    445      18       2  -2.54853938E+01  ../Water/train1000_822.xsf
      1   O      10
      2   H       5
      3   H      11
      4   O       8
      5   H      14
      6   H       8
      7   O       8
      8   H       9
      9   H       9
     10   O       8
     11   H       3
     12   H       7
     13   O      12
     14   H      10
     15   H      13
     16   O      11
     17   H       6
     18   H      10
    446      18       2  -2.54843436E+01  ../Water/train1000_823.xsf
      1   O      12
      2   H       9
      3   H      15
      4   O      13
      5   H      12
      6   H      15
      7   O      10
      8   H      11
      9   H      10
     10   O       8
     11   H       6
     12   H      11
     13   O      12
     14   H      12
     15   H       5
     16   O      11
     17   H       8
     18   H      10
    447      18       2  -2.54837854E+01  ../Water/train1000_824.xsf
      1   O      15
      2   H      10
      3   H      14
      4   O       9
      5   H      12
      6   H       5
      7   O      13
      8   H      12
      9   H      11
     10   O       7
     11   H       9
     12   H       5
     13   O      10
     14   H      11
     15   H      11
     16   O       9
     17   H       6
     18   H      11
    448      18       2  -2.54845189E+01  ../Water/train1000_825.xsf
      1   O      12
      2   H      14
      3   H       7
      4   O       8
      5   H       8
      6   H       9
      7   O       9
      8   H      10
      9   H       6
     10   O       9
     11   H      10
     12   H       6
     13   O       9
     14   H       6
     15   H       8
     16   O       6
     17   H       4
     18   H       9
    449      18       2  -2.54834986E+01  ../Water/train1000_826.xsf
      1   O      13
      2   H      16
      3   H      10
      4   O       8
      5   H      12
      6   H       9
      7   O       8
      8   H       8
      9   H       9
     10   O      13
     11   H       8
     12   H       7
     13   O       9
     14   H      10
     15   H       8
     16   O       9
     17   H      11
     18   H       6
    450      18       2  -2.54836526E+01  ../Water/train1000_827.xsf
      1   O      12
      2   H      14
      3   H       8
      4   O      10
      5   H      12
      6   H      12
      7   O      10
      8   H      10
      9   H      10
     10   O      14
     11   H       6
     12   H      11
     13   O       6
     14   H       8
     15   H       8
     16   O       6
     17   H      10
     18   H       3
    451      18       2  -2.54831439E+01  ../Water/train1000_828.xsf
      1   O      12
      2   H      15
      3   H      10
      4   O       8
      5   H       8
      6   H       5
      7   O       7
      8   H       3
      9   H       8
     10   O      12
     11   H       6
     12   H      14
     13   O      10
     14   H       8
     15   H      11
     16   O       9
     17   H      10
     18   H      12
    452      18       2  -2.54846243E+01  ../Water/train1000_829.xsf
      1   O      13
      2   H      13
      3   H       7
      4   O       9
      5   H       9
      6   H       9
      7   O      10
      8   H       4
      9   H      13
     10   O      12
     11   H      11
     12   H      14
     13   O       8
     14   H      11
     15   H       8
     16   O      10
     17   H       9
     18   H       8
    453      18       2  -2.54834804E+01  ../Water/train1000_830.xsf
      1   O      13
      2   H      14
      3   H      10
      4   O      10
      5   H      12
      6   H       8
      7   O      12
      8   H      13
      9   H       8
     10   O      12
     11   H      13
     12   H       9
     13   O       5
     14   H       5
     15   H       7
     16   O      12
     17   H      14
     18   H       9
    454      18       2  -2.54847210E+01  ../Water/train1000_831.xsf
      1   O      13
      2   H      12
      3   H       8
      4   O       9
      5   H       4
      6   H       9
      7   O      10
      8   H      11
      9   H      10
     10   O       9
     11   H      11
     12   H       4
     13   O       4
     14   H       5
     15   H       4
     16   O      10
     17   H      11
     18   H       8
    455      18       2  -2.54841001E+01  ../Water/train1000_832.xsf
      1   O      13
      2   H      13
      3   H       8
      4   O      10
      5   H      10
      6   H      12
      7   O       9
      8   H      11
      9   H      11
     10   O      10
     11   H      11
     12   H       5
     13   O       3
     14   H       2
     15   H       5
     16   O       9
     17   H      11
     18   H       7
    456      18       2  -2.54842676E+01  ../Water/train1000_833.xsf
      1   O      16
      2   H      15
      3   H       7
      4   O      10
      5   H      13
      6   H       7
      7   O      11
      8   H      11
      9   H      14
     10   O       9
     11   H      10
     12   H       7
     13   O       6
     14   H       7
     15   H       5
     16   O      10
     17   H      11
     18   H       9
    457      18       2  -2.54844773E+01  ../Water/train1000_834.xsf
      1   O      13
      2   H      10
      3   H      16
      4   O       9
      5   H       9
      6   H       8
      7   O       8
      8   H      13
      9   H       7
     10   O      13
     11   H      12
     12   H       6
     13   O       8
     14   H      10
     15   H       5
     16   O      11
     17   H      11
     18   H       9
    458      18       2  -2.54837211E+01  ../Water/train1000_835.xsf
      1   O      12
      2   H      15
      3   H       8
      4   O       9
      5   H      11
      6   H       8
      7   O      10
      8   H       7
      9   H      12
     10   O      15
     11   H      16
     12   H      11
     13   O      11
     14   H      12
     15   H       6
     16   O      14
     17   H      11
     18   H      12
    459      18       2  -2.54845068E+01  ../Water/train1000_836.xsf
      1   O      14
      2   H      12
      3   H       8
      4   O       8
      5   H       9
      6   H       8
      7   O       7
      8   H       8
      9   H      11
     10   O      11
     11   H       8
     12   H      13
     13   O      13
     14   H      14
     15   H       6
     16   O      10
     17   H       9
     18   H      13
    460      18       2  -2.54843403E+01  ../Water/train1000_837.xsf
      1   O      15
      2   H      16
      3   H      11
      4   O       7
      5   H       8
      6   H       9
      7   O      11
      8   H       9
      9   H      13
     10   O       9
     11   H       8
     12   H      15
     13   O      10
     14   H      11
     15   H      12
     16   O      13
     17   H      13
     18   H      12
    461      18       2  -2.54831011E+01  ../Water/train1000_838.xsf
      1   O      13
      2   H      14
      3   H       8
      4   O       5
      5   H       3
      6   H       6
      7   O      12
      8   H      10
      9   H      13
     10   O       8
     11   H       8
     12   H      10
     13   O       9
     14   H       4
     15   H      13
     16   O       9
     17   H       7
     18   H      10
    462      18       2  -2.54840401E+01  ../Water/train1000_839.xsf
      1   O      15
      2   H      14
      3   H       9
      4   O       5
      5   H       8
      6   H       3
      7   O      10
      8   H       7
      9   H      13
     10   O      10
     11   H       9
     12   H      10
     13   O      11
     14   H      10
     15   H       7
     16   O       7
     17   H       8
     18   H      10
    463      18       2  -2.54832317E+01  ../Water/train1000_840.xsf
      1   O      10
      2   H       8
      3   H       9
      4   O       8
      5   H       5
      6   H      11
      7   O      10
      8   H      10
      9   H      11
     10   O       5
     11   H       5
     12   H       5
     13   O      16
     14   H      16
     15   H      17
     16   O      10
     17   H       9
     18   H       9
    464      18       2  -2.54832638E+01  ../Water/train1000_841.xsf
      1   O      11
      2   H      14
      3   H      11
      4   O       7
      5   H       6
      6   H       6
      7   O      10
      8   H      12
      9   H       7
     10   O       6
     11   H       3
     12   H       8
     13   O      13
     14   H      15
     15   H       8
     16   O       7
     17   H       8
     18   H       8
    465      18       2  -2.54847673E+01  ../Water/train1000_842.xsf
      1   O      13
      2   H      12
      3   H      12
      4   O       9
      5   H      10
      6   H       5
      7   O       8
      8   H       6
      9   H      11
     10   O      10
     11   H       5
     12   H      11
     13   O      14
     14   H      14
     15   H      13
     16   O       8
     17   H       7
     18   H      10
    466      18       2  -2.54837923E+01  ../Water/train1000_843.xsf
      1   O      12
      2   H      16
      3   H       9
      4   O      10
      5   H      10
      6   H       7
      7   O       8
      8   H       3
      9   H       8
     10   O       9
     11   H       5
     12   H      10
     13   O      13
     14   H      12
     15   H      12
     16   O      10
     17   H      11
     18   H       7
    467      18       2  -2.54838964E+01  ../Water/train1000_844.xsf
      1   O      14
      2   H      11
      3   H      15
      4   O       7
      5   H       7
      6   H       5
      7   O       8
      8   H       8
      9   H       6
     10   O       6
     11   H       2
     12   H       8
     13   O       9
     14   H      10
     15   H       6
     16   O       8
     17   H       8
     18   H       6
    468      18       2  -2.54839978E+01  ../Water/train1000_845.xsf
      1   O      15
      2   H      12
      3   H      15
      4   O       8
      5   H       7
      6   H       8
      7   O       8
      8   H       7
      9   H       5
     10   O       6
     11   H       8
     12   H       6
     13   O      11
     14   H       9
     15   H       6
     16   O       7
     17   H       7
     18   H       3
    469      18       2  -2.54841520E+01  ../Water/train1000_846.xsf
      1   O      14
      2   H      13
      3   H      14
      4   O       7
      5   H       3
      6   H       9
      7   O       5
      8   H       2
      9   H       7
     10   O       8
     11   H       9
     12   H       9
     13   O      10
     14   H      11
     15   H      11
     16   O       8
     17   H       7
     18   H       3
    470      18       2  -2.54840190E+01  ../Water/train1000_847.xsf
      1   O      16
      2   H      15
      3   H      15
      4   O       7
      5   H       8
      6   H       6
      7   O       8
      8   H       7
      9   H       8
     10   O      10
     11   H       5
     12   H      11
     13   O      10
     14   H       4
     15   H      10
     16   O      10
     17   H       7
     18   H       9
    471      18       2  -2.54838320E+01  ../Water/train1000_848.xsf
      1   O      15
      2   H      13
      3   H      16
      4   O       8
      5   H       8
      6   H       7
      7   O       6
      8   H       8
      9   H       5
     10   O       9
     11   H       4
     12   H      10
     13   O      11
     14   H       9
     15   H       9
     16   O       9
     17   H       4
     18   H       9
    472      18       2  -2.54833867E+01  ../Water/train1000_849.xsf
      1   O      12
      2   H       8
      3   H      14
      4   O       7
      5   H       8
      6   H       8
      7   O       5
      8   H       4
      9   H       5
     10   O       7
     11   H       7
     12   H       8
     13   O      13
     14   H       8
     15   H      14
     16   O       9
     17   H       9
     18   H       8
    473      18       2  -2.54837912E+01  ../Water/train1000_850.xsf
      1   O      14
      2   H       8
      3   H      14
      4   O       7
      5   H       6
      6   H       9
      7   O       5
      8   H       5
      9   H       5
     10   O       7
     11   H       8
     12   H       8
     13   O      13
     14   H      10
     15   H      14
     16   O      11
     17   H      11
     18   H       9
    474      18       2  -2.54845067E+01  ../Water/train1000_851.xsf
      1   O      14
      2   H      13
      3   H      15
      4   O       8
      5   H      10
      6   H       9
      7   O       5
      8   H       4
      9   H       3
     10   O      10
     11   H      11
     12   H       8
     13   O      13
     14   H       8
     15   H      14
     16   O      11
     17   H      14
     18   H      10
    475      18       2  -2.54838017E+01  ../Water/train1000_852.xsf
      1   O      13
      2   H      10
      3   H      13
      4   O      10
      5   H      11
      6   H      10
      7   O       4
      8   H       4
      9   H       4
     10   O       5
     11   H       5
     12   H       9
     13   O      11
     14   H       7
     15   H      12
     16   O      10
     17   H      10
     18   H       8
    476      18       2  -2.54834629E+01  ../Water/train1000_853.xsf
      1   O      13
      2   H       9
      3   H      14
      4   O       9
      5   H      10
      6   H       9
      7   O       2
      8   H       2
      9   H       3
     10   O       9
     11   H       5
     12   H      10
     13   O      13
     14   H       9
     15   H      13
     16   O      13
     17   H      11
     18   H       8
    477      18       2  -2.54834298E+01  ../Water/train1000_854.xsf
      1   O      13
      2   H      10
      3   H       9
      4   O       9
      5   H      11
      6   H       7
      7   O       3
      8   H       3
      9   H       4
     10   O       9
     11   H       9
     12   H       9
     13   O      12
     14   H       7
     15   H      14
     16   O      12
     17   H      13
     18   H       8
    478      18       2  -2.54841836E+01  ../Water/train1000_855.xsf
      1   O      13
      2   H      15
      3   H       9
      4   O       6
      5   H      11
      6   H       6
      7   O       5
      8   H       3
      9   H       4
     10   O       8
     11   H       6
     12   H       9
     13   O       8
     14   H      11
     15   H       9
     16   O      12
     17   H       8
     18   H      13
    479      18       2  -2.54840729E+01  ../Water/train1000_856.xsf
      1   O      16
      2   H      17
      3   H      10
      4   O       9
      5   H      10
      6   H      11
      7   O       6
      8   H       5
      9   H       5
     10   O       9
     11   H       6
     12   H      10
     13   O       7
     14   H       7
     15   H       9
     16   O      13
     17   H      13
     18   H       9
    480      18       2  -2.54842969E+01  ../Water/train1000_857.xsf
      1   O      15
      2   H      14
      3   H      10
      4   O       9
      5   H      11
      6   H       6
      7   O       5
      8   H       3
      9   H       6
     10   O       9
     11   H      10
     12   H       7
     13   O       8
     14   H       9
     15   H      10
     16   O      12
     17   H       8
     18   H      12
    481      18       2  -2.54835432E+01  ../Water/train1000_858.xsf
      1   O      16
      2   H      14
      3   H      10
      4   O       9
      5   H       8
      6   H      10
      7   O       4
      8   H       8
      9   H       3
     10   O      10
     11   H       9
     12   H      11
     13   O       8
     14   H       5
     15   H      10
     16   O      12
     17   H      14
     18   H       9
    482      18       2  -2.54834358E+01  ../Water/train1000_859.xsf
      1   O      14
      2   H      15
      3   H      13
      4   O      11
      5   H       9
      6   H      12
      7   O       7
      8   H       6
      9   H       8
     10   O      10
     11   H      11
     12   H       8
     13   O      11
     14   H       9
     15   H      10
     16   O      11
     17   H      13
     18   H       8
    483      18       2  -2.54846266E+01  ../Water/train1000_860.xsf
      1   O      12
      2   H      10
      3   H      12
      4   O      11
      5   H       5
      6   H      13
      7   O       6
      8   H       3
      9   H       8
     10   O       8
     11   H       9
     12   H       9
     13   O      10
     14   H      12
     15   H       5
     16   O      10
     17   H      11
     18   H       6
    484      18       2  -2.54835491E+01  ../Water/train1000_861.xsf
      1   O      15
      2   H      15
      3   H      12
      4   O       9
      5   H       5
      6   H      12
      7   O       7
      8   H       8
      9   H       5
     10   O      10
     11   H      10
     12   H      11
     13   O       8
     14   H      10
     15   H      10
     16   O      14
     17   H      14
     18   H       7
    485      18       2  -2.54837941E+01  ../Water/train1000_862.xsf
      1   O      16
      2   H      13
      3   H      15
      4   O      11
      5   H       8
      6   H      11
      7   O       7
      8   H       8
      9   H       4
     10   O      10
     11   H       6
     12   H       8
     13   O       9
     14   H       9
     15   H      11
     16   O      11
     17   H      11
     18   H      10
    486      18       2  -2.54845681E+01  ../Water/train1000_863.xsf
      1   O      12
      2   H      15
      3   H       8
      4   O       9
      5   H       5
      6   H      11
      7   O       7
      8   H       6
      9   H       9
     10   O       8
     11   H       8
     12   H      10
     13   O       9
     14   H       7
     15   H       8
     16   O      12
     17   H       7
     18   H       9
    487      18       2  -2.54838159E+01  ../Water/train1000_864.xsf
      1   O      12
      2   H      14
      3   H      10
      4   O       7
      5   H      10
      6   H       8
      7   O       7
      8   H       6
      9   H       8
     10   O       9
     11   H       6
     12   H      11
     13   O       8
     14   H       8
     15   H       8
     16   O      12
     17   H       8
     18   H      12
    488      18       2  -2.54845221E+01  ../Water/train1000_865.xsf
      1   O      12
      2   H      11
      3   H      12
      4   O       9
      5   H       5
      6   H       9
      7   O       7
      8   H       4
      9   H       8
     10   O       9
     11   H       5
     12   H      11
     13   O       9
     14   H      10
     15   H       8
     16   O      12
     17   H      11
     18   H      12
    489      18       2  -2.54834090E+01  ../Water/train1000_866.xsf
      1   O      12
      2   H      11
      3   H       7
      4   O       9
      5   H      12
      6   H       9
      7   O       6
      8   H       4
      9   H       7
     10   O       8
     11   H      10
     12   H       8
     13   O       9
     14   H       8
     15   H       5
     16   O       8
     17   H      12
     18   H       7
    490      18       2  -2.54845454E+01  ../Water/train1000_867.xsf
      1   O      12
      2   H      15
      3   H       5
      4   O       9
      5   H      12
      6   H      12
      7   O       9
      8   H       4
      9   H      10
     10   O       7
     11   H       3
     12   H       7
     13   O      11
     14   H       8
     15   H      11
     16   O       8
     17   H       4
     18   H      11
    491      18       2  -2.54851306E+01  ../Water/train1000_868.xsf
      1   O      14
      2   H      17
      3   H      10
      4   O      13
      5   H       8
      6   H      13
      7   O       6
      8   H       7
      9   H       7
     10   O       7
     11   H       9
     12   H       8
     13   O      12
     14   H       4
     15   H      11
     16   O       9
     17   H       8
     18   H       9
    492      18       2  -2.54837588E+01  ../Water/train1000_869.xsf
      1   O      14
      2   H      15
      3   H       9
      4   O      11
      5   H      13
      6   H       5
      7   O       9
      8   H       7
      9   H      10
     10   O       6
     11   H       9
     12   H       3
     13   O      12
     14   H       5
     15   H      10
     16   O       6
     17   H       9
     18   H       9
    493      18       2  -2.54845627E+01  ../Water/train1000_870.xsf
      1   O      14
      2   H      13
      3   H      11
      4   O      15
      5   H      16
      6   H      16
      7   O      13
      8   H      15
      9   H       8
     10   O      11
     11   H      11
     12   H       8
     13   O      10
     14   H      11
     15   H       9
     16   O      12
     17   H       6
     18   H      11
    494      18       2  -2.54841820E+01  ../Water/train1000_871.xsf
      1   O      10
      2   H       9
      3   H       5
      4   O      12
      5   H      12
      6   H      16
      7   O      12
      8   H      13
      9   H       6
     10   O       7
     11   H       8
     12   H       5
     13   O      11
     14   H      13
     15   H      10
     16   O       9
     17   H      10
     18   H       8
    495      18       2  -2.54846634E+01  ../Water/train1000_872.xsf
      1   O      13
      2   H       6
      3   H      11
      4   O      15
      5   H       6
      6   H      17
      7   O      10
      8   H      11
      9   H       9
     10   O       8
     11   H       9
     12   H       6
     13   O       9
     14   H      13
     15   H       9
     16   O       9
     17   H      10
     18   H       9
    496      18       2  -2.54832682E+01  ../Water/train1000_873.xsf
      1   O      15
      2   H       9
      3   H      16
      4   O       9
      5   H      11
      6   H       8
      7   O       7
      8   H      10
      9   H       5
     10   O       9
     11   H      10
     12   H      10
     13   O       8
     14   H       9
     15   H      12
     16   O      10
     17   H      11
     18   H       9
    497      18       2  -2.54835487E+01  ../Water/train1000_874.xsf
      1   O      15
      2   H      10
      3   H      16
      4   O      11
      5   H       9
      6   H      13
      7   O       7
      8   H       5
      9   H       9
     10   O      10
     11   H       8
     12   H      10
     13   O      11
     14   H      13
     15   H       9
     16   O      11
     17   H      11
     18   H       8
    498      18       2  -2.54842303E+01  ../Water/train1000_875.xsf
      1   O      12
      2   H      10
      3   H      14
      4   O      11
      5   H      11
      6   H      10
      7   O       7
      8   H       7
      9   H       6
     10   O      10
     11   H       9
     12   H       7
     13   O      10
     14   H       8
     15   H      11
     16   O       7
     17   H       6
     18   H       6
    499      18       2  -2.54839542E+01  ../Water/train1000_876.xsf
      1   O      13
      2   H      11
      3   H      14
      4   O      11
      5   H       9
      6   H      12
      7   O       8
      8   H       8
      9   H       6
     10   O       9
     11   H       5
     12   H       8
     13   O       9
     14   H       4
     15   H      10
     16   O       8
     17   H       7
     18   H      10
    500      18       2  -2.54847248E+01  ../Water/train1000_877.xsf
      1   O      11
      2   H       8
      3   H      15
      4   O      13
      5   H      12
      6   H       9
      7   O       8
      8   H       9
      9   H       5
     10   O       8
     11   H       8
     12   H       6
     13   O       9
     14   H      11
     15   H       4
     16   O       9
     17   H       5
     18   H      10
    501      18       2  -2.54842008E+01  ../Water/train1000_878.xsf
      1   O      16
      2   H      14
      3   H      16
      4   O      15
      5   H      12
      6   H      12
      7   O      10
      8   H       8
      9   H      11
     10   O      10
     11   H       9
     12   H       9
     13   O       9
     14   H       5
     15   H      10
     16   O       9
     17   H       5
     18   H      10
    502      18       2  -2.54839191E+01  ../Water/train1000_879.xsf
      1   O      13
      2   H      10
      3   H      13
      4   O      11
      5   H       9
      6   H      11
      7   O      10
      8   H       8
      9   H      12
     10   O       9
     11   H       6
     12   H      11
     13   O       7
     14   H       8
     15   H       9
     16   O      10
     17   H       8
     18   H      13
    503      18       2  -2.54841437E+01  ../Water/train1000_880.xsf
      1   O      12
      2   H      16
      3   H       9
      4   O      11
      5   H      11
      6   H      17
      7   O       9
      8   H      11
      9   H      10
     10   O      11
     11   H       7
     12   H      14
     13   O       9
     14   H      11
     15   H       7
     16   O      11
     17   H       7
     18   H      11
    504      18       2  -2.54838725E+01  ../Water/train1000_881.xsf
      1   O      11
      2   H      13
      3   H       8
      4   O      11
      5   H      14
      6   H       9
      7   O      10
      8   H      10
      9   H      11
     10   O       9
     11   H       4
     12   H      15
     13   O      11
     14   H      12
     15   H       8
     16   O      15
     17   H       9
     18   H      12
    505      18       2  -2.54845966E+01  ../Water/train1000_882.xsf
      1   O      13
      2   H       8
      3   H      11
      4   O       8
      5   H      11
      6   H      10
      7   O       8
      8   H      10
      9   H      10
     10   O      12
     11   H       9
     12   H      16
     13   O      10
     14   H      12
     15   H      10
     16   O      14
     17   H       4
     18   H      10
    506      18       2  -2.54851995E+01  ../Water/train1000_883.xsf
      1   O      12
      2   H      11
      3   H      10
      4   O       8
      5   H       9
      6   H      10
      7   O      10
      8   H      10
      9   H       5
     10   O      10
     11   H      10
     12   H       4
     13   O      10
     14   H       7
     15   H      10
     16   O      12
     17   H      15
     18   H       9
    507      18       2  -2.54840818E+01  ../Water/train1000_884.xsf
      1   O      15
      2   H      14
      3   H      10
      4   O      12
      5   H      14
      6   H       6
      7   O       9
      8   H      11
      9   H       7
     10   O      12
     11   H      12
     12   H      11
     13   O       9
     14   H      10
     15   H       9
     16   O      15
     17   H      16
     18   H      10
    508      18       2  -2.54847230E+01  ../Water/train1000_885.xsf
      1   O      13
      2   H      13
      3   H      12
      4   O      13
      5   H      15
      6   H       7
      7   O       9
      8   H      12
      9   H       5
     10   O      10
     11   H      11
     12   H       7
     13   O      11
     14   H      10
     15   H      13
     16   O      12
     17   H      11
     18   H       8
    509      18       2  -2.54849640E+01  ../Water/train1000_886.xsf
      1   O      13
      2   H      14
      3   H      10
      4   O      11
      5   H      11
      6   H      11
      7   O      11
      8   H      11
      9   H       4
     10   O      13
     11   H       9
     12   H      15
     13   O      12
     14   H       4
     15   H      13
     16   O       9
     17   H      10
     18   H       7
    510      18       2  -2.54848119E+01  ../Water/train1000_887.xsf
      1   O      15
      2   H      15
      3   H      11
      4   O      10
      5   H       9
      6   H      12
      7   O      10
      8   H      11
      9   H       5
     10   O      14
     11   H      11
     12   H       9
     13   O      13
     14   H       8
     15   H      10
     16   O       8
     17   H      11
     18   H       6
    511      18       2  -2.54841955E+01  ../Water/train1000_888.xsf
      1   O      12
      2   H      15
      3   H      11
      4   O      10
      5   H       5
      6   H      11
      7   O       8
      8   H       9
      9   H       3
     10   O      12
     11   H      11
     12   H      14
     13   O      11
     14   H      14
     15   H      10
     16   O      11
     17   H      11
     18   H       6
    512      18       2  -2.54836946E+01  ../Water/train1000_889.xsf
      1   O      14
      2   H      17
      3   H      14
      4   O      10
      5   H       4
      6   H      11
      7   O       8
      8   H      10
      9   H       6
     10   O      10
     11   H      12
     12   H      11
     13   O      11
     14   H      14
     15   H      11
     16   O       9
     17   H      10
     18   H       8
    513      18       2  -2.54837505E+01  ../Water/train1000_890.xsf
      1   O      14
      2   H      17
      3   H      11
      4   O      10
      5   H       8
      6   H      10
      7   O       9
      8   H       9
      9   H      13
     10   O      10
     11   H       9
     12   H       9
     13   O       9
     14   H      14
     15   H      10
     16   O       7
     17   H       7
     18   H       6
    514      18       2  -2.54835811E+01  ../Water/train1000_891.xsf
      1   O      14
      2   H      17
      3   H      10
      4   O      13
      5   H       7
      6   H      11
      7   O       9
      8   H      10
      9   H      10
     10   O      10
     11   H      10
     12   H      10
     13   O      15
     14   H      10
     15   H      14
     16   O      10
     17   H       9
     18   H      11
    515      18       2  -2.54840843E+01  ../Water/train1000_892.xsf
      1   O      13
      2   H      13
      3   H       8
      4   O      12
      5   H      15
      6   H       6
      7   O      10
      8   H       8
      9   H      13
     10   O       8
     11   H       7
     12   H      11
     13   O      12
     14   H      11
     15   H       9
     16   O       7
     17   H       7
     18   H      10
    516      18       2  -2.54839427E+01  ../Water/train1000_893.xsf
      1   O       8
      2   H      14
      3   H       8
      4   O      11
      5   H      11
      6   H      10
      7   O       8
      8   H      14
      9   H       7
     10   O       6
     11   H       2
     12   H       7
     13   O      11
     14   H       6
     15   H       8
     16   O       8
     17   H       5
     18   H      12
    517      18       2  -2.54839780E+01  ../Water/train1000_894.xsf
      1   O      16
      2   H      17
      3   H      15
      4   O      10
      5   H       9
      6   H      11
      7   O      14
      8   H      12
      9   H      10
     10   O       7
     11   H       8
     12   H       7
     13   O      10
     14   H       6
     15   H      10
     16   O      12
     17   H      10
     18   H      10
    518      18       2  -2.54849111E+01  ../Water/train1000_895.xsf
      1   O      10
      2   H       5
      3   H      12
      4   O      10
      5   H      10
      6   H      10
      7   O      10
      8   H      13
      9   H       9
     10   O       6
     11   H       3
     12   H       8
     13   O      10
     14   H       4
     15   H      12
     16   O      12
     17   H       7
     18   H      11
    519      18       2  -2.54841560E+01  ../Water/train1000_896.xsf
      1   O      12
      2   H       9
      3   H      13
      4   O      15
      5   H       8
      6   H      15
      7   O      11
      8   H      11
      9   H      10
     10   O      12
     11   H      11
     12   H      15
     13   O      15
     14   H      15
     15   H      13
     16   O      10
     17   H       6
     18   H      13
    520      18       2  -2.54850554E+01  ../Water/train1000_897.xsf
      1   O      16
      2   H      10
      3   H      17
      4   O      11
      5   H       7
      6   H       8
      7   O      11
      8   H      11
      9   H      12
     10   O       6
     11   H       5
     12   H      10
     13   O      11
     14   H      10
     15   H      11
     16   O       9
     17   H       6
     18   H      11
    521      18       2  -2.54843816E+01  ../Water/train1000_898.xsf
      1   O      14
      2   H      13
      3   H      15
      4   O      10
      5   H       5
      6   H      10
      7   O      14
      8   H      14
      9   H      10
     10   O       7
     11   H       4
     12   H      10
     13   O      11
     14   H      11
     15   H      10
     16   O      10
     17   H       5
     18   H      13
    522      18       2  -2.54840822E+01  ../Water/train1000_899.xsf
      1   O      12
      2   H       9
      3   H      12
      4   O       8
      5   H       9
      6   H       6
      7   O      13
      8   H      11
      9   H      15
     10   O       7
     11   H       4
     12   H       9
     13   O      12
     14   H      13
     15   H      12
     16   O      14
     17   H       7
     18   H      13
    523      18       2  -2.54847057E+01  ../Water/train1000_900.xsf
      1   O       9
      2   H       8
      3   H      12
      4   O       9
      5   H      12
      6   H       7
      7   O       9
      8   H      11
      9   H       8
     10   O      10
     11   H       4
     12   H      11
     13   O      11
     14   H       9
     15   H       7
     16   O       9
     17   H       5
     18   H      11
    524      18       2  -2.54850953E+01  ../Water/train1000_901.xsf
      1   O       9
      2   H      10
      3   H       7
      4   O      14
      5   H      13
      6   H       7
      7   O       9
      8   H       8
      9   H       9
     10   O      11
     11   H       5
     12   H      11
     13   O      12
     14   H      15
     15   H       6
     16   O       9
     17   H       6
     18   H      11
    525      18       2  -2.54842463E+01  ../Water/train1000_902.xsf
      1   O      14
      2   H      13
      3   H       9
      4   O       9
      5   H      13
      6   H       6
      7   O       8
      8   H       8
      9   H       9
     10   O       9
     11   H       7
     12   H       7
     13   O      12
     14   H      12
     15   H      10
     16   O       8
     17   H       9
     18   H       9
    526      18       2  -2.54843955E+01  ../Water/train1000_903.xsf
      1   O      10
      2   H      10
      3   H      15
      4   O       9
      5   H      11
      6   H       6
      7   O      12
      8   H      10
      9   H      11
     10   O       9
     11   H      10
     12   H      10
     13   O       7
     14   H       9
     15   H       5
     16   O       8
     17   H       4
     18   H       8
    527      18       2  -2.54845357E+01  ../Water/train1000_904.xsf
      1   O      12
      2   H       5
      3   H      10
      4   O      11
      5   H      12
      6   H      11
      7   O      14
      8   H      15
      9   H       8
     10   O       9
     11   H       6
     12   H      11
     13   O       5
     14   H       4
     15   H       8
     16   O      11
     17   H      10
     18   H      10
    528      18       2  -2.54844028E+01  ../Water/train1000_905.xsf
      1   O      14
      2   H      13
      3   H      14
      4   O      10
      5   H       6
      6   H      12
      7   O      14
      8   H      14
      9   H      13
     10   O       9
     11   H       3
     12   H      11
     13   O      10
     14   H       7
     15   H      11
     16   O      12
     17   H      13
     18   H       8
    529      18       2  -2.54840138E+01  ../Water/train1000_906.xsf
      1   O      15
      2   H      16
      3   H      11
      4   O      11
      5   H      10
      6   H      15
      7   O      14
      8   H      16
      9   H      12
     10   O       9
     11   H      10
     12   H       9
     13   O      10
     14   H       8
     15   H      11
     16   O      11
     17   H      10
     18   H       4
    530      18       2  -2.54843121E+01  ../Water/train1000_907.xsf
      1   O      11
      2   H      10
      3   H       9
      4   O       9
      5   H       8
      6   H      12
      7   O       9
      8   H       6
      9   H      13
     10   O       6
     11   H       8
     12   H       3
     13   O      10
     14   H       4
     15   H      11
     16   O      11
     17   H      11
     18   H       9
    531      18       2  -2.54839350E+01  ../Water/train1000_908.xsf
      1   O      12
      2   H      11
      3   H      14
      4   O      11
      5   H      12
      6   H      11
      7   O      11
      8   H       5
      9   H      10
     10   O       7
     11   H       8
     12   H       7
     13   O      10
     14   H       6
     15   H      11
     16   O      12
     17   H       8
     18   H      14
    532      18       2  -2.54843485E+01  ../Water/train1000_909.xsf
      1   O      16
      2   H      11
      3   H      14
      4   O      14
      5   H       7
      6   H      13
      7   O      11
      8   H       8
      9   H      12
     10   O       7
     11   H       9
     12   H       6
     13   O      11
     14   H       7
     15   H      10
     16   O      11
     17   H      12
     18   H      13
    533      18       2  -2.54843260E+01  ../Water/train1000_910.xsf
      1   O      14
      2   H      16
      3   H      14
      4   O      12
      5   H      11
      6   H      13
      7   O      11
      8   H       6
      9   H      10
     10   O       8
     11   H       9
     12   H       6
     13   O       9
     14   H      10
     15   H      11
     16   O      12
     17   H       8
     18   H       8
    534      18       2  -2.54848788E+01  ../Water/train1000_911.xsf
      1   O      13
      2   H      15
      3   H      13
      4   O      15
      5   H      11
      6   H      14
      7   O      11
      8   H       7
      9   H      12
     10   O       9
     11   H      10
     12   H      11
     13   O      13
     14   H      12
     15   H       5
     16   O      12
     17   H      13
     18   H       8
    535      18       2  -2.54842277E+01  ../Water/train1000_912.xsf
      1   O      13
      2   H       9
      3   H      14
      4   O      11
      5   H      13
      6   H      13
      7   O      10
      8   H      11
      9   H       8
     10   O      10
     11   H      11
     12   H       7
     13   O      10
     14   H      11
     15   H       4
     16   O      13
     17   H      14
     18   H       6
    536      18       2  -2.54849644E+01  ../Water/train1000_913.xsf
      1   O      14
      2   H       6
      3   H      12
      4   O      11
      5   H      11
      6   H      16
      7   O      10
      8   H       9
      9   H      10
     10   O       8
     11   H      11
     12   H       8
     13   O      13
     14   H      14
     15   H       9
     16   O      11
     17   H       8
     18   H      13
    537      18       2  -2.54841438E+01  ../Water/train1000_914.xsf
      1   O      12
      2   H       9
      3   H      15
      4   O       9
      5   H       8
      6   H      10
      7   O       9
      8   H       6
      9   H       9
     10   O       9
     11   H       8
     12   H       5
     13   O      11
     14   H      13
     15   H       7
     16   O       9
     17   H      12
     18   H      11
    538      18       2  -2.54848343E+01  ../Water/train1000_915.xsf
      1   O      11
      2   H      14
      3   H      13
      4   O      10
      5   H       9
      6   H       8
      7   O       9
      8   H      11
      9   H       4
     10   O      10
     11   H      13
     12   H       6
     13   O      12
     14   H       6
     15   H      15
     16   O      10
     17   H      11
     18   H      10
    539      18       2  -2.54846332E+01  ../Water/train1000_916.xsf
      1   O       7
      2   H       6
      3   H      12
      4   O      15
      5   H       8
      6   H      14
      7   O      10
      8   H      11
      9   H       5
     10   O       8
     11   H       8
     12   H       7
     13   O      10
     14   H      12
     15   H      10
     16   O      12
     17   H      10
     18   H      15
    540      18       2  -2.54843848E+01  ../Water/train1000_917.xsf
      1   O       9
      2   H       6
      3   H      13
      4   O      15
      5   H       8
      6   H      15
      7   O      11
      8   H      12
      9   H       5
     10   O       7
     11   H       8
     12   H       3
     13   O      10
     14   H      10
     15   H      11
     16   O      10
     17   H      10
     18   H      15
    541      18       2  -2.54844879E+01  ../Water/train1000_918.xsf
      1   O      12
      2   H      14
      3   H       5
      4   O      16
      5   H      12
      6   H      15
      7   O      10
      8   H      10
      9   H       7
     10   O       7
     11   H       8
     12   H       9
     13   O      12
     14   H      14
     15   H      10
     16   O      12
     17   H       9
     18   H      14
    542      18       2  -2.54844846E+01  ../Water/train1000_919.xsf
      1   O      12
      2   H      13
      3   H      14
      4   O      13
      5   H      10
      6   H      15
      7   O       9
      8   H       8
      9   H       5
     10   O       9
     11   H      10
     12   H       4
     13   O      13
     14   H      10
     15   H      12
     16   O      12
     17   H      12
     18   H      11
    543      18       2  -2.54848759E+01  ../Water/train1000_920.xsf
      1   O      15
      2   H      17
      3   H       8
      4   O      12
      5   H      13
      6   H      14
      7   O      11
      8   H      12
      9   H       8
     10   O      10
     11   H      11
     12   H       6
     13   O       9
     14   H      10
     15   H      10
     16   O      12
     17   H       7
     18   H      15
    544      18       2  -2.54843908E+01  ../Water/train1000_921.xsf
      1   O      12
      2   H       8
      3   H      13
      4   O      13
      5   H      14
      6   H       5
      7   O       7
      8   H       4
      9   H      11
     10   O       9
     11   H      10
     12   H      11
     13   O      10
     14   H      10
     15   H      12
     16   O      14
     17   H       9
     18   H      14
    545      18       2  -2.54841834E+01  ../Water/train1000_922.xsf
      1   O      12
      2   H       5
      3   H      12
      4   O      13
      5   H      15
      6   H      15
      7   O       7
      8   H       8
      9   H       6
     10   O      10
     11   H       5
     12   H       8
     13   O       9
     14   H      11
     15   H      12
     16   O      12
     17   H      10
     18   H       8
    546      18       2  -2.54840593E+01  ../Water/train1000_923.xsf
      1   O      14
      2   H      12
      3   H      11
      4   O      13
      5   H      16
      6   H       9
      7   O      10
      8   H      12
      9   H      10
     10   O       7
     11   H       9
     12   H       7
     13   O      11
     14   H      12
     15   H       9
     16   O      14
     17   H      14
     18   H       8
    547      18       2  -2.54838048E+01  ../Water/train1000_924.xsf
      1   O      15
      2   H      17
      3   H       8
      4   O      12
      5   H      14
      6   H       7
      7   O      12
      8   H      13
      9   H      13
     10   O       7
     11   H       8
     12   H       8
     13   O      10
     14   H      11
     15   H       9
     16   O      11
     17   H      11
     18   H      14
    548      18       2  -2.54838871E+01  ../Water/train1000_925.xsf
      1   O      15
      2   H      14
      3   H      13
      4   O      11
      5   H       5
      6   H      12
      7   O      11
      8   H       9
      9   H      11
     10   O       6
     11   H       5
     12   H       8
     13   O      10
     14   H      11
     15   H       6
     16   O      11
     17   H      12
     18   H      10
    549      18       2  -2.54842399E+01  ../Water/train1000_926.xsf
      1   O      14
      2   H      11
      3   H      13
      4   O      12
      5   H       8
      6   H      12
      7   O      11
      8   H      13
      9   H       9
     10   O       7
     11   H       5
     12   H       8
     13   O       6
     14   H       6
     15   H       9
     16   O      11
     17   H      11
     18   H      12
    550      18       2  -2.54843591E+01  ../Water/train1000_927.xsf
      1   O      15
      2   H       9
      3   H       9
      4   O      12
      5   H       7
      6   H      14
      7   O      11
      8   H      13
      9   H      10
     10   O       6
     11   H       6
     12   H       6
     13   O       6
     14   H      10
     15   H       3
     16   O      10
     17   H      12
     18   H      11
    551      18       2  -2.54850131E+01  ../Water/train1000_928.xsf
      1   O      13
      2   H      10
      3   H      12
      4   O      11
      5   H      13
      6   H      11
      7   O      10
      8   H      13
      9   H       9
     10   O       8
     11   H       8
     12   H       5
     13   O       8
     14   H       9
     15   H       6
     16   O      13
     17   H      14
     18   H       9
    552      18       2  -2.54845094E+01  ../Water/train1000_929.xsf
      1   O      12
      2   H      10
      3   H      15
      4   O       9
      5   H       7
      6   H      11
      7   O      13
      8   H      11
      9   H       7
     10   O       9
     11   H      10
     12   H       4
     13   O      11
     14   H      10
     15   H       8
     16   O      12
     17   H      14
     18   H      13
    553      18       2  -2.54847569E+01  ../Water/train1000_930.xsf
      1   O      14
      2   H       5
      3   H      12
      4   O      12
      5   H      12
      6   H      11
      7   O      11
      8   H      14
      9   H       4
     10   O       7
     11   H       7
     12   H       7
     13   O       8
     14   H       6
     15   H      10
     16   O      13
     17   H      14
     18   H       9
    554      18       2  -2.54851518E+01  ../Water/train1000_931.xsf
      1   O      15
      2   H      13
      3   H      12
      4   O      14
      5   H      15
      6   H      11
      7   O      13
      8   H      14
      9   H      11
     10   O       7
     11   H       8
     12   H       7
     13   O      11
     14   H       7
     15   H      12
     16   O       9
     17   H      13
     18   H      10
    555      18       2  -2.54849083E+01  ../Water/train1000_932.xsf
      1   O      13
      2   H       9
      3   H      13
      4   O      12
      5   H      12
      6   H       9
      7   O      12
      8   H      12
      9   H       7
     10   O       7
     11   H       8
     12   H       7
     13   O      10
     14   H       8
     15   H      12
     16   O      11
     17   H       9
     18   H      13
    556      18       2  -2.54844323E+01  ../Water/train1000_933.xsf
      1   O      15
      2   H      11
      3   H      17
      4   O       9
      5   H      10
      6   H       5
      7   O      10
      8   H      11
      9   H      11
     10   O       9
     11   H      12
     12   H       8
     13   O      14
     14   H      10
     15   H      14
     16   O      14
     17   H      16
     18   H      10
    557      18       2  -2.54839347E+01  ../Water/train1000_934.xsf
      1   O      15
      2   H      12
      3   H      14
      4   O      11
      5   H       8
      6   H       8
      7   O      11
      8   H       8
      9   H       9
     10   O      11
     11   H      13
     12   H       8
     13   O      14
     14   H      13
     15   H      10
     16   O      12
     17   H      17
     18   H       8
    558      18       2  -2.54844263E+01  ../Water/train1000_935.xsf
      1   O      16
      2   H      16
      3   H      15
      4   O      10
      5   H      10
      6   H      11
      7   O       9
      8   H      10
      9   H       7
     10   O      11
     11   H       8
     12   H       7
     13   O      12
     14   H      11
     15   H       9
     16   O      11
     17   H      13
     18   H       8
    559      18       2  -2.54849066E+01  ../Water/train1000_936.xsf
      1   O      13
      2   H      11
      3   H      13
      4   O      10
      5   H      11
      6   H       8
      7   O       7
      8   H       9
      9   H       4
     10   O      10
     11   H      11
     12   H       6
     13   O      11
     14   H       8
     15   H      13
     16   O       8
     17   H      12
     18   H       5
    560      18       2  -2.54843945E+01  ../Water/train1000_937.xsf
      1   O      12
      2   H       9
      3   H      16
      4   O      10
      5   H       7
      6   H      10
      7   O       7
      8   H       9
      9   H       6
     10   O      11
     11   H      13
     12   H       4
     13   O      13
     14   H      10
     15   H      11
     16   O       9
     17   H      10
     18   H       7
    561      18       2  -2.54845161E+01  ../Water/train1000_938.xsf
      1   O      15
      2   H      13
      3   H      16
      4   O      10
      5   H       4
      6   H       9
      7   O       9
      8   H      11
      9   H       6
     10   O      12
     11   H      13
     12   H      12
     13   O      13
     14   H      10
     15   H      11
     16   O      10
     17   H      12
     18   H       6
    562      18       2  -2.54842143E+01  ../Water/train1000_939.xsf
      1   O      13
      2   H      15
      3   H       8
      4   O      10
      5   H       5
      6   H      10
      7   O       9
      8   H       9
      9   H       6
     10   O      14
     11   H      13
     12   H      12
     13   O       8
     14   H      13
     15   H       7
     16   O      11
     17   H      13
     18   H       6
    563      18       2  -2.54844025E+01  ../Water/train1000_940.xsf
      1   O      13
      2   H      13
      3   H      11
      4   O      11
      5   H       6
      6   H      10
      7   O       7
      8   H       5
      9   H       7
     10   O       7
     11   H       6
     12   H      12
     13   O      10
     14   H       6
     15   H      11
     16   O      10
     17   H       9
     18   H      10
    564      18       2  -2.54848980E+01  ../Water/train1000_941.xsf
      1   O      15
      2   H      11
      3   H      16
      4   O      12
      5   H       7
      6   H      14
      7   O       8
      8   H       5
      9   H       9
     10   O      11
     11   H      12
     12   H      12
     13   O      11
     14   H      10
     15   H      13
     16   O      10
     17   H      10
     18   H       8
    565      18       2  -2.54840165E+01  ../Water/train1000_942.xsf
      1   O      15
      2   H      17
      3   H      13
      4   O      12
      5   H       7
      6   H      14
      7   O       8
      8   H       6
      9   H       8
     10   O      11
     11   H      13
     12   H      13
     13   O      12
     14   H      11
     15   H       9
     16   O      10
     17   H      11
     18   H       8
    566      18       2  -2.54839704E+01  ../Water/train1000_943.xsf
      1   O      15
      2   H      15
      3   H      12
      4   O      12
      5   H       7
      6   H      11
      7   O       7
      8   H       8
      9   H       5
     10   O      10
     11   H      13
     12   H      10
     13   O      12
     14   H      13
     15   H       8
     16   O       8
     17   H      10
     18   H       4
    567      18       2  -2.54845573E+01  ../Water/train2000_1000.xsf
      1   O      11
      2   H      11
      3   H      12
      4   O      10
      5   H       9
      6   H       4
      7   O      11
      8   H      10
      9   H       6
     10   O       6
     11   H       4
     12   H       7
     13   O       6
     14   H       6
     15   H       8
     16   O      10
     17   H      11
     18   H       6
    568      18       2  -2.54823203E+01  ../Water/train2000_1001.xsf
      1   O      14
      2   H      10
      3   H      15
      4   O      10
      5   H      11
      6   H      11
      7   O      12
      8   H      10
      9   H      10
     10   O       5
     11   H       6
     12   H       7
     13   O       8
     14   H       8
     15   H       9
     16   O      11
     17   H      14
     18   H       7
    569      18       2  -2.54835221E+01  ../Water/train2000_1002.xsf
      1   O      11
      2   H       9
      3   H      14
      4   O       9
      5   H       9
      6   H      13
      7   O       9
      8   H       7
      9   H       8
     10   O       6
     11   H       8
     12   H       8
     13   O       6
     14   H       7
     15   H       4
     16   O       8
     17   H      13
     18   H       7
    570      18       2  -2.54830893E+01  ../Water/train2000_1003.xsf
      1   O      10
      2   H       8
      3   H      12
      4   O       4
      5   H       6
      6   H      10
      7   O      12
      8   H       9
      9   H      13
     10   O       3
     11   H       3
     12   H       6
     13   O       9
     14   H      11
     15   H       7
     16   O      11
     17   H      11
     18   H       9
    571      18       2  -2.54832743E+01  ../Water/train2000_1004.xsf
      1   O      11
      2   H       7
      3   H      11
      4   O       5
      5   H      10
      6   H       4
      7   O      13
      8   H       8
      9   H      12
     10   O       3
     11   H       2
     12   H       4
     13   O      10
     14   H       9
     15   H       6
     16   O      10
     17   H      11
     18   H      12
    572      18       2  -2.54835162E+01  ../Water/train2000_1005.xsf
      1   O      10
      2   H       6
      3   H       9
      4   O      10
      5   H      11
      6   H       4
      7   O      10
      8   H       6
      9   H      13
     10   O       4
     11   H       4
     12   H       7
     13   O       9
     14   H      10
     15   H       6
     16   O       9
     17   H      10
     18   H      12
    573      18       2  -2.54841838E+01  ../Water/train2000_1006.xsf
      1   O      10
      2   H       6
      3   H      12
      4   O      13
      5   H      12
      6   H       8
      7   O      11
      8   H      11
      9   H       7
     10   O       7
     11   H       8
     12   H       9
     13   O       9
     14   H      11
     15   H       6
     16   O      10
     17   H      11
     18   H      11
    574      18       2  -2.54835152E+01  ../Water/train2000_1007.xsf
      1   O      12
      2   H      13
      3   H       8
      4   O      10
      5   H      10
      6   H      10
      7   O      12
      8   H      13
      9   H       8
     10   O       5
     11   H       4
     12   H       7
     13   O       4
     14   H       6
     15   H       5
     16   O       9
     17   H       4
     18   H      10
    575      18       2  -2.54839080E+01  ../Water/train2000_1008.xsf
      1   O      13
      2   H      15
      3   H       8
      4   O      11
      5   H      12
      6   H      10
      7   O      13
      8   H      12
      9   H      14
     10   O       6
     11   H       2
     12   H       9
     13   O       4
     14   H       6
     15   H       6
     16   O      10
     17   H       8
     18   H      11
    576      18       2  -2.54842557E+01  ../Water/train2000_1009.xsf
      1   O      11
      2   H      14
      3   H       8
      4   O       8
      5   H      10
      6   H       8
      7   O      14
      8   H       8
      9   H      11
     10   O       7
     11   H      10
     12   H       8
     13   O       5
     14   H       2
     15   H       8
     16   O       7
     17   H      10
     18   H       3
    577      18       2  -2.54846652E+01  ../Water/train2000_1010.xsf
      1   O      11
      2   H      12
      3   H       9
      4   O       6
      5   H       5
      6   H       7
      7   O      12
      8   H       9
      9   H      11
     10   O      10
     11   H      11
     12   H       7
     13   O       7
     14   H       8
     15   H       9
     16   O       8
     17   H       8
     18   H       4
    578      18       2  -2.54849782E+01  ../Water/train2000_1011.xsf
      1   O      13
      2   H      15
      3   H      10
      4   O       7
      5   H       6
      6   H      10
      7   O      14
      8   H       9
      9   H      12
     10   O      10
     11   H      10
     12   H      10
     13   O       9
     14   H      11
     15   H       6
     16   O       7
     17   H       6
     18   H       5
    579      18       2  -2.54845792E+01  ../Water/train2000_1012.xsf
      1   O      13
      2   H      16
      3   H      13
      4   O       7
      5   H       7
      6   H       7
      7   O      12
      8   H       5
      9   H      10
     10   O       9
     11   H      11
     12   H       8
     13   O       9
     14   H       9
     15   H      11
     16   O       8
     17   H       8
     18   H       5
    580      18       2  -2.54841377E+01  ../Water/train2000_1013.xsf
      1   O      16
      2   H      12
      3   H      16
      4   O       8
      5   H       9
      6   H       6
      7   O       6
      8   H       8
      9   H       8
     10   O       6
     11   H       7
     12   H       5
     13   O       8
     14   H       5
     15   H       8
     16   O       8
     17   H       8
     18   H       6
    581      18       2  -2.54836366E+01  ../Water/train2000_1014.xsf
      1   O      15
      2   H      12
      3   H      14
      4   O       8
      5   H       8
      6   H       6
      7   O       5
      8   H       7
      9   H       6
     10   O       8
     11   H       8
     12   H       6
     13   O       8
     14   H       6
     15   H       6
     16   O       8
     17   H       8
     18   H      11
    582      18       2  -2.54836622E+01  ../Water/train2000_1015.xsf
      1   O      12
      2   H      15
      3   H       9
      4   O       7
      5   H       7
      6   H       3
      7   O       5
      8   H       3
      9   H       6
     10   O       9
     11   H      11
     12   H       6
     13   O       7
     14   H       9
     15   H       5
     16   O       9
     17   H       8
     18   H      11
    583      18       2  -2.54840468E+01  ../Water/train2000_1016.xsf
      1   O      13
      2   H      13
      3   H       7
      4   O       7
      5   H       8
      6   H       3
      7   O       5
      8   H       8
      9   H       7
     10   O       8
     11   H       8
     12   H       5
     13   O       9
     14   H      10
     15   H       8
     16   O       8
     17   H       6
     18   H       9
    584      18       2  -2.54834090E+01  ../Water/train2000_1017.xsf
      1   O      14
      2   H      11
      3   H      15
      4   O       8
      5   H      11
      6   H       8
      7   O       6
      8   H       5
      9   H       4
     10   O       7
     11   H      11
     12   H       9
     13   O       8
     14   H       6
     15   H       9
     16   O      11
     17   H       6
     18   H       9
    585      18       2  -2.54836894E+01  ../Water/train2000_1018.xsf
      1   O      15
      2   H       9
      3   H      16
      4   O       9
      5   H      10
      6   H       7
      7   O       7
      8   H       8
      9   H      10
     10   O      10
     11   H      11
     12   H      12
     13   O       7
     14   H       6
     15   H       5
     16   O      10
     17   H       3
     18   H      11
    586      18       2  -2.54836013E+01  ../Water/train2000_1019.xsf
      1   O      14
      2   H      11
      3   H      16
      4   O       9
      5   H      12
      6   H       3
      7   O       9
      8   H      11
      9   H       7
     10   O      15
     11   H      15
     12   H      13
     13   O       7
     14   H      10
     15   H       7
     16   O      11
     17   H       7
     18   H      11
    587      18       2  -2.54842300E+01  ../Water/train2000_1020.xsf
      1   O      14
      2   H      12
      3   H      14
      4   O      10
      5   H      14
      6   H       4
      7   O       5
      8   H       9
      9   H       6
     10   O      13
     11   H      12
     12   H      13
     13   O       7
     14   H       5
     15   H       6
     16   O      10
     17   H       8
     18   H      10
    588      18       2  -2.54839497E+01  ../Water/train2000_1021.xsf
      1   O      13
      2   H       9
      3   H      14
      4   O      11
      5   H      12
      6   H       7
      7   O       5
      8   H       2
      9   H       7
     10   O      15
     11   H      13
     12   H      10
     13   O       7
     14   H       8
     15   H       7
     16   O       9
     17   H      10
     18   H       5
    589      18       2  -2.54842287E+01  ../Water/train2000_1022.xsf
      1   O      13
      2   H       8
      3   H      13
      4   O      11
      5   H      12
      6   H       7
      7   O       6
      8   H       8
      9   H      10
     10   O      12
     11   H      13
     12   H      13
     13   O       7
     14   H       9
     15   H       6
     16   O       7
     17   H       4
     18   H       5
    590      18       2  -2.54836426E+01  ../Water/train2000_1023.xsf
      1   O      12
      2   H      13
      3   H      10
      4   O       8
      5   H       9
      6   H      10
      7   O       5
      8   H       7
      9   H       3
     10   O      10
     11   H      12
     12   H       6
     13   O       7
     14   H       9
     15   H       5
     16   O       8
     17   H       4
     18   H       8
    591      18       2  -2.54837446E+01  ../Water/train2000_1024.xsf
      1   O      13
      2   H      16
      3   H      12
      4   O       7
      5   H       8
      6   H       6
      7   O       6
      8   H       7
      9   H       4
     10   O      12
     11   H      12
     12   H       6
     13   O       8
     14   H      11
     15   H      10
     16   O       9
     17   H      10
     18   H       9
    592      18       2  -2.54837238E+01  ../Water/train2000_1025.xsf
      1   O      16
      2   H      17
      3   H      10
      4   O       7
      5   H       6
      6   H       6
      7   O       8
      8   H      10
      9   H       8
     10   O      11
     11   H       8
     12   H      10
     13   O       9
     14   H       9
     15   H       9
     16   O       7
     17   H       8
     18   H       9
    593      18       2  -2.54840428E+01  ../Water/train2000_1026.xsf
      1   O      12
      2   H      16
      3   H       9
      4   O       5
      5   H       8
      6   H       5
      7   O       8
      8   H       6
      9   H       8
     10   O      10
     11   H       9
     12   H       7
     13   O       8
     14   H       2
     15   H      11
     16   O       5
     17   H       7
     18   H       8
    594      18       2  -2.54833827E+01  ../Water/train2000_1027.xsf
      1   O      16
      2   H      15
      3   H      14
      4   O       6
      5   H       9
      6   H       4
      7   O       9
      8   H       9
      9   H       3
     10   O       9
     11   H       9
     12   H      10
     13   O       4
     14   H       5
     15   H      11
     16   O       6
     17   H       7
     18   H      10
    595      18       2  -2.54842884E+01  ../Water/train2000_1028.xsf
      1   O      15
      2   H      17
      3   H      10
      4   O       8
      5   H      10
      6   H       4
      7   O       6
      8   H       5
      9   H       9
     10   O       9
     11   H       7
     12   H       4
     13   O       6
     14   H       8
     15   H       9
     16   O       9
     17   H      10
     18   H       8
    596      18       2  -2.54840651E+01  ../Water/train2000_1029.xsf
      1   O      16
      2   H      17
      3   H      15
      4   O      10
      5   H      11
      6   H       9
      7   O       7
      8   H       6
      9   H       9
     10   O      10
     11   H       9
     12   H       8
     13   O       7
     14   H       9
     15   H       9
     16   O      11
     17   H      11
     18   H      10
    597      18       2  -2.54845671E+01  ../Water/train2000_1030.xsf
      1   O      16
      2   H      16
      3   H      11
      4   O       9
      5   H      10
      6   H      10
      7   O       8
      8   H       6
      9   H       8
     10   O      11
     11   H       8
     12   H      11
     13   O       7
     14   H       7
     15   H       8
     16   O      10
     17   H      10
     18   H       8
    598      18       2  -2.54847855E+01  ../Water/train2000_1031.xsf
      1   O      15
      2   H      12
      3   H       7
      4   O       9
      5   H       9
      6   H       9
      7   O       7
      8   H       4
      9   H      10
     10   O       9
     11   H      10
     12   H       8
     13   O       6
     14   H       4
     15   H      10
     16   O       5
     17   H       8
     18   H       6
    599      18       2  -2.54837665E+01  ../Water/train2000_1032.xsf
      1   O      15
      2   H      12
      3   H      11
      4   O      11
      5   H       8
      6   H      10
      7   O       7
      8   H       7
      9   H       5
     10   O       9
     11   H      10
     12   H      10
     13   O       7
     14   H       3
     15   H       6
     16   O       6
     17   H       5
     18   H       8
    600      18       2  -2.54839530E+01  ../Water/train2000_1033.xsf
      1   O      12
      2   H      10
      3   H      14
      4   O      10
      5   H      10
      6   H       7
      7   O       7
      8   H       7
      9   H       3
     10   O       7
     11   H      10
     12   H       5
     13   O       7
     14   H       7
     15   H       8
     16   O       9
     17   H      10
     18   H       7
    601      18       2  -2.54846474E+01  ../Water/train2000_1034.xsf
      1   O      12
      2   H       9
      3   H      12
      4   O      10
      5   H       8
      6   H      10
      7   O       6
      8   H       7
      9   H       3
     10   O       8
     11   H      11
     12   H       3
     13   O       8
     14   H       5
     15   H      10
     16   O       6
     17   H       6
     18   H       8
    602      18       2  -2.54843672E+01  ../Water/train2000_1035.xsf
      1   O      12
      2   H      10
      3   H      13
      4   O       9
      5   H       8
      6   H       9
      7   O       6
      8   H       6
      9   H       6
     10   O      10
     11   H      10
     12   H       5
     13   O       4
     14   H       2
     15   H       6
     16   O       3
     17   H       4
     18   H       7
    603      18       2  -2.54836643E+01  ../Water/train2000_1036.xsf
      1   O      11
      2   H      10
      3   H      12
      4   O       9
      5   H       6
      6   H       8
      7   O       8
      8   H       5
      9   H       8
     10   O      10
     11   H       8
     12   H       6
     13   O       4
     14   H       3
     15   H       6
     16   O       5
     17   H       4
     18   H       9
    604      18       2  -2.54839740E+01  ../Water/train2000_1037.xsf
      1   O      14
      2   H      10
      3   H      16
      4   O       8
      5   H       8
      6   H       4
      7   O       6
      8   H       8
      9   H       5
     10   O       8
     11   H       6
     12   H       9
     13   O       7
     14   H       7
     15   H       8
     16   O       7
     17   H       3
     18   H       6
    605      18       2  -2.54837064E+01  ../Water/train2000_1038.xsf
      1   O      15
      2   H      16
      3   H      11
      4   O       7
      5   H       7
      6   H       5
      7   O       7
      8   H       5
      9   H       7
     10   O      10
     11   H       6
     12   H      10
     13   O       7
     14   H       8
     15   H       7
     16   O       8
     17   H       8
     18   H       8
    606      18       2  -2.54843371E+01  ../Water/train2000_1039.xsf
      1   O      17
      2   H      16
      3   H      11
      4   O       7
      5   H       7
      6   H      10
      7   O       8
      8   H       4
      9   H       9
     10   O      10
     11   H      10
     12   H      12
     13   O       7
     14   H       7
     15   H       4
     16   O       8
     17   H       7
     18   H       6
    607      18       2  -2.54837014E+01  ../Water/train2000_1040.xsf
      1   O      11
      2   H      11
      3   H      15
      4   O       9
      5   H       8
      6   H      10
      7   O       9
      8   H       3
      9   H      10
     10   O       8
     11   H       9
     12   H      10
     13   O       6
     14   H       8
     15   H       6
     16   O       6
     17   H       3
     18   H       4
    608      18       2  -2.54840570E+01  ../Water/train2000_1041.xsf
      1   O      10
      2   H       9
      3   H      13
      4   O       8
      5   H       9
      6   H       8
      7   O       7
      8   H       5
      9   H       6
     10   O       7
     11   H       4
     12   H       8
     13   O       8
     14   H       8
     15   H       9
     16   O       5
     17   H       5
     18   H       5
    609      18       2  -2.54831308E+01  ../Water/train2000_1042.xsf
      1   O       9
      2   H       9
      3   H      10
      4   O       9
      5   H       6
      6   H      12
      7   O       6
      8   H       9
      9   H       8
     10   O       7
     11   H       5
     12   H       8
     13   O       8
     14   H      10
     15   H       6
     16   O       5
     17   H       5
     18   H       6
    610      18       2  -2.54837664E+01  ../Water/train2000_1043.xsf
      1   O      10
      2   H      10
      3   H      12
      4   O      10
      5   H       6
      6   H      12
      7   O       9
      8   H       9
      9   H       4
     10   O       8
     11   H       7
     12   H      11
     13   O       7
     14   H      11
     15   H       6
     16   O       3
     17   H       5
     18   H       2
    611      18       2  -2.54833150E+01  ../Water/train2000_1044.xsf
      1   O      15
      2   H      10
      3   H      14
      4   O      11
      5   H      11
      6   H      13
      7   O       9
      8   H       9
      9   H       9
     10   O      11
     11   H      10
     12   H      10
     13   O       9
     14   H      13
     15   H      10
     16   O       4
     17   H       6
     18   H       4
    612      18       2  -2.54843504E+01  ../Water/train2000_1045.xsf
      1   O      15
      2   H      12
      3   H      15
      4   O      12
      5   H       9
      6   H      12
      7   O       8
      8   H       9
      9   H      10
     10   O      11
     11   H      15
     12   H       8
     13   O      12
     14   H      11
     15   H      12
     16   O       6
     17   H       3
     18   H      10
    613      18       2  -2.54834426E+01  ../Water/train2000_1046.xsf
      1   O      16
      2   H      14
      3   H      17
      4   O       9
      5   H      10
      6   H       8
      7   O       7
      8   H       9
      9   H       6
     10   O      12
     11   H      12
     12   H      14
     13   O      14
     14   H      14
     15   H      12
     16   O       8
     17   H      10
     18   H      10
    614      18       2  -2.54841118E+01  ../Water/train2000_1047.xsf
      1   O      12
      2   H      10
      3   H      14
      4   O      11
      5   H      11
      6   H       7
      7   O       6
      8   H       8
      9   H       5
     10   O       9
     11   H       7
     12   H      13
     13   O      12
     14   H      11
     15   H       9
     16   O       7
     17   H       8
     18   H       8
    615      18       2  -2.54839326E+01  ../Water/train2000_1048.xsf
      1   O      10
      2   H       9
      3   H      11
      4   O       9
      5   H      12
      6   H       7
      7   O       8
      8   H       7
      9   H       4
     10   O      10
     11   H      12
     12   H       4
     13   O       8
     14   H      10
     15   H       6
     16   O       8
     17   H      11
     18   H       4
    616      18       2  -2.54844537E+01  ../Water/train2000_1049.xsf
      1   O      12
      2   H      11
      3   H       5
      4   O       9
      5   H      11
      6   H       5
      7   O       8
      8   H       9
      9   H       6
     10   O       9
     11   H      12
     12   H      13
     13   O      10
     14   H      10
     15   H       7
     16   O      10
     17   H       9
     18   H       8
    617      18       2  -2.54842937E+01  ../Water/train2000_1050.xsf
      1   O      12
      2   H      16
      3   H       9
      4   O      10
      5   H      12
      6   H       9
      7   O       9
      8   H      10
      9   H       9
     10   O      15
     11   H      10
     12   H      17
     13   O      11
     14   H       9
     15   H      12
     16   O      11
     17   H       9
     18   H      12
    618      18       2  -2.54840085E+01  ../Water/train2000_1051.xsf
      1   O      11
      2   H      10
      3   H       5
      4   O      12
      5   H       6
      6   H      12
      7   O       6
      8   H       5
      9   H      10
     10   O      13
     11   H      15
     12   H      12
     13   O       9
     14   H      11
     15   H       9
     16   O      11
     17   H       5
     18   H      14
    619      18       2  -2.54843264E+01  ../Water/train2000_1052.xsf
      1   O      12
      2   H      13
      3   H       7
      4   O       9
      5   H      11
      6   H       9
      7   O       5
      8   H       6
      9   H       9
     10   O      14
     11   H      17
     12   H       7
     13   O       9
     14   H      12
     15   H      11
     16   O      10
     17   H       8
     18   H      13
    620      18       2  -2.54845023E+01  ../Water/train2000_1053.xsf
      1   O      14
      2   H      16
      3   H       9
      4   O      10
      5   H      10
      6   H       6
      7   O       6
      8   H       4
      9   H       9
     10   O      15
     11   H       8
     12   H      12
     13   O      11
     14   H      12
     15   H      11
     16   O       9
     17   H      11
     18   H       9
    621      18       2  -2.54838690E+01  ../Water/train2000_1054.xsf
      1   O      15
      2   H      15
      3   H      16
      4   O      11
      5   H      11
      6   H       6
      7   O       6
      8   H       6
      9   H       8
     10   O      12
     11   H       8
     12   H      11
     13   O      12
     14   H      13
     15   H      11
     16   O       8
     17   H      12
     18   H       5
    622      18       2  -2.54837751E+01  ../Water/train2000_1055.xsf
      1   O      14
      2   H      12
      3   H      16
      4   O       9
      5   H      11
      6   H       3
      7   O       7
      8   H      10
      9   H       9
     10   O       9
     11   H      11
     12   H       7
     13   O      11
     14   H      11
     15   H       8
     16   O      11
     17   H      10
     18   H      11
    623      18       2  -2.54843063E+01  ../Water/train2000_1056.xsf
      1   O      14
      2   H      10
      3   H      14
      4   O       8
      5   H      10
      6   H       8
      7   O       6
      8   H       9
      9   H       8
     10   O      10
     11   H      12
     12   H       6
     13   O      10
     14   H      10
     15   H       9
     16   O       9
     17   H       3
     18   H      10
    624      18       2  -2.54835771E+01  ../Water/train2000_1057.xsf
      1   O      11
      2   H       7
      3   H      11
      4   O       5
      5   H       7
      6   H       8
      7   O       6
      8   H       4
      9   H       6
     10   O      10
     11   H      13
     12   H       7
     13   O      11
     14   H      11
     15   H       8
     16   O       5
     17   H       3
     18   H       7
    625      18       2  -2.54835751E+01  ../Water/train2000_1058.xsf
      1   O       9
      2   H      15
      3   H       6
      4   O       7
      5   H       7
      6   H       9
      7   O       7
      8   H       4
      9   H       8
     10   O      11
     11   H      12
     12   H       9
     13   O      11
     14   H       9
     15   H       6
     16   O       5
     17   H       5
     18   H       4
    626      18       2  -2.54838362E+01  ../Water/train2000_1059.xsf
      1   O      12
      2   H      12
      3   H      10
      4   O       9
      5   H       8
      6   H       9
      7   O       7
      8   H       4
      9   H      10
     10   O      13
     11   H      14
     12   H      10
     13   O      12
     14   H      15
     15   H      10
     16   O       6
     17   H       6
     18   H       9
    627      18       2  -2.54838638E+01  ../Water/train2000_1060.xsf
      1   O      13
      2   H       6
      3   H      15
      4   O      11
      5   H      10
      6   H      11
      7   O       7
      8   H       4
      9   H       8
     10   O      11
     11   H      13
     12   H       8
     13   O      13
     14   H      13
     15   H      14
     16   O       7
     17   H       5
     18   H       7
    628      18       2  -2.54843063E+01  ../Water/train2000_1061.xsf
      1   O      14
      2   H       9
      3   H      15
      4   O       9
      5   H       8
      6   H      13
      7   O       9
      8   H       8
      9   H      13
     10   O      12
     11   H      11
     12   H       6
     13   O      12
     14   H      14
     15   H      13
     16   O       8
     17   H       9
     18   H       7
    629      18       2  -2.54833830E+01  ../Water/train2000_1062.xsf
      1   O      13
      2   H       8
      3   H      15
      4   O      10
      5   H      10
      6   H       7
      7   O       7
      8   H      12
      9   H       7
     10   O      11
     11   H      12
     12   H       7
     13   O      11
     14   H      10
     15   H      12
     16   O       7
     17   H       7
     18   H       6
    630      18       2  -2.54841944E+01  ../Water/train2000_1063.xsf
      1   O      13
      2   H      10
      3   H      11
      4   O       8
      5   H      11
      6   H       4
      7   O       9
      8   H      10
      9   H       3
     10   O       9
     11   H       6
     12   H      11
     13   O       7
     14   H       8
     15   H      12
     16   O       6
     17   H       6
     18   H       4
    631      18       2  -2.54835997E+01  ../Water/train2000_1064.xsf
      1   O      11
      2   H      16
      3   H       6
      4   O      10
      5   H      12
      6   H       9
      7   O       9
      8   H      12
      9   H       8
     10   O      12
     11   H       8
     12   H      12
     13   O       9
     14   H       6
     15   H       7
     16   O       5
     17   H       6
     18   H       4
    632      18       2  -2.54841870E+01  ../Water/train2000_1065.xsf
      1   O      13
      2   H      15
      3   H       9
      4   O       9
      5   H      10
      6   H      10
      7   O      11
      8   H       6
      9   H      10
     10   O      12
     11   H      13
     12   H       9
     13   O       6
     14   H       9
     15   H       4
     16   O       5
     17   H       4
     18   H       7
    633      18       2  -2.54833231E+01  ../Water/train2000_1066.xsf
      1   O      14
      2   H      15
      3   H      10
      4   O      10
      5   H      10
      6   H       9
      7   O      11
      8   H       9
      9   H      15
     10   O       9
     11   H       5
     12   H      11
     13   O       6
     14   H       7
     15   H       9
     16   O       6
     17   H       4
     18   H       8
    634      18       2  -2.54839265E+01  ../Water/train2000_1067.xsf
      1   O      13
      2   H      15
      3   H      14
      4   O       8
      5   H       6
      6   H      11
      7   O      11
      8   H       7
      9   H      14
     10   O      11
     11   H      11
     12   H      11
     13   O       6
     14   H       5
     15   H       6
     16   O       9
     17   H       7
     18   H      11
    635      18       2  -2.54842287E+01  ../Water/train2000_1068.xsf
      1   O      12
      2   H      13
      3   H      14
      4   O       7
      5   H       4
      6   H      11
      7   O      13
      8   H      12
      9   H       7
     10   O      10
     11   H       7
     12   H      12
     13   O       8
     14   H       8
     15   H       7
     16   O      10
     17   H       5
     18   H      12
    636      18       2  -2.54841582E+01  ../Water/train2000_1069.xsf
      1   O      11
      2   H      10
      3   H      14
      4   O       9
      5   H       6
      6   H      10
      7   O       8
      8   H      10
      9   H       9
     10   O      11
     11   H      11
     12   H       8
     13   O       7
     14   H       3
     15   H       8
     16   O      12
     17   H       5
     18   H      10
    637      18       2  -2.54838864E+01  ../Water/train2000_1070.xsf
      1   O       7
      2   H       6
      3   H      15
      4   O      10
      5   H       4
      6   H       9
      7   O      10
      8   H      10
      9   H      10
     10   O      13
     11   H      12
     12   H      10
     13   O       6
     14   H       3
     15   H       8
     16   O      11
     17   H      12
     18   H      12
    638      18       2  -2.54831671E+01  ../Water/train2000_1071.xsf
      1   O      12
      2   H       8
      3   H      16
      4   O       8
      5   H       5
      6   H       9
      7   O      10
      8   H      12
      9   H      11
     10   O      12
     11   H      12
     12   H       7
     13   O       8
     14   H       6
     15   H       9
     16   O      11
     17   H      12
     18   H       4
    639      18       2  -2.54834010E+01  ../Water/train2000_1072.xsf
      1   O      12
      2   H      10
      3   H      16
      4   O       9
      5   H       8
      6   H       8
      7   O      11
      8   H      13
      9   H       7
     10   O      12
     11   H      12
     12   H       6
     13   O       8
     14   H       6
     15   H       9
     16   O       9
     17   H      14
     18   H       4
    640      18       2  -2.54846679E+01  ../Water/train2000_1073.xsf
      1   O      15
      2   H      11
      3   H      17
      4   O       9
      5   H       7
      6   H      11
      7   O      11
      8   H       5
      9   H      10
     10   O      12
     11   H       7
     12   H      12
     13   O       6
     14   H       5
     15   H       7
     16   O      12
     17   H      11
     18   H       6
    641      18       2  -2.54842470E+01  ../Water/train2000_1074.xsf
      1   O      14
      2   H      15
      3   H       7
      4   O       7
      5   H       4
      6   H       9
      7   O      12
      8   H      13
      9   H      10
     10   O      11
     11   H       3
     12   H      12
     13   O       8
     14   H       6
     15   H       8
     16   O      13
     17   H      10
     18   H      10
    642      18       2  -2.54840792E+01  ../Water/train2000_1075.xsf
      1   O      14
      2   H       9
      3   H      15
      4   O       6
      5   H       6
      6   H      10
      7   O      11
      8   H      14
      9   H      10
     10   O      11
     11   H       8
     12   H      11
     13   O       6
     14   H       4
     15   H       9
     16   O      12
     17   H      11
     18   H       9
    643      18       2  -2.54840086E+01  ../Water/train2000_1076.xsf
      1   O      11
      2   H       9
      3   H      10
      4   O       8
      5   H       5
      6   H      10
      7   O       8
      8   H      12
      9   H       7
     10   O       9
     11   H      13
     12   H       8
     13   O       7
     14   H       4
     15   H       7
     16   O      12
     17   H      10
     18   H       4
    644      18       2  -2.54843835E+01  ../Water/train2000_1077.xsf
      1   O      12
      2   H      16
      3   H       6
      4   O       8
      5   H       6
      6   H      10
      7   O      11
      8   H       8
      9   H      10
     10   O      11
     11   H      12
     12   H       6
     13   O       8
     14   H       9
     15   H       8
     16   O      13
     17   H      15
     18   H       9
    645      18       2  -2.54842471E+01  ../Water/train2000_1078.xsf
      1   O      15
      2   H      15
      3   H       6
      4   O       7
      5   H      10
      6   H       9
      7   O      11
      8   H       5
      9   H      12
     10   O      13
     11   H      12
     12   H       8
     13   O       9
     14   H       6
     15   H      10
     16   O      13
     17   H      12
     18   H      13
    646      18       2  -2.54842087E+01  ../Water/train2000_1079.xsf
      1   O      13
      2   H      15
      3   H      10
      4   O       7
      5   H       7
      6   H       7
      7   O      10
      8   H       7
      9   H      12
     10   O       8
     11   H       9
     12   H      11
     13   O       8
     14   H       4
     15   H      11
     16   O      12
     17   H       6
     18   H       9
    647      18       2  -2.54836850E+01  ../Water/train2000_1080.xsf
      1   O      11
      2   H      11
      3   H      14
      4   O       5
      5   H       8
      6   H       4
      7   O      11
      8   H      10
      9   H       9
     10   O       6
     11   H       5
     12   H       9
     13   O      10
     14   H       7
     15   H      10
     16   O      11
     17   H       4
     18   H      13
    648      18       2  -2.54843621E+01  ../Water/train2000_1081.xsf
      1   O      11
      2   H      10
      3   H      10
      4   O       7
      5   H       7
      6   H       3
      7   O      10
      8   H       7
      9   H      10
     10   O       5
     11   H       9
     12   H       6
     13   O      11
     14   H       9
     15   H       9
     16   O      11
     17   H       7
     18   H      14
    649      18       2  -2.54840749E+01  ../Water/train2000_1082.xsf
      1   O      12
      2   H      12
      3   H       6
      4   O       6
      5   H       7
      6   H       3
      7   O      11
      8   H       6
      9   H      12
     10   O       7
     11   H       9
     12   H       9
     13   O       8
     14   H      10
     15   H       7
     16   O      12
     17   H      13
     18   H       6
    650      18       2  -2.54838068E+01  ../Water/train2000_1083.xsf
      1   O      11
      2   H      16
      3   H       8
      4   O       8
      5   H      10
      6   H       7
      7   O      11
      8   H      11
      9   H      11
     10   O       8
     11   H       9
     12   H       7
     13   O      12
     14   H      14
     15   H       7
     16   O      13
     17   H      14
     18   H      11
    651      18       2  -2.54843279E+01  ../Water/train2000_1084.xsf
      1   O      10
      2   H      15
      3   H       7
      4   O      11
      5   H      10
      6   H      11
      7   O       9
      8   H       9
      9   H       6
     10   O       8
     11   H       6
     12   H       9
     13   O      10
     14   H      11
     15   H       7
     16   O      14
     17   H      14
     18   H       7
    652      18       2  -2.54837047E+01  ../Water/train2000_1085.xsf
      1   O      13
      2   H       6
      3   H      15
      4   O       9
      5   H       6
      6   H      11
      7   O       9
      8   H       8
      9   H      12
     10   O       9
     11   H       5
     12   H      11
     13   O      10
     14   H      10
     15   H       9
     16   O      11
     17   H      14
     18   H      10
    653      18       2  -2.54840407E+01  ../Water/train2000_1086.xsf
      1   O      12
      2   H       8
      3   H      15
      4   O       8
      5   H       4
      6   H       9
      7   O      11
      8   H      11
      9   H       9
     10   O       8
     11   H       8
     12   H       9
     13   O      11
     14   H       6
     15   H      14
     16   O      14
     17   H       6
     18   H      13
    654      18       2  -2.54837783E+01  ../Water/train2000_1087.xsf
      1   O      12
      2   H      10
      3   H      12
      4   O       8
      5   H       5
      6   H       5
      7   O      10
      8   H       9
      9   H      14
     10   O       8
     11   H       9
     12   H       9
     13   O      12
     14   H       8
     15   H      15
     16   O       8
     17   H       6
     18   H      12
    655      18       2  -2.54836032E+01  ../Water/train2000_1088.xsf
      1   O      10
      2   H       6
      3   H      17
      4   O       8
      5   H       8
      6   H       6
      7   O      12
      8   H      12
      9   H       8
     10   O       7
     11   H       9
     12   H      10
     13   O      10
     14   H      13
     15   H      12
     16   O       8
     17   H      10
     18   H       8
    656      18       2  -2.54846673E+01  ../Water/train2000_1089.xsf
      1   O      13
      2   H       7
      3   H      11
      4   O       7
      5   H       8
      6   H       6
      7   O      10
      8   H      12
      9   H       7
     10   O       9
     11   H      10
     12   H      11
     13   O       8
     14   H      10
     15   H       9
     16   O       9
     17   H      11
     18   H       4
    657      18       2  -2.54832518E+01  ../Water/train2000_1090.xsf
      1   O      15
      2   H      14
      3   H       8
      4   O       8
      5   H       7
      6   H       7
      7   O      12
      8   H      12
      9   H      10
     10   O      10
     11   H       9
     12   H      12
     13   O      10
     14   H      10
     15   H       9
     16   O      11
     17   H      10
     18   H      10
    658      18       2  -2.54847241E+01  ../Water/train2000_1091.xsf
      1   O      13
      2   H      16
      3   H       8
      4   O       7
      5   H       8
      6   H       5
      7   O       8
      8   H      13
      9   H       8
     10   O       9
     11   H       5
     12   H       9
     13   O       9
     14   H       8
     15   H      10
     16   O       9
     17   H      10
     18   H       9
    659      18       2  -2.54845525E+01  ../Water/train2000_1092.xsf
      1   O      15
      2   H      14
      3   H       9
      4   O       6
      5   H       8
      6   H       3
      7   O       9
      8   H       9
      9   H       9
     10   O       9
     11   H       5
     12   H      11
     13   O       8
     14   H       8
     15   H       3
     16   O       7
     17   H      10
     18   H       7
    660      18       2  -2.54843129E+01  ../Water/train2000_1093.xsf
      1   O      14
      2   H      14
      3   H      11
      4   O       6
      5   H       8
      6   H       3
      7   O      12
      8   H      10
      9   H       9
     10   O      10
     11   H       4
     12   H      11
     13   O       7
     14   H       8
     15   H       9
     16   O       8
     17   H       6
     18   H      10
    661      18       2  -2.54837890E+01  ../Water/train2000_1094.xsf
      1   O      15
      2   H      14
      3   H       9
      4   O       7
      5   H       8
      6   H       6
      7   O      10
      8   H      11
      9   H       7
     10   O       8
     11   H       5
     12   H      10
     13   O       8
     14   H       4
     15   H      10
     16   O       9
     17   H       8
     18   H      11
    662      18       2  -2.54832301E+01  ../Water/train2000_1095.xsf
      1   O      15
      2   H      15
      3   H       9
      4   O       7
      5   H       6
      6   H       8
      7   O       7
      8   H      10
      9   H       9
     10   O       7
     11   H       9
     12   H       8
     13   O       8
     14   H       5
     15   H       8
     16   O      10
     17   H      11
     18   H       6
    663      18       2  -2.54843831E+01  ../Water/train2000_1096.xsf
      1   O      13
      2   H      16
      3   H      10
      4   O       6
      5   H       4
      6   H       8
      7   O       9
      8   H       4
      9   H      10
     10   O       8
     11   H      10
     12   H       8
     13   O       7
     14   H       7
     15   H       9
     16   O       9
     17   H       8
     18   H      10
    664      18       2  -2.54835756E+01  ../Water/train2000_1097.xsf
      1   O      14
      2   H      12
      3   H       9
      4   O       7
      5   H       8
      6   H       6
      7   O      11
      8   H       6
      9   H      13
     10   O       8
     11   H      12
     12   H       8
     13   O      10
     14   H       9
     15   H      13
     16   O       8
     17   H       8
     18   H       4
    665      18       2  -2.54843315E+01  ../Water/train2000_1098.xsf
      1   O      12
      2   H      11
      3   H      10
      4   O       7
      5   H       9
      6   H       4
      7   O       8
      8   H       5
      9   H      13
     10   O       9
     11   H      14
     12   H       5
     13   O      13
     14   H      11
     15   H      12
     16   O       5
     17   H       6
     18   H       6
    666      18       2  -2.54841244E+01  ../Water/train2000_1099.xsf
      1   O      12
      2   H      11
      3   H      12
      4   O       7
      5   H       7
      6   H       5
      7   O      12
      8   H       7
      9   H      13
     10   O      14
     11   H      12
     12   H      13
     13   O      13
     14   H       8
     15   H      14
     16   O       7
     17   H       6
     18   H       9
    667      18       2  -2.54836263E+01  ../Water/train2000_1100.xsf
      1   O      10
      2   H       7
      3   H      11
      4   O       7
      5   H       7
      6   H       8
      7   O      10
      8   H       6
      9   H      13
     10   O      13
     11   H      15
     12   H       7
     13   O      10
     14   H       9
     15   H      12
     16   O       5
     17   H       9
     18   H       3
    668      18       2  -2.54843463E+01  ../Water/train2000_1101.xsf
      1   O      13
      2   H       9
      3   H      12
      4   O       8
      5   H      12
      6   H       7
      7   O      11
      8   H       6
      9   H      12
     10   O      13
     11   H      17
     12   H       8
     13   O       9
     14   H      11
     15   H       7
     16   O       6
     17   H       8
     18   H       5
    669      18       2  -2.54832387E+01  ../Water/train2000_1102.xsf
      1   O      14
      2   H      15
      3   H      13
      4   O      12
      5   H      12
      6   H       6
      7   O      12
      8   H       8
      9   H      12
     10   O      16
     11   H      15
     12   H       9
     13   O      11
     14   H      13
     15   H       8
     16   O       8
     17   H       8
     18   H       6
    670      18       2  -2.54852467E+01  ../Water/train2000_1103.xsf
      1   O      11
      2   H      11
      3   H      14
      4   O      13
      5   H      13
      6   H       8
      7   O      10
      8   H       9
      9   H       8
     10   O      13
     11   H       8
     12   H      12
     13   O       9
     14   H      11
     15   H       6
     16   O       8
     17   H       8
     18   H       4
    671      18       2  -2.54840803E+01  ../Water/train2000_1104.xsf
      1   O      11
      2   H      11
      3   H      10
      4   O      13
      5   H      12
      6   H      14
      7   O      11
      8   H      13
      9   H       7
     10   O      13
     11   H      10
     12   H      15
     13   O      10
     14   H       9
     15   H       8
     16   O       7
     17   H       9
     18   H       3
    672      18       2  -2.54845245E+01  ../Water/train2000_1105.xsf
      1   O      12
      2   H      12
      3   H      13
      4   O      12
      5   H      10
      6   H      15
      7   O      11
      8   H      11
      9   H       7
     10   O      13
     11   H       8
     12   H      13
     13   O      10
     14   H      13
     15   H      10
     16   O       8
     17   H       9
     18   H       5
    673      18       2  -2.54838079E+01  ../Water/train2000_1106.xsf
      1   O      11
      2   H       7
      3   H      14
      4   O       9
      5   H       6
      6   H      11
      7   O      10
      8   H      12
      9   H       6
     10   O      11
     11   H       9
     12   H      14
     13   O       9
     14   H       9
     15   H      12
     16   O       7
     17   H       6
     18   H       7
    674      18       2  -2.54838476E+01  ../Water/train2000_1107.xsf
      1   O      12
      2   H      10
      3   H      14
      4   O      11
      5   H       6
      6   H       9
      7   O      10
      8   H      10
      9   H      10
     10   O       8
     11   H       5
     12   H      13
     13   O      13
     14   H      10
     15   H      14
     16   O       4
     17   H       3
     18   H       6
    675      18       2  -2.54842532E+01  ../Water/train2000_1108.xsf
      1   O      16
      2   H      12
      3   H      13
      4   O      10
      5   H      11
      6   H      13
      7   O       9
      8   H       7
      9   H      11
     10   O       9
     11   H       6
     12   H      13
     13   O      11
     14   H       5
     15   H      12
     16   O       5
     17   H       4
     18   H       9
    676      18       2  -2.54832166E+01  ../Water/train2000_1109.xsf
      1   O      14
      2   H      13
      3   H      13
      4   O      11
      5   H      10
      6   H      14
      7   O       8
      8   H       6
      9   H      10
     10   O       7
     11   H      13
     12   H       5
     13   O      11
     14   H       5
     15   H       9
     16   O       5
     17   H       6
     18   H       6
    677      18       2  -2.54839162E+01  ../Water/train2000_1110.xsf
      1   O      16
      2   H      15
      3   H       9
      4   O      13
      5   H      15
      6   H      12
      7   O       8
      8   H       8
      9   H      11
     10   O      11
     11   H      11
     12   H       7
     13   O      11
     14   H       8
     15   H      11
     16   O       6
     17   H      10
     18   H       4
    678      18       2  -2.54841770E+01  ../Water/train2000_1111.xsf
      1   O      13
      2   H      12
      3   H       8
      4   O      12
      5   H      15
      6   H      10
      7   O       8
      8   H       9
      9   H       4
     10   O      11
     11   H       5
     12   H       9
     13   O       9
     14   H       4
     15   H      10
     16   O       6
     17   H      10
     18   H       3
    679      18       2  -2.54844404E+01  ../Water/train2000_1112.xsf
      1   O      11
      2   H       9
      3   H      12
      4   O      11
      5   H      11
      6   H      10
      7   O       7
      8   H      10
      9   H       3
     10   O      11
     11   H       7
     12   H      13
     13   O      11
     14   H       8
     15   H      12
     16   O      10
     17   H       8
     18   H       8
    680      18       2  -2.54841272E+01  ../Water/train2000_1113.xsf
      1   O      11
      2   H      16
      3   H      12
      4   O      13
      5   H       8
      6   H      16
      7   O      10
      8   H      11
      9   H       9
     10   O      10
     11   H       9
     12   H       9
     13   O       9
     14   H       5
     15   H      14
     16   O      12
     17   H       9
     18   H      11
    681      18       2  -2.54835388E+01  ../Water/train2000_1114.xsf
      1   O      10
      2   H       9
      3   H      10
      4   O      12
      5   H       8
      6   H       9
      7   O       8
      8   H       9
      9   H       4
     10   O       8
     11   H      10
     12   H      11
     13   O       9
     14   H       6
     15   H      11
     16   O      10
     17   H      10
     18   H      10
    682      18       2  -2.54843568E+01  ../Water/train2000_1115.xsf
      1   O       9
      2   H      11
      3   H      10
      4   O      11
      5   H      10
      6   H      15
      7   O      10
      8   H      11
      9   H       4
     10   O       8
     11   H       3
     12   H       9
     13   O      11
     14   H       8
     15   H      13
     16   O      10
     17   H       3
     18   H       8
    683      18       2  -2.54842768E+01  ../Water/train2000_1116.xsf
      1   O      13
      2   H      15
      3   H      10
      4   O      15
      5   H      12
      6   H      14
      7   O      10
      8   H      14
      9   H       5
     10   O       8
     11   H       7
     12   H      10
     13   O      10
     14   H      11
     15   H      12
     16   O      10
     17   H      11
     18   H       9
    684      18       2  -2.54846872E+01  ../Water/train2000_1117.xsf
      1   O      16
      2   H      15
      3   H      13
      4   O      16
      5   H      12
      6   H      14
      7   O      13
      8   H      14
      9   H       8
     10   O       9
     11   H       7
     12   H       9
     13   O      11
     14   H      13
     15   H       9
     16   O      10
     17   H       8
     18   H       9
    685      18       2  -2.54845724E+01  ../Water/train2000_1118.xsf
      1   O      15
      2   H      15
      3   H      11
      4   O      13
      5   H      14
      6   H       6
      7   O      11
      8   H      14
      9   H      11
     10   O      12
     11   H      10
     12   H      10
     13   O      12
     14   H      11
     15   H      10
     16   O      10
     17   H       4
     18   H      13
    686      18       2  -2.54847837E+01  ../Water/train2000_1119.xsf
      1   O      12
      2   H      10
      3   H       8
      4   O      13
      5   H      15
      6   H       8
      7   O      10
      8   H       9
      9   H      11
     10   O      10
     11   H      12
     12   H      10
     13   O       9
     14   H      12
     15   H       4
     16   O      10
     17   H       6
     18   H      11
    687      18       2  -2.54843023E+01  ../Water/train2000_1120.xsf
      1   O       8
      2   H      13
      3   H       9
      4   O      13
      5   H      16
      6   H       7
      7   O       9
      8   H      11
      9   H      12
     10   O       9
     11   H      10
     12   H       8
     13   O       9
     14   H      10
     15   H       3
     16   O      10
     17   H      11
     18   H       6
    688      18       2  -2.54841126E+01  ../Water/train2000_1121.xsf
      1   O      12
      2   H       9
      3   H       6
      4   O      12
      5   H      12
      6   H      12
      7   O      13
      8   H       8
      9   H      17
     10   O      10
     11   H      13
     12   H      10
     13   O       8
     14   H      10
     15   H      11
     16   O       7
     17   H      10
     18   H       4
    689      18       2  -2.54839824E+01  ../Water/train2000_1122.xsf
      1   O      13
      2   H      15
      3   H       8
      4   O      12
      5   H       7
      6   H      11
      7   O      14
      8   H       7
      9   H      17
     10   O       9
     11   H      11
     12   H      11
     13   O       8
     14   H       6
     15   H      10
     16   O       9
     17   H       9
     18   H      11
    690      18       2  -2.54839906E+01  ../Water/train2000_1123.xsf
      1   O      11
      2   H      14
      3   H      11
      4   O      13
      5   H       8
      6   H      14
      7   O      12
      8   H       4
      9   H      12
     10   O      10
     11   H      10
     12   H      13
     13   O       8
     14   H       3
     15   H      11
     16   O       9
     17   H      10
     18   H       9
    691      18       2  -2.54845234E+01  ../Water/train2000_1124.xsf
      1   O      13
      2   H      12
      3   H      13
      4   O      15
      5   H       7
      6   H      15
      7   O      13
      8   H       8
      9   H      16
     10   O      11
     11   H      12
     12   H       7
     13   O      10
     14   H      14
     15   H       9
     16   O       9
     17   H      11
     18   H      11
    692      18       2  -2.54839311E+01  ../Water/train2000_1125.xsf
      1   O      15
      2   H      12
      3   H      17
      4   O      13
      5   H       7
      6   H      13
      7   O      13
      8   H       9
      9   H      16
     10   O      11
     11   H      11
     12   H      10
     13   O      11
     14   H      13
     15   H       8
     16   O       8
     17   H       7
     18   H      10
    693      18       2  -2.54846743E+01  ../Water/train2000_1126.xsf
      1   O      14
      2   H      10
      3   H      15
      4   O      10
      5   H       3
      6   H       7
      7   O       9
      8   H       5
      9   H      11
     10   O       9
     11   H       8
     12   H      11
     13   O       9
     14   H      10
     15   H       5
     16   O       7
     17   H       4
     18   H       9
    694      18       2  -2.54842562E+01  ../Water/train2000_1127.xsf
      1   O      11
      2   H      11
      3   H      14
      4   O       8
      5   H       7
      6   H       6
      7   O      13
      8   H       7
      9   H      12
     10   O      11
     11   H       9
     12   H      11
     13   O       8
     14   H       7
     15   H      13
     16   O       8
     17   H       5
     18   H       9
    695      18       2  -2.54841149E+01  ../Water/train2000_1128.xsf
      1   O      13
      2   H       8
      3   H      14
      4   O       6
      5   H       7
      6   H       7
      7   O      13
      8   H       6
      9   H      13
     10   O      12
     11   H      13
     12   H       8
     13   O      12
     14   H      14
     15   H      11
     16   O      10
     17   H       8
     18   H      11
    696      18       2  -2.54840243E+01  ../Water/train2000_1129.xsf
      1   O      12
      2   H       7
      3   H      14
      4   O       8
      5   H       8
      6   H       8
      7   O      15
      8   H       7
      9   H      13
     10   O      12
     11   H      12
     12   H      12
     13   O      13
     14   H      12
     15   H      13
     16   O       9
     17   H       8
     18   H       7
    697      18       2  -2.54844050E+01  ../Water/train2000_1130.xsf
      1   O      14
      2   H      13
      3   H      11
      4   O       7
      5   H      10
      6   H       7
      7   O      13
      8   H      10
      9   H      14
     10   O      12
     11   H      10
     12   H       9
     13   O      11
     14   H       8
     15   H      14
     16   O       6
     17   H       7
     18   H       6
    698      18       2  -2.54836966E+01  ../Water/train2000_1131.xsf
      1   O      14
      2   H       6
      3   H      13
      4   O       7
      5   H      10
      6   H       7
      7   O      12
      8   H       9
      9   H      13
     10   O      11
     11   H      14
     12   H       6
     13   O       8
     14   H      10
     15   H       9
     16   O       5
     17   H       7
     18   H       3
    699      18       2  -2.54833671E+01  ../Water/train2000_1132.xsf
      1   O      14
      2   H       6
      3   H      13
      4   O       7
      5   H      10
      6   H       8
      7   O      11
      8   H       8
      9   H      12
     10   O      11
     11   H      11
     12   H       6
     13   O       9
     14   H       9
     15   H       7
     16   O       5
     17   H       7
     18   H       4
    700      18       2  -2.54837147E+01  ../Water/train2000_1133.xsf
      1   O      13
      2   H       9
      3   H      14
      4   O       6
      5   H       7
      6   H       6
      7   O      10
      8   H       5
      9   H      12
     10   O      11
     11   H      13
     12   H       8
     13   O      13
     14   H       9
     15   H      11
     16   O       5
     17   H       5
     18   H       7
    701      18       2  -2.54841635E+01  ../Water/train2000_1134.xsf
      1   O      15
      2   H      12
      3   H      13
      4   O      10
      5   H       7
      6   H       8
      7   O      10
      8   H       7
      9   H      14
     10   O      12
     11   H      14
     12   H      12
     13   O      13
     14   H      12
     15   H      11
     16   O       5
     17   H       6
     18   H       7
    702      18       2  -2.54839072E+01  ../Water/train2000_1135.xsf
      1   O      15
      2   H      12
      3   H      15
      4   O      10
      5   H      10
      6   H       9
      7   O      13
      8   H       6
      9   H      11
     10   O      13
     11   H      13
     12   H      15
     13   O      12
     14   H      13
     15   H      11
     16   O       8
     17   H       5
     18   H       9
    703      18       2  -2.54848409E+01  ../Water/train2000_1136.xsf
      1   O      13
      2   H       9
      3   H      16
      4   O      10
      5   H       5
      6   H      10
      7   O      12
      8   H       7
      9   H      14
     10   O      15
     11   H      12
     12   H      15
     13   O      11
     14   H      11
     15   H      12
     16   O       9
     17   H       7
     18   H      10
    704      18       2  -2.54837617E+01  ../Water/train2000_1137.xsf
      1   O      14
      2   H       9
      3   H      16
      4   O       8
      5   H       8
      6   H      11
      7   O      13
      8   H      11
      9   H      10
     10   O      14
     11   H       8
     12   H      17
     13   O       9
     14   H      11
     15   H      12
     16   O      10
     17   H       9
     18   H      10
    705      18       2  -2.54844259E+01  ../Water/train2000_1138.xsf
      1   O      11
      2   H       9
      3   H      15
      4   O       8
      5   H       8
      6   H       9
      7   O      12
      8   H      10
      9   H      13
     10   O      12
     11   H       7
     12   H      16
     13   O      11
     14   H      10
     15   H      10
     16   O      10
     17   H      11
     18   H      10
    706      18       2  -2.54843879E+01  ../Water/train2000_1139.xsf
      1   O      14
      2   H      13
      3   H       6
      4   O       7
      5   H       7
      6   H       8
      7   O      13
      8   H      10
      9   H      11
     10   O      11
     11   H      15
     12   H       7
     13   O      11
     14   H      14
     15   H      11
     16   O      10
     17   H      10
     18   H      10
    707      18       2  -2.54842527E+01  ../Water/train2000_1140.xsf
      1   O      16
      2   H      16
      3   H      10
      4   O       6
      5   H       7
      6   H       5
      7   O      12
      8   H       8
      9   H      13
     10   O      11
     11   H      11
     12   H       5
     13   O      13
     14   H      13
     15   H      14
     16   O       9
     17   H      11
     18   H       8
    708      18       2  -2.54843679E+01  ../Water/train2000_1141.xsf
      1   O      16
      2   H      16
      3   H      15
      4   O       8
      5   H       8
      6   H       7
      7   O      12
      8   H      11
      9   H      10
     10   O      13
     11   H      12
     12   H       8
     13   O      11
     14   H      11
     15   H      13
     16   O      10
     17   H      11
     18   H       4
    709      18       2  -2.54841180E+01  ../Water/train2000_1142.xsf
      1   O      17
      2   H      15
      3   H      12
      4   O       7
      5   H       7
      6   H       9
      7   O      11
      8   H      12
      9   H       8
     10   O      12
     11   H      12
     12   H      10
     13   O       9
     14   H      14
     15   H      11
     16   O       8
     17   H      10
     18   H       6
    710      18       2  -2.54848819E+01  ../Water/train2000_1143.xsf
      1   O      14
      2   H      15
      3   H      11
      4   O       7
      5   H       3
      6   H       8
      7   O      10
      8   H       7
      9   H      10
     10   O      13
     11   H      11
     12   H      10
     13   O       9
     14   H      13
     15   H      10
     16   O      10
     17   H      11
     18   H       4
    711      18       2  -2.54836496E+01  ../Water/train2000_1144.xsf
      1   O      16
      2   H      16
      3   H      11
      4   O       9
      5   H       9
      6   H       7
      7   O      12
      8   H       9
      9   H      11
     10   O      13
     11   H      13
     12   H      11
     13   O      11
     14   H      16
     15   H      12
     16   O      11
     17   H      11
     18   H      10
    712      18       2  -2.54841539E+01  ../Water/train2000_1145.xsf
      1   O      13
      2   H      15
      3   H       8
      4   O       7
      5   H       8
      6   H       3
      7   O      10
      8   H       5
      9   H       9
     10   O      10
     11   H      11
     12   H      12
     13   O      12
     14   H      14
     15   H       9
     16   O      10
     17   H      11
     18   H       5
    713      18       2  -2.54844115E+01  ../Water/train2000_1146.xsf
      1   O      12
      2   H      12
      3   H      12
      4   O      10
      5   H      12
      6   H       6
      7   O       9
      8   H       6
      9   H       9
     10   O       9
     11   H      13
     12   H       9
     13   O      13
     14   H      13
     15   H      14
     16   O      10
     17   H       8
     18   H       5
    714      18       2  -2.54841689E+01  ../Water/train2000_1147.xsf
      1   O      17
      2   H      16
      3   H      13
      4   O      11
      5   H      10
      6   H      13
      7   O      12
      8   H      10
      9   H      14
     10   O      13
     11   H      12
     12   H      14
     13   O      14
     14   H      16
     15   H      14
     16   O      10
     17   H      10
     18   H       5
    715      18       2  -2.54850808E+01  ../Water/train2000_1148.xsf
      1   O      15
      2   H      16
      3   H      11
      4   O      11
      5   H      10
      6   H      11
      7   O      10
      8   H       4
      9   H      10
     10   O      15
     11   H      14
     12   H      13
     13   O      12
     14   H      12
     15   H      14
     16   O      11
     17   H      11
     18   H       8
    716      18       2  -2.54840263E+01  ../Water/train2000_1149.xsf
      1   O      16
      2   H      15
      3   H       9
      4   O      12
      5   H      10
      6   H      13
      7   O      10
      8   H       7
      9   H      10
     10   O      17
     11   H      17
     12   H      15
     13   O      13
     14   H      13
     15   H      13
     16   O       9
     17   H      11
     18   H      10
    717      18       2  -2.54843372E+01  ../Water/train2000_1150.xsf
      1   O      13
      2   H      13
      3   H      11
      4   O      11
      5   H      12
      6   H      12
      7   O      10
      8   H      10
      9   H      10
     10   O      16
     11   H      17
     12   H      10
     13   O      11
     14   H      12
     15   H      13
     16   O       8
     17   H       8
     18   H       7
    718      18       2  -2.54839592E+01  ../Water/train2000_1151.xsf
      1   O      13
      2   H      11
      3   H      13
      4   O      11
      5   H      10
      6   H      14
      7   O      10
      8   H      10
      9   H       8
     10   O      14
     11   H      14
     12   H       8
     13   O      11
     14   H      14
     15   H      10
     16   O       7
     17   H       8
     18   H       8
    719      18       2  -2.54840423E+01  ../Water/train2000_1152.xsf
      1   O      13
      2   H       8
      3   H      12
      4   O      11
      5   H      13
      6   H      12
      7   O       9
      8   H       9
      9   H       3
     10   O      15
     11   H      12
     12   H      10
     13   O      12
     14   H      13
     15   H       8
     16   O       6
     17   H       7
     18   H       7
    720      18       2  -2.54845900E+01  ../Water/train2000_1153.xsf
      1   O      11
      2   H       7
      3   H      11
      4   O      11
      5   H      14
      6   H      10
      7   O       9
      8   H      10
      9   H       4
     10   O      14
     11   H       9
     12   H      15
     13   O       9
     14   H      13
     15   H       7
     16   O       8
     17   H       8
     18   H       8
    721      18       2  -2.54843683E+01  ../Water/train2000_1154.xsf
      1   O      14
      2   H       8
      3   H      15
      4   O      12
      5   H       8
      6   H      13
      7   O      10
      8   H      11
      9   H       7
     10   O      14
     11   H      10
     12   H      13
     13   O       9
     14   H       9
     15   H      10
     16   O       9
     17   H       8
     18   H      12
    722      18       2  -2.54836935E+01  ../Water/train2000_1155.xsf
      1   O      14
      2   H      10
      3   H      16
      4   O      13
      5   H      14
      6   H      15
      7   O      10
      8   H      10
      9   H       6
     10   O      12
     11   H      10
     12   H      10
     13   O      10
     14   H      10
     15   H       9
     16   O      12
     17   H       5
     18   H      14
    723      18       2  -2.54845169E+01  ../Water/train2000_1156.xsf
      1   O      14
      2   H       9
      3   H      14
      4   O      15
      5   H      16
      6   H      14
      7   O      10
      8   H      10
      9   H      10
     10   O      12
     11   H      13
     12   H       5
     13   O      10
     14   H      11
     15   H       6
     16   O      12
     17   H       8
     18   H      13
    724      18       2  -2.54841170E+01  ../Water/train2000_1157.xsf
      1   O      14
      2   H      15
      3   H      11
      4   O      10
      5   H       6
      6   H      14
      7   O       8
      8   H       8
      9   H       6
     10   O      12
     11   H      13
     12   H      12
     13   O       8
     14   H      10
     15   H       9
     16   O      10
     17   H       9
     18   H      11
    725      18       2  -2.54815884E+01  ../Water/train2000_1158.xsf
      1   O      14
      2   H      17
      3   H      11
      4   O       9
      5   H       5
      6   H      10
      7   O       8
      8   H       8
      9   H       7
     10   O      13
     11   H      10
     12   H      15
     13   O       9
     14   H      11
     15   H       8
     16   O      12
     17   H       9
     18   H      12
    726      18       2  -2.54831147E+01  ../Water/train2000_1159.xsf
      1   O      12
      2   H      16
      3   H       9
      4   O      10
      5   H      12
      6   H      10
      7   O       8
      8   H       9
      9   H       5
     10   O      12
     11   H      10
     12   H      13
     13   O       9
     14   H       9
     15   H       5
     16   O      12
     17   H       9
     18   H      14
    727      18       2  -2.54834611E+01  ../Water/train2000_1160.xsf
      1   O      11
      2   H       9
      3   H      14
      4   O      10
      5   H       9
      6   H      15
      7   O       9
      8   H      11
      9   H       5
     10   O      11
     11   H       7
     12   H      12
     13   O       8
     14   H       5
     15   H       7
     16   O      10
     17   H      10
     18   H      13
    728      18       2  -2.54845135E+01  ../Water/train2000_1161.xsf
      1   O      12
      2   H      14
      3   H      14
      4   O      14
      5   H      14
      6   H      12
      7   O      10
      8   H       9
      9   H       5
     10   O      11
     11   H      12
     12   H      13
     13   O       9
     14   H       6
     15   H      11
     16   O      13
     17   H      14
     18   H       9
    729      18       2  -2.54839000E+01  ../Water/train2000_1162.xsf
      1   O      15
      2   H      15
      3   H      11
      4   O      14
      5   H      12
      6   H      12
      7   O       8
      8   H      13
      9   H       5
     10   O      11
     11   H      10
     12   H      12
     13   O      11
     14   H       8
     15   H      12
     16   O      13
     17   H      15
     18   H       9
    730      18       2  -2.54838442E+01  ../Water/train2000_1163.xsf
      1   O      14
      2   H      16
      3   H       8
      4   O      13
      5   H      11
      6   H      12
      7   O      10
      8   H      11
      9   H       3
     10   O      12
     11   H      11
     12   H       5
     13   O       9
     14   H      11
     15   H       7
     16   O      11
     17   H      11
     18   H       5
    731      18       2  -2.54840628E+01  ../Water/train2000_1164.xsf
      1   O      15
      2   H      16
      3   H       9
      4   O      11
      5   H      10
      6   H      14
      7   O      11
      8   H      11
      9   H       4
     10   O      13
     11   H      13
     12   H       7
     13   O       6
     14   H       7
     15   H       5
     16   O       9
     17   H      11
     18   H      10
    732      18       2  -2.54841613E+01  ../Water/train2000_1165.xsf
      1   O      14
      2   H      16
      3   H      14
      4   O      10
      5   H      10
      6   H      15
      7   O      11
      8   H      12
      9   H       6
     10   O      13
     11   H      13
     12   H      13
     13   O       7
     14   H       8
     15   H       5
     16   O      12
     17   H       6
     18   H      13
    733      18       2  -2.54843955E+01  ../Water/train2000_1166.xsf
      1   O      14
      2   H       9
      3   H      16
      4   O      11
      5   H      12
      6   H      14
      7   O      10
      8   H      12
      9   H       5
     10   O      12
     11   H      10
     12   H      14
     13   O       8
     14   H      11
     15   H       3
     16   O      13
     17   H      10
     18   H      12
    734      18       2  -2.54837904E+01  ../Water/train2000_1167.xsf
      1   O      11
      2   H      10
      3   H      15
      4   O      10
      5   H      11
      6   H      14
      7   O      11
      8   H      12
      9   H      10
     10   O      13
     11   H      11
     12   H      13
     13   O       8
     14   H       8
     15   H       7
     16   O      13
     17   H       7
     18   H      14
    735      18       2  -2.54832920E+01  ../Water/train2000_1168.xsf
      1   O      10
      2   H       6
      3   H       9
      4   O      10
      5   H      10
      6   H      11
      7   O       9
      8   H      12
      9   H       6
     10   O      12
     11   H      10
     12   H      13
     13   O       8
     14   H       7
     15   H       9
     16   O      10
     17   H       9
     18   H      11
    736      18       2  -2.54838512E+01  ../Water/train2000_1169.xsf
      1   O      11
      2   H       9
      3   H      14
      4   O      10
      5   H       9
      6   H      15
      7   O      10
      8   H      10
      9   H       8
     10   O      13
     11   H       9
     12   H      13
     13   O       8
     14   H       4
     15   H       9
     16   O       9
     17   H      10
     18   H      11
    737      18       2  -2.54837488E+01  ../Water/train2000_1170.xsf
      1   O      11
      2   H      11
      3   H       7
      4   O      12
      5   H       9
      6   H      14
      7   O      10
      8   H      11
      9   H       9
     10   O      14
     11   H      10
     12   H      15
     13   O       8
     14   H       4
     15   H      11
     16   O      10
     17   H      10
     18   H      12
    738      18       2  -2.54849940E+01  ../Water/train2000_1171.xsf
      1   O      11
      2   H      15
      3   H       6
      4   O      12
      5   H      13
      6   H       7
      7   O      10
      8   H      11
      9   H       4
     10   O      11
     11   H       9
     12   H      12
     13   O       8
     14   H       7
     15   H       8
     16   O      10
     17   H      13
     18   H      11
    739      18       2  -2.54840686E+01  ../Water/train2000_1172.xsf
      1   O      15
      2   H      15
      3   H       9
      4   O      14
      5   H      14
      6   H      15
      7   O       9
      8   H       8
      9   H       4
     10   O      12
     11   H      12
     12   H      12
     13   O       9
     14   H      11
     15   H       9
     16   O      13
     17   H       7
     18   H      12
    740      18       2  -2.54844709E+01  ../Water/train2000_1173.xsf
      1   O      14
      2   H      16
      3   H      11
      4   O      15
      5   H      16
      6   H       8
      7   O      10
      8   H      11
      9   H       6
     10   O      12
     11   H      11
     12   H      12
     13   O       9
     14   H       8
     15   H      11
     16   O       9
     17   H       5
     18   H      12
    741      18       2  -2.54840434E+01  ../Water/train2000_1174.xsf
      1   O      13
      2   H       9
      3   H       6
      4   O      13
      5   H      14
      6   H       5
      7   O       7
      8   H      11
      9   H       7
     10   O      10
     11   H      11
     12   H      14
     13   O       8
     14   H      10
     15   H      11
     16   O      10
     17   H       8
     18   H       9
    742      18       2  -2.54835131E+01  ../Water/train2000_1175.xsf
      1   O      13
      2   H      16
      3   H       7
      4   O      12
      5   H      16
      6   H       7
      7   O       9
      8   H      11
      9   H      10
     10   O      11
     11   H       8
     12   H      11
     13   O       9
     14   H      11
     15   H       8
     16   O      12
     17   H      12
     18   H      11
    743      18       2  -2.54848545E+01  ../Water/train2000_1176.xsf
      1   O      14
      2   H      14
      3   H      10
      4   O      10
      5   H      13
      6   H      11
      7   O      11
      8   H      12
      9   H       9
     10   O      10
     11   H       8
     12   H      11
     13   O       9
     14   H      11
     15   H       4
     16   O      12
     17   H      15
     18   H       6
    744      18       2  -2.54838768E+01  ../Water/train2000_1177.xsf
      1   O      16
      2   H      15
      3   H       9
      4   O       7
      5   H       8
      6   H      11
      7   O       8
      8   H      11
      9   H       7
     10   O      11
     11   H       8
     12   H      12
     13   O       8
     14   H      10
     15   H       8
     16   O      14
     17   H      12
     18   H       7
    745      18       2  -2.54842807E+01  ../Water/train2000_1178.xsf
      1   O      13
      2   H      17
      3   H       9
      4   O       9
      5   H       5
      6   H      11
      7   O       7
      8   H       8
      9   H       8
     10   O      10
     11   H      10
     12   H       7
     13   O       6
     14   H       7
     15   H      10
     16   O      11
     17   H      13
     18   H       7
    746      18       2  -2.54845835E+01  ../Water/train2000_1179.xsf
      1   O       9
      2   H      12
      3   H       7
      4   O      11
      5   H       9
      6   H      10
      7   O       8
      8   H       6
      9   H      10
     10   O       7
     11   H       8
     12   H       9
     13   O       6
     14   H       3
     15   H       9
     16   O      11
     17   H       9
     18   H       8
    747      18       2  -2.54844832E+01  ../Water/train2000_1180.xsf
      1   O       8
      2   H      11
      3   H       5
      4   O       9
      5   H       7
      6   H      12
      7   O       7
      8   H       9
      9   H       8
     10   O       8
     11   H       8
     12   H       6
     13   O       6
     14   H       7
     15   H       8
     16   O      10
     17   H       8
     18   H       5
    748      18       2  -2.54839091E+01  ../Water/train2000_1181.xsf
      1   O       9
      2   H      14
      3   H       9
      4   O      10
      5   H       7
      6   H      12
      7   O      10
      8   H      12
      9   H       9
     10   O       8
     11   H       7
     12   H       4
     13   O       7
     14   H       7
     15   H       8
     16   O      11
     17   H      16
     18   H      10
    749      18       2  -2.54838826E+01  ../Water/train2000_1182.xsf
      1   O      12
      2   H      14
      3   H      11
      4   O       9
      5   H       6
      6   H      12
      7   O      11
      8   H       9
      9   H      12
     10   O       7
     11   H       8
     12   H       9
     13   O       7
     14   H       7
     15   H       4
     16   O      17
     17   H      15
     18   H      12
    750      18       2  -2.54838962E+01  ../Water/train2000_1183.xsf
      1   O      13
      2   H      14
      3   H      12
      4   O       8
      5   H       4
      6   H      12
      7   O      10
      8   H       4
      9   H      12
     10   O       8
     11   H       7
     12   H      10
     13   O       8
     14   H      10
     15   H       8
     16   O      16
     17   H      14
     18   H      14
    751      18       2  -2.54848810E+01  ../Water/train2000_1184.xsf
      1   O      13
      2   H      14
      3   H      12
      4   O       9
      5   H       4
      6   H       9
      7   O      11
      8   H       6
      9   H      11
     10   O       8
     11   H       7
     12   H      10
     13   O       5
     14   H       5
     15   H      10
     16   O      14
     17   H      15
     18   H      13
    752      18       2  -2.54848113E+01  ../Water/train2000_1185.xsf
      1   O      15
      2   H      16
      3   H      13
      4   O       9
      5   H      10
      6   H      10
      7   O      12
      8   H       6
      9   H      13
     10   O      11
     11   H       8
     12   H      11
     13   O       7
     14   H       6
     15   H       4
     16   O      13
     17   H      14
     18   H      14
    753      18       2  -2.54841293E+01  ../Water/train2000_1186.xsf
      1   O      12
      2   H      16
      3   H      10
      4   O      10
      5   H      10
      6   H       8
      7   O      10
      8   H       3
      9   H      12
     10   O      11
     11   H      10
     12   H      12
     13   O       9
     14   H       7
     15   H      10
     16   O      11
     17   H      12
     18   H      11
    754      18       2  -2.54826705E+01  ../Water/train2000_1187.xsf
      1   O      13
      2   H      14
      3   H      13
      4   O      10
      5   H      10
      6   H      11
      7   O       8
      8   H      10
      9   H       3
     10   O      11
     11   H      13
     12   H      11
     13   O       5
     14   H       6
     15   H       4
     16   O      10
     17   H      13
     18   H       9
    755      18       2  -2.54843757E+01  ../Water/train2000_1188.xsf
      1   O      13
      2   H      14
      3   H       8
      4   O      10
      5   H       6
      6   H      12
      7   O       8
      8   H      11
      9   H       5
     10   O      10
     11   H      13
     12   H       7
     13   O       5
     14   H       2
     15   H       7
     16   O      11
     17   H      10
     18   H      12
    756      18       2  -2.54840173E+01  ../Water/train2000_1189.xsf
      1   O      13
      2   H      14
      3   H      12
      4   O       9
      5   H       9
      6   H       8
      7   O       9
      8   H      11
      9   H       9
     10   O      12
     11   H      15
     12   H       5
     13   O       5
     14   H       6
     15   H       5
     16   O      11
     17   H      11
     18   H       8
    757      18       2  -2.54839600E+01  ../Water/train2000_1190.xsf
      1   O      14
      2   H      13
      3   H       8
      4   O       9
      5   H      10
      6   H       8
      7   O       9
      8   H       6
      9   H      12
     10   O      11
     11   H      12
     12   H      10
     13   O       6
     14   H       6
     15   H       3
     16   O       9
     17   H      11
     18   H      11
    758      18       2  -2.54841365E+01  ../Water/train2000_1191.xsf
      1   O      11
      2   H      10
      3   H       9
      4   O      10
      5   H       8
      6   H      10
      7   O       7
      8   H       3
      9   H       8
     10   O      11
     11   H       7
     12   H      13
     13   O       5
     14   H       4
     15   H       3
     16   O       9
     17   H       8
     18   H      10
    759      18       2  -2.54836933E+01  ../Water/train2000_1192.xsf
      1   O      11
      2   H      14
      3   H       7
      4   O      10
      5   H       9
      6   H       9
      7   O      10
      8   H       7
      9   H      10
     10   O      11
     11   H      11
     12   H      11
     13   O       4
     14   H       3
     15   H       4
     16   O      11
     17   H      12
     18   H      10
    760      18       2  -2.54830796E+01  ../Water/train2000_1193.xsf
      1   O      14
      2   H      10
      3   H      12
      4   O      10
      5   H       9
      6   H       9
      7   O      11
      8   H       9
      9   H      12
     10   O      14
     11   H      14
     12   H      10
     13   O       4
     14   H       4
     15   H       4
     16   O      11
     17   H      12
     18   H       9
    761      18       2  -2.54830834E+01  ../Water/train2000_1194.xsf
      1   O      11
      2   H      11
      3   H      10
      4   O      10
      5   H       8
      6   H       9
      7   O      10
      8   H       5
      9   H      11
     10   O      11
     11   H      13
     12   H       9
     13   O       5
     14   H       5
     15   H       4
     16   O      10
     17   H      11
     18   H      13
    762      18       2  -2.54834134E+01  ../Water/train2000_1195.xsf
      1   O      11
      2   H      11
      3   H      12
      4   O      10
      5   H       7
      6   H       9
      7   O       8
      8   H       4
      9   H       7
     10   O       9
     11   H      11
     12   H      10
     13   O       5
     14   H       5
     15   H       5
     16   O      11
     17   H       8
     18   H      13
    763      18       2  -2.54843454E+01  ../Water/train2000_1196.xsf
      1   O      13
      2   H      15
      3   H      14
      4   O      11
      5   H       5
      6   H      11
      7   O      10
      8   H       9
      9   H       5
     10   O      11
     11   H      11
     12   H      13
     13   O       4
     14   H       2
     15   H       5
     16   O      13
     17   H      11
     18   H      13
    764      18       2  -2.54829325E+01  ../Water/train2000_1197.xsf
      1   O      17
      2   H      16
      3   H      12
      4   O      10
      5   H      11
      6   H      10
      7   O      11
      8   H      11
      9   H       9
     10   O      13
     11   H      14
     12   H      12
     13   O       5
     14   H       5
     15   H       5
     16   O      12
     17   H      13
     18   H      14
    765      18       2  -2.54845067E+01  ../Water/train2000_1198.xsf
      1   O      15
      2   H      13
      3   H      10
      4   O      10
      5   H      10
      6   H      10
      7   O       8
      8   H      11
      9   H       6
     10   O      13
     11   H      14
     12   H       7
     13   O       5
     14   H       5
     15   H       3
     16   O      10
     17   H      12
     18   H      12
    766      18       2  -2.54836093E+01  ../Water/train2000_1199.xsf
      1   O      14
      2   H      14
      3   H      12
      4   O       9
      5   H       8
      6   H       9
      7   O       9
      8   H      11
      9   H       5
     10   O      12
     11   H      13
     12   H       9
     13   O       5
     14   H       3
     15   H       3
     16   O      12
     17   H       7
     18   H      11
    767      18       2  -2.54841352E+01  ../Water/train2000_1200.xsf
      1   O      14
      2   H      12
      3   H      10
      4   O       9
      5   H       6
      6   H      10
      7   O       6
      8   H       9
      9   H       4
     10   O      10
     11   H      10
     12   H      13
     13   O       6
     14   H       3
     15   H       5
     16   O       9
     17   H       4
     18   H      10
    768      18       2  -2.54846882E+01  ../Water/train2000_1201.xsf
      1   O      14
      2   H      14
      3   H      10
      4   O       9
      5   H      10
      6   H      10
      7   O       6
      8   H       8
      9   H       6
     10   O      12
     11   H       7
     12   H       7
     13   O       6
     14   H       6
     15   H       4
     16   O      10
     17   H      11
     18   H      12
    769      18       2  -2.54841124E+01  ../Water/train2000_1202.xsf
      1   O      14
      2   H      14
      3   H      11
      4   O      10
      5   H       9
      6   H      10
      7   O       7
      8   H       9
      9   H       7
     10   O      13
     11   H      14
     12   H       7
     13   O       7
     14   H       4
     15   H       3
     16   O      11
     17   H      12
     18   H      10
    770      18       2  -2.54841593E+01  ../Water/train2000_1203.xsf
      1   O      14
      2   H      14
      3   H      11
      4   O      10
      5   H       7
      6   H      11
      7   O       7
      8   H       8
      9   H       7
     10   O      11
     11   H      13
     12   H       6
     13   O       8
     14   H       7
     15   H       6
     16   O      13
     17   H      12
     18   H      11
    771      18       2  -2.54841873E+01  ../Water/train2000_1204.xsf
      1   O      10
      2   H      13
      3   H       7
      4   O      11
      5   H       5
      6   H      13
      7   O       7
      8   H       6
      9   H       5
     10   O       8
     11   H       9
     12   H      12
     13   O       8
     14   H      10
     15   H       6
     16   O      12
     17   H      11
     18   H       9
    772      18       2  -2.54846440E+01  ../Water/train2000_1205.xsf
      1   O      13
      2   H      15
      3   H      15
      4   O      12
      5   H       6
      6   H      14
      7   O       8
      8   H       9
      9   H       5
     10   O      11
     11   H      12
     12   H      11
     13   O       9
     14   H       6
     15   H      10
     16   O       9
     17   H      11
     18   H       6
    773      18       2  -2.54840824E+01  ../Water/train2000_1206.xsf
      1   O      13
      2   H      16
      3   H      12
      4   O      10
      5   H       5
      6   H      10
      7   O       8
      8   H       8
      9   H       9
     10   O      13
     11   H      11
     12   H       7
     13   O       8
     14   H       6
     15   H       9
     16   O       9
     17   H      12
     18   H      10
    774      18       2  -2.54842136E+01  ../Water/train2000_1207.xsf
      1   O      11
      2   H      15
      3   H      15
      4   O       6
      5   H       4
      6   H      10
      7   O       8
      8   H       8
      9   H       7
     10   O      13
     11   H      12
     12   H       6
     13   O       8
     14   H       9
     15   H       7
     16   O      12
     17   H      10
     18   H       9
    775      18       2  -2.54844238E+01  ../Water/train2000_1208.xsf
      1   O      12
      2   H      15
      3   H      14
      4   O       9
      5   H       4
      6   H       8
      7   O       8
      8   H       6
      9   H       8
     10   O       8
     11   H       8
     12   H       8
     13   O       8
     14   H       4
     15   H       8
     16   O      12
     17   H      12
     18   H       8
    776      18       2  -2.54844405E+01  ../Water/train2000_1209.xsf
      1   O      15
      2   H      14
      3   H      16
      4   O      11
      5   H       6
      6   H      12
      7   O      10
      8   H       8
      9   H      11
     10   O      10
     11   H       8
     12   H       6
     13   O       8
     14   H       6
     15   H       8
     16   O      12
     17   H      11
     18   H      10
    777      18       2  -2.54838069E+01  ../Water/train2000_1210.xsf
      1   O      14
      2   H      12
      3   H      16
      4   O       9
      5   H       9
      6   H      11
      7   O      10
      8   H      10
      9   H       8
     10   O       8
     11   H       5
     12   H       9
     13   O       7
     14   H       6
     15   H       8
     16   O       9
     17   H       4
     18   H       9
    778      18       2  -2.54834879E+01  ../Water/train2000_1211.xsf
      1   O      14
      2   H      13
      3   H      13
      4   O       8
      5   H       8
      6   H       6
      7   O       6
      8   H       9
      9   H       9
     10   O       9
     11   H       4
     12   H       8
     13   O       6
     14   H       5
     15   H       7
     16   O      10
     17   H       8
     18   H       9
    779      18       2  -2.54835092E+01  ../Water/train2000_1212.xsf
      1   O      14
      2   H      12
      3   H      13
      4   O       8
      5   H       9
      6   H       9
      7   O       7
      8   H      11
      9   H       6
     10   O      10
     11   H       7
     12   H      12
     13   O       7
     14   H      10
     15   H       3
     16   O      10
     17   H      12
     18   H       8
    780      18       2  -2.54836198E+01  ../Water/train2000_1213.xsf
      1   O      13
      2   H      15
      3   H       9
      4   O       8
      5   H       7
      6   H       9
      7   O       7
      8   H      10
      9   H       5
     10   O       9
     11   H       8
     12   H      13
     13   O       8
     14   H       9
     15   H       6
     16   O      11
     17   H      12
     18   H       7
    781      18       2  -2.54842113E+01  ../Water/train2000_1214.xsf
      1   O      13
      2   H      13
      3   H       9
      4   O       9
      5   H      11
      6   H       7
      7   O      10
      8   H       6
      9   H       8
     10   O       8
     11   H       9
     12   H      11
     13   O       7
     14   H      11
     15   H       6
     16   O       8
     17   H      10
     18   H       4
    782      18       2  -2.54845090E+01  ../Water/train2000_1215.xsf
      1   O      13
      2   H      14
      3   H       8
      4   O      12
      5   H      12
      6   H       8
      7   O      10
      8   H      11
      9   H       6
     10   O       9
     11   H       7
     12   H      10
     13   O      10
     14   H      13
     15   H       6
     16   O       6
     17   H       8
     18   H       5
    783      18       2  -2.54854705E+01  ../Water/train2000_1216.xsf
      1   O      13
      2   H      15
      3   H       6
      4   O       9
      5   H       8
      6   H      10
      7   O      12
      8   H      11
      9   H       7
     10   O       9
     11   H       9
     12   H      12
     13   O      11
     14   H      12
     15   H       7
     16   O      11
     17   H      13
     18   H       9
    784      18       2  -2.54843371E+01  ../Water/train2000_1217.xsf
      1   O      15
      2   H      15
      3   H      10
      4   O       8
      5   H      10
      6   H       8
      7   O      11
      8   H      14
      9   H       7
     10   O       9
     11   H      10
     12   H      11
     13   O       8
     14   H       8
     15   H       9
     16   O      11
     17   H      11
     18   H       7
    785      18       2  -2.54841773E+01  ../Water/train2000_1218.xsf
      1   O      15
      2   H      14
      3   H      11
      4   O       6
      5   H       7
      6   H       8
      7   O       9
      8   H      12
      9   H       9
     10   O       9
     11   H       9
     12   H      11
     13   O       7
     14   H       4
     15   H       9
     16   O      10
     17   H       9
     18   H       5
    786      18       2  -2.54835972E+01  ../Water/train2000_1219.xsf
      1   O      12
      2   H      11
      3   H      13
      4   O       5
      5   H       3
      6   H       3
      7   O       8
      8   H       4
      9   H      11
     10   O       9
     11   H       9
     12   H       7
     13   O       7
     14   H       3
     15   H       9
     16   O       7
     17   H       8
     18   H       3
    787      18       2  -2.54838373E+01  ../Water/train2000_1220.xsf
      1   O      15
      2   H      12
      3   H      11
      4   O       6
      5   H       4
      6   H       8
      7   O       8
      8   H      12
      9   H      11
     10   O       7
     11   H       7
     12   H      11
     13   O       6
     14   H       5
     15   H       8
     16   O       9
     17   H       9
     18   H       7
    788      18       2  -2.54843154E+01  ../Water/train2000_1221.xsf
      1   O      14
      2   H      11
      3   H      13
      4   O       6
      5   H       5
      6   H       9
      7   O      11
      8   H       6
      9   H      13
     10   O      10
     11   H       6
     12   H      11
     13   O       7
     14   H       7
     15   H       8
     16   O       8
     17   H       8
     18   H       5
    789      18       2  -2.54833997E+01  ../Water/train2000_1222.xsf
      1   O      16
      2   H      16
      3   H      13
      4   O      10
      5   H      11
      6   H      11
      7   O      13
      8   H      10
      9   H      12
     10   O      12
     11   H      10
     12   H      14
     13   O       7
     14   H       7
     15   H       8
     16   O       9
     17   H      11
     18   H       4
    790      18       2  -2.54845208E+01  ../Water/train2000_1223.xsf
      1   O      14
      2   H       9
      3   H      15
      4   O      12
      5   H      13
      6   H       7
      7   O      11
      8   H      14
      9   H       7
     10   O      11
     11   H       7
     12   H      12
     13   O       7
     14   H       7
     15   H       8
     16   O       9
     17   H      11
     18   H      10
    791      18       2  -2.54841236E+01  ../Water/train2000_1224.xsf
      1   O      12
      2   H      10
      3   H      16
      4   O      10
      5   H       8
      6   H      12
      7   O      11
      8   H      13
      9   H      10
     10   O      10
     11   H      12
     12   H       7
     13   O       7
     14   H       4
     15   H       8
     16   O      10
     17   H       7
     18   H      11
    792      18       2  -2.54837276E+01  ../Water/train2000_1225.xsf
      1   O      14
      2   H      10
      3   H      16
      4   O       8
      5   H      11
      6   H      12
      7   O       7
      8   H      12
      9   H       7
     10   O      13
     11   H      10
     12   H      11
     13   O       7
     14   H       7
     15   H       9
     16   O       9
     17   H       5
     18   H       8
    793      18       2  -2.54843041E+01  ../Water/train2000_1226.xsf
      1   O      14
      2   H      11
      3   H      13
      4   O      11
      5   H      11
      6   H      13
      7   O      10
      8   H       5
      9   H      10
     10   O      11
     11   H       8
     12   H      12
     13   O       7
     14   H       6
     15   H       9
     16   O      10
     17   H       6
     18   H      11
    794      18       2  -2.54843563E+01  ../Water/train2000_1227.xsf
      1   O      16
      2   H      10
      3   H      15
      4   O      13
      5   H      13
      6   H      15
      7   O      12
      8   H       8
      9   H      11
     10   O      12
     11   H       8
     12   H      12
     13   O       9
     14   H       4
     15   H       9
     16   O       9
     17   H       9
     18   H      11
    795      18       2  -2.54840739E+01  ../Water/train2000_1228.xsf
      1   O      14
      2   H       9
      3   H      15
      4   O      14
      5   H      15
      6   H       7
      7   O      13
      8   H      11
      9   H       9
     10   O      12
     11   H      12
     12   H      12
     13   O       8
     14   H       3
     15   H      11
     16   O       9
     17   H       9
     18   H       7
    796      18       2  -2.54844126E+01  ../Water/train2000_1229.xsf
      1   O      15
      2   H      10
      3   H      14
      4   O      13
      5   H      14
      6   H       5
      7   O      13
      8   H      14
      9   H       8
     10   O      12
     11   H      11
     12   H      10
     13   O       9
     14   H       5
     15   H      10
     16   O       8
     17   H       9
     18   H       8
    797      18       2  -2.54830699E+01  ../Water/train2000_1230.xsf
      1   O      13
      2   H      12
      3   H      13
      4   O      16
      5   H      17
      6   H      10
      7   O      13
      8   H      14
      9   H       8
     10   O       9
     11   H      13
     12   H      10
     13   O      10
     14   H      11
     15   H       9
     16   O       9
     17   H       7
     18   H      10
    798      18       2  -2.54834703E+01  ../Water/train2000_1231.xsf
      1   O      13
      2   H      10
      3   H      12
      4   O      16
      5   H      13
      6   H      15
      7   O      12
      8   H      13
      9   H      10
     10   O       8
     11   H       7
     12   H       7
     13   O       9
     14   H       8
     15   H       4
     16   O       9
     17   H      10
     18   H      10
    799      18       2  -2.54838215E+01  ../Water/train2000_1232.xsf
      1   O      12
      2   H       6
      3   H      12
      4   O      16
      5   H      10
      6   H      17
      7   O      11
      8   H      12
      9   H      12
     10   O       9
     11   H       7
     12   H       8
     13   O       7
     14   H       8
     15   H      10
     16   O       9
     17   H      10
     18   H       8
    800      18       2  -2.54837487E+01  ../Water/train2000_1233.xsf
      1   O      14
      2   H       8
      3   H      12
      4   O      15
      5   H       8
      6   H      17
      7   O      13
      8   H      10
      9   H      13
     10   O      10
     11   H      11
     12   H      11
     13   O      10
     14   H       5
     15   H      12
     16   O      10
     17   H       9
     18   H      10
    801      18       2  -2.54842034E+01  ../Water/train2000_1234.xsf
      1   O      15
      2   H      11
      3   H      16
      4   O      16
      5   H       5
      6   H      11
      7   O      11
      8   H       9
      9   H      11
     10   O      11
     11   H      11
     12   H      11
     13   O      10
     14   H       7
     15   H       9
     16   O       8
     17   H      11
     18   H       9
    802      18       2  -2.54843783E+01  ../Water/train2000_1235.xsf
      1   O      14
      2   H      15
      3   H       8
      4   O      14
      5   H       5
      6   H      16
      7   O      11
      8   H       8
      9   H      12
     10   O      11
     11   H      10
     12   H       6
     13   O      10
     14   H       6
     15   H       9
     16   O      11
     17   H      11
     18   H       9
    803      18       2  -2.54847166E+01  ../Water/train2000_1236.xsf
      1   O      13
      2   H       7
      3   H      14
      4   O      14
      5   H      11
      6   H      15
      7   O      10
      8   H       9
      9   H      13
     10   O      14
     11   H      14
     12   H      10
     13   O      10
     14   H       7
     15   H      12
     16   O      11
     17   H      11
     18   H       9
    804      18       2  -2.54849863E+01  ../Water/train2000_1237.xsf
      1   O      12
      2   H       9
      3   H      15
      4   O      13
      5   H      13
      6   H      15
      7   O      10
      8   H      10
      9   H       8
     10   O      12
     11   H      15
     12   H      10
     13   O      11
     14   H       6
     15   H      11
     16   O      11
     17   H       9
     18   H      10
    805      18       2  -2.54853236E+01  ../Water/train2000_1238.xsf
      1   O      10
      2   H       8
      3   H      14
      4   O       9
      5   H      12
      6   H       9
      7   O       7
      8   H      10
      9   H       4
     10   O      12
     11   H      11
     12   H       9
     13   O       9
     14   H       4
     15   H      10
     16   O      10
     17   H       8
     18   H      12
    806      18       2  -2.54847966E+01  ../Water/train2000_1239.xsf
      1   O      12
      2   H       6
      3   H      15
      4   O       8
      5   H      11
      6   H      10
      7   O      10
      8   H      10
      9   H       8
     10   O       9
     11   H      13
     12   H      11
     13   O      10
     14   H       7
     15   H       9
     16   O      11
     17   H      12
     18   H      10
    807      18       2  -2.54841730E+01  ../Water/train2000_1240.xsf
      1   O      12
      2   H      10
      3   H      14
      4   O      10
      5   H       9
      6   H      10
      7   O       9
      8   H      12
      9   H       7
     10   O      10
     11   H      10
     12   H       6
     13   O      12
     14   H       7
     15   H      12
     16   O      10
     17   H      10
     18   H      10
    808      18       2  -2.54838138E+01  ../Water/train2000_1241.xsf
      1   O      11
      2   H      12
      3   H       9
      4   O      11
      5   H       7
      6   H      10
      7   O      10
      8   H      11
      9   H       5
     10   O       7
     11   H       7
     12   H       8
     13   O      11
     14   H       8
     15   H      13
     16   O       8
     17   H       8
     18   H      10
    809      18       2  -2.54838281E+01  ../Water/train2000_1242.xsf
      1   O      13
      2   H      10
      3   H      13
      4   O      11
      5   H       7
      6   H      13
      7   O      13
      8   H      11
      9   H       7
     10   O       7
     11   H       7
     12   H       7
     13   O      11
     14   H       7
     15   H      13
     16   O       9
     17   H       9
     18   H      10
    810      18       2  -2.54836055E+01  ../Water/train2000_1243.xsf
      1   O      13
      2   H      11
      3   H      12
      4   O      10
      5   H      11
      6   H      11
      7   O      16
      8   H      13
      9   H      17
     10   O       8
     11   H       9
     12   H       8
     13   O      11
     14   H       7
     15   H      14
     16   O      11
     17   H      10
     18   H      10
    811      18       2  -2.54842039E+01  ../Water/train2000_1244.xsf
      1   O      10
      2   H      13
      3   H       8
      4   O      12
      5   H      14
      6   H       8
      7   O      12
      8   H       9
      9   H      16
     10   O       6
     11   H       5
     12   H       8
     13   O      12
     14   H       6
     15   H       8
     16   O      10
     17   H       6
     18   H      11
    812      18       2  -2.54844695E+01  ../Water/train2000_1245.xsf
      1   O      13
      2   H      10
      3   H       9
      4   O      13
      5   H      14
      6   H       5
      7   O      15
      8   H       9
      9   H      14
     10   O       7
     11   H       8
     12   H       7
     13   O      11
     14   H       8
     15   H      12
     16   O       9
     17   H      11
     18   H       9
    813      18       2  -2.54835841E+01  ../Water/train2000_1246.xsf
      1   O      12
      2   H      16
      3   H      10
      4   O      13
      5   H      12
      6   H       8
      7   O      13
      8   H       8
      9   H      16
     10   O      10
     11   H      10
     12   H       9
     13   O      13
     14   H      13
     15   H      12
     16   O       9
     17   H       7
     18   H      11
    814      18       2  -2.54837449E+01  ../Water/train2000_1247.xsf
      1   O      12
      2   H       8
      3   H      15
      4   O      11
      5   H       5
      6   H      11
      7   O      12
      8   H      15
      9   H       5
     10   O       8
     11   H      10
     12   H       5
     13   O      11
     14   H       7
     15   H      13
     16   O      10
     17   H      11
     18   H       9
    815      18       2  -2.54849979E+01  ../Water/train2000_1248.xsf
      1   O      13
      2   H       8
      3   H      14
      4   O       9
      5   H       9
      6   H      11
      7   O      14
      8   H      13
      9   H       6
     10   O       7
     11   H      10
     12   H       5
     13   O      12
     14   H      15
     15   H       9
     16   O      10
     17   H       7
     18   H      12
    816      18       2  -2.54839940E+01  ../Water/train2000_1249.xsf
      1   O      13
      2   H      13
      3   H      13
      4   O      10
      5   H       7
      6   H       9
      7   O      16
      8   H      14
      9   H      13
     10   O      11
     11   H      11
     12   H       7
     13   O      13
     14   H      16
     15   H       9
     16   O      11
     17   H      12
     18   H      10
    817      18       2  -2.54845719E+01  ../Water/train2000_1250.xsf
      1   O      11
      2   H      15
      3   H      15
      4   O      11
      5   H       9
      6   H      13
      7   O      14
      8   H      16
      9   H      13
     10   O      10
     11   H       9
     12   H       4
     13   O      12
     14   H      14
     15   H       5
     16   O      11
     17   H      10
     18   H       8
    818      18       2  -2.54842542E+01  ../Water/train2000_1251.xsf
      1   O      16
      2   H      17
      3   H      10
      4   O      12
      5   H       9
      6   H      12
      7   O      13
      8   H      16
      9   H      14
     10   O       9
     11   H      10
     12   H       8
     13   O      13
     14   H      12
     15   H       6
     16   O      10
     17   H      11
     18   H      10
    819      18       2  -2.54838011E+01  ../Water/train2000_1252.xsf
      1   O      15
      2   H      16
      3   H      15
      4   O      11
      5   H       8
      6   H      11
      7   O      14
      8   H      14
      9   H      10
     10   O      10
     11   H      11
     12   H       7
     13   O      13
     14   H      12
     15   H       6
     16   O       9
     17   H      10
     18   H       6
    820      18       2  -2.54840591E+01  ../Water/train2000_1253.xsf
      1   O      13
      2   H      12
      3   H      11
      4   O      13
      5   H       6
      6   H      12
      7   O      12
      8   H      13
      9   H      13
     10   O       9
     11   H       9
     12   H       5
     13   O      12
     14   H      12
     15   H       5
     16   O       6
     17   H      10
     18   H       5
    821      18       2  -2.54833942E+01  ../Water/train2000_1254.xsf
      1   O      12
      2   H      14
      3   H      11
      4   O      14
      5   H       9
      6   H      12
      7   O      17
      8   H      15
      9   H      17
     10   O       7
     11   H       8
     12   H       9
     13   O       9
     14   H      10
     15   H      12
     16   O       7
     17   H       9
     18   H       8
    822      18       2  -2.54848463E+01  ../Water/train2000_1255.xsf
      1   O      14
      2   H      15
      3   H      11
      4   O      13
      5   H       5
      6   H      13
      7   O      16
      8   H      17
      9   H      16
     10   O      10
     11   H       9
     12   H       9
     13   O      10
     14   H       8
     15   H      12
     16   O      10
     17   H      11
     18   H       9
    823      18       2  -2.54842158E+01  ../Water/train2000_1256.xsf
      1   O      12
      2   H      13
      3   H       9
      4   O      11
      5   H       6
      6   H      14
      7   O      14
      8   H      15
      9   H      14
     10   O       9
     11   H      12
     12   H       7
     13   O      12
     14   H       9
     15   H       8
     16   O      10
     17   H      11
     18   H      10
    824      18       2  -2.54848031E+01  ../Water/train2000_1257.xsf
      1   O      14
      2   H      13
      3   H      12
      4   O      10
      5   H       5
      6   H      12
      7   O      10
      8   H       8
      9   H      14
     10   O      11
     11   H      10
     12   H       9
     13   O      13
     14   H      13
     15   H       5
     16   O       8
     17   H       9
     18   H      10
    825      18       2  -2.54838767E+01  ../Water/train2000_1258.xsf
      1   O      16
      2   H      17
      3   H      13
      4   O       9
      5   H       7
      6   H      10
      7   O      11
      8   H      11
      9   H      14
     10   O      10
     11   H       9
     12   H      11
     13   O      12
     14   H      11
     15   H       9
     16   O       9
     17   H       9
     18   H       8
    826      18       2  -2.54839051E+01  ../Water/train2000_1259.xsf
      1   O      15
      2   H      16
      3   H      14
      4   O       9
      5   H      10
      6   H       6
      7   O      11
      8   H      11
      9   H       5
     10   O       9
     11   H       4
     12   H       9
     13   O      12
     14   H      11
     15   H       8
     16   O       7
     17   H       8
     18   H       9
    827      18       2  -2.54835969E+01  ../Water/train2000_1260.xsf
      1   O      12
      2   H      14
      3   H      13
      4   O       8
      5   H       6
      6   H       5
      7   O      11
      8   H      10
      9   H       4
     10   O      10
     11   H       7
     12   H      10
     13   O      12
     14   H      10
     15   H      12
     16   O       6
     17   H       8
     18   H       8
    828      18       2  -2.54826666E+01  ../Water/train2000_1261.xsf
      1   O      13
      2   H      16
      3   H      12
      4   O       9
      5   H       9
      6   H       9
      7   O      10
      8   H      11
      9   H       6
     10   O      10
     11   H       8
     12   H       8
     13   O      16
     14   H      12
     15   H      15
     16   O       8
     17   H      10
     18   H       8
    829      18       2  -2.54847774E+01  ../Water/train2000_1262.xsf
      1   O      12
      2   H      16
      3   H      10
      4   O       8
      5   H      10
      6   H       9
      7   O      11
      8   H       8
      9   H       6
     10   O       9
     11   H       9
     12   H       8
     13   O      16
     14   H      13
     15   H      13
     16   O       9
     17   H       3
     18   H       8
    830      18       2  -2.54839606E+01  ../Water/train2000_1263.xsf
      1   O      14
      2   H      16
      3   H      11
      4   O       7
      5   H       4
      6   H      11
      7   O      10
      8   H      11
      9   H       6
     10   O      10
     11   H      11
     12   H      10
     13   O      13
     14   H      15
     15   H      12
     16   O       9
     17   H       5
     18   H      11
    831      18       2  -2.54834840E+01  ../Water/train2000_1264.xsf
      1   O      15
      2   H      16
      3   H      14
      4   O       8
      5   H       4
      6   H      10
      7   O      10
      8   H      11
      9   H       4
     10   O       9
     11   H      11
     12   H       9
     13   O      12
     14   H      12
     15   H      15
     16   O      10
     17   H      10
     18   H      10
    832      18       2  -2.54844442E+01  ../Water/train2000_1265.xsf
      1   O      15
      2   H      16
      3   H      10
      4   O       7
      5   H       8
      6   H      10
      7   O      10
      8   H       8
      9   H       8
     10   O      10
     11   H      10
     12   H      11
     13   O      10
     14   H      13
     15   H       5
     16   O      10
     17   H      11
     18   H      10
    833      18       2  -2.54841959E+01  ../Water/train2000_1266.xsf
      1   O      13
      2   H      13
      3   H       9
      4   O       7
      5   H       8
      6   H       5
      7   O       8
      8   H       4
      9   H       8
     10   O      11
     11   H       8
     12   H      10
     13   O       8
     14   H       9
     15   H       5
     16   O       9
     17   H       8
     18   H       9
    834      18       2  -2.54843914E+01  ../Water/train2000_1267.xsf
      1   O       9
      2   H      10
      3   H       7
      4   O       6
      5   H       9
      6   H       3
      7   O       7
      8   H       6
      9   H       9
     10   O      11
     11   H      12
     12   H       7
     13   O       7
     14   H       8
     15   H      12
     16   O       7
     17   H       6
     18   H       8
    835      18       2  -2.54832393E+01  ../Water/train2000_1268.xsf
      1   O      10
      2   H       9
      3   H      11
      4   O       7
      5   H      10
      6   H       8
      7   O       8
      8   H       9
      9   H       8
     10   O      10
     11   H      12
     12   H       8
     13   O       9
     14   H       7
     15   H       7
     16   O       8
     17   H       7
     18   H       8
    836      18       2  -2.54839767E+01  ../Water/train2000_1269.xsf
      1   O      11
      2   H       8
      3   H      12
      4   O       7
      5   H       8
      6   H       6
      7   O       8
      8   H       9
      9   H       9
     10   O      10
     11   H       6
     12   H      10
     13   O      10
     14   H       6
     15   H      14
     16   O       8
     17   H       8
     18   H       8
    837      18       2  -2.54849866E+01  ../Water/train2000_1270.xsf
      1   O      11
      2   H       8
      3   H      11
      4   O       6
      5   H       9
      6   H       6
      7   O       8
      8   H       3
      9   H      10
     10   O       9
     11   H       4
     12   H       9
     13   O      10
     14   H       6
     15   H      13
     16   O       8
     17   H       7
     18   H       8
    838      18       2  -2.54842330E+01  ../Water/train2000_1271.xsf
      1   O      12
      2   H      11
      3   H      11
      4   O       6
      5   H       8
      6   H       5
      7   O       9
      8   H       4
      9   H       5
     10   O      10
     11   H       5
     12   H      11
     13   O      12
     14   H      11
     15   H      12
     16   O       8
     17   H       5
     18   H       9
    839      18       2  -2.54843725E+01  ../Water/train2000_1272.xsf
      1   O      14
      2   H      12
      3   H      10
      4   O       7
      5   H       9
      6   H       4
      7   O       9
      8   H      11
      9   H       6
     10   O       9
     11   H      11
     12   H      10
     13   O      11
     14   H      13
     15   H       6
     16   O       7
     17   H       6
     18   H       7
    840      18       2  -2.54843888E+01  ../Water/train2000_1273.xsf
      1   O      14
      2   H      11
      3   H      13
      4   O       7
      5   H       8
      6   H       5
      7   O      10
      8   H      11
      9   H       5
     10   O      10
     11   H      12
     12   H      10
     13   O      11
     14   H       7
     15   H       9
     16   O      10
     17   H       9
     18   H      12
    841      18       2  -2.54846613E+01  ../Water/train2000_1274.xsf
      1   O      14
      2   H      15
      3   H      10
      4   O       7
      5   H       8
      6   H       6
      7   O      12
      8   H      13
      9   H       6
     10   O      11
     11   H      12
     12   H      12
     13   O      12
     14   H      13
     15   H       9
     16   O      14
     17   H      10
     18   H      16
    842      18       2  -2.54841696E+01  ../Water/train2000_1275.xsf
      1   O      12
      2   H      11
      3   H      10
      4   O       6
      5   H       8
      6   H       6
      7   O      12
      8   H      14
      9   H       5
     10   O      11
     11   H      13
     12   H      13
     13   O       9
     14   H      10
     15   H      10
     16   O      15
     17   H       9
     18   H      16
    843      18       2  -2.54841969E+01  ../Water/train2000_1276.xsf
      1   O      10
      2   H      13
      3   H       7
      4   O       7
      5   H       8
      6   H       3
      7   O      11
      8   H       9
      9   H       5
     10   O       9
     11   H      12
     12   H      13
     13   O       8
     14   H       9
     15   H      11
     16   O      11
     17   H       6
     18   H      16
    844      18       2  -2.54846800E+01  ../Water/train2000_1277.xsf
      1   O      16
      2   H      17
      3   H       9
      4   O       8
      5   H       9
      6   H       6
      7   O       8
      8   H      10
      9   H       9
     10   O      11
     11   H      11
     12   H      10
     13   O      12
     14   H       6
     15   H      13
     16   O       9
     17   H      12
     18   H       8
    845      18       2  -2.54843184E+01  ../Water/train2000_1278.xsf
      1   O      15
      2   H      16
      3   H      11
      4   O       9
      5   H      10
      6   H       5
      7   O       8
      8   H       8
      9   H       8
     10   O      11
     11   H      12
     12   H       4
     13   O      13
     14   H       5
     15   H      12
     16   O      10
     17   H      11
     18   H      10
    846      18       2  -2.54846954E+01  ../Water/train2000_1279.xsf
      1   O      15
      2   H      14
      3   H       9
      4   O       9
      5   H       9
      6   H      10
      7   O       7
      8   H       7
      9   H       7
     10   O       9
     11   H      11
     12   H       5
     13   O       8
     14   H       4
     15   H      11
     16   O      10
     17   H      13
     18   H       6
    847      18       2  -2.54839664E+01  ../Water/train2000_1280.xsf
      1   O      13
      2   H      14
      3   H       9
      4   O       9
      5   H      11
      6   H      10
      7   O       8
      8   H       4
      9   H       8
     10   O       8
     11   H       9
     12   H       8
     13   O       8
     14   H       8
     15   H       7
     16   O       6
     17   H      13
     18   H       5
    848      18       2  -2.54845578E+01  ../Water/train2000_1281.xsf
      1   O      14
      2   H      12
      3   H      12
      4   O       9
      5   H      10
      6   H       9
      7   O       7
      8   H       3
      9   H       7
     10   O       8
     11   H      10
     12   H       9
     13   O       9
     14   H      10
     15   H       5
     16   O       9
     17   H      13
     18   H       8
    849      18       2  -2.54844131E+01  ../Water/train2000_1282.xsf
      1   O      14
      2   H      11
      3   H      10
      4   O       8
      5   H       9
      6   H       7
      7   O       7
      8   H       5
      9   H       7
     10   O      10
     11   H      11
     12   H       9
     13   O       6
     14   H       7
     15   H       3
     16   O      10
     17   H      11
     18   H       7
    850      18       2  -2.54842103E+01  ../Water/train2000_1283.xsf
      1   O      15
      2   H       9
      3   H      10
      4   O       7
      5   H       9
      6   H       8
      7   O       7
      8   H       8
      9   H       7
     10   O      10
     11   H      11
     12   H       7
     13   O       6
     14   H       7
     15   H       3
     16   O      10
     17   H      11
     18   H       7
    851      18       2  -2.54847437E+01  ../Water/train2000_1284.xsf
      1   O      13
      2   H       9
      3   H       9
      4   O      10
      5   H      10
      6   H       7
      7   O       8
      8   H       8
      9   H       6
     10   O       7
     11   H       9
     12   H       4
     13   O       6
     14   H       7
     15   H       4
     16   O       9
     17   H      12
     18   H       8
    852      18       2  -2.54844071E+01  ../Water/train2000_1285.xsf
      1   O      11
      2   H       8
      3   H      10
      4   O       9
      5   H      11
      6   H       6
      7   O       8
      8   H       8
      9   H       6
     10   O       7
     11   H       8
     12   H       8
     13   O       7
     14   H       7
     15   H       4
     16   O      10
     17   H      13
     18   H       7
    853      18       2  -2.54838551E+01  ../Water/train2000_1286.xsf
      1   O      15
      2   H      11
      3   H      10
      4   O       9
      5   H      13
      6   H       8
      7   O      10
      8   H       7
      9   H      11
     10   O       8
     11   H       8
     12   H      12
     13   O       6
     14   H       7
     15   H       6
     16   O      12
     17   H      13
     18   H       8
    854      18       2  -2.54846177E+01  ../Water/train2000_1287.xsf
      1   O      14
      2   H      11
      3   H      13
      4   O      12
      5   H      15
      6   H      12
      7   O      11
      8   H       8
      9   H       8
     10   O       8
     11   H       6
     12   H       9
     13   O       8
     14   H       9
     15   H       8
     16   O      11
     17   H      12
     18   H       5
    855      18       2  -2.54849318E+01  ../Water/train2000_1288.xsf
      1   O      10
      2   H       9
      3   H      13
      4   O      15
      5   H      14
      6   H      15
      7   O      10
      8   H       5
      9   H       9
     10   O       9
     11   H       5
     12   H      11
     13   O       8
     14   H       9
     15   H       5
     16   O      10
     17   H      11
     18   H       4
    856      18       2  -2.54841925E+01  ../Water/train2000_1289.xsf
      1   O      11
      2   H      11
      3   H      12
      4   O      16
      5   H      15
      6   H      15
      7   O      10
      8   H       4
      9   H       9
     10   O      11
     11   H      13
     12   H       9
     13   O       7
     14   H       9
     15   H       5
     16   O      10
     17   H      11
     18   H       6
    857      18       2  -2.54838646E+01  ../Water/train2000_1290.xsf
      1   O      16
      2   H      14
      3   H      11
      4   O      15
      5   H      15
      6   H      12
      7   O      11
      8   H       5
      9   H      12
     10   O      10
     11   H      11
     12   H       6
     13   O       9
     14   H      10
     15   H       6
     16   O       9
     17   H       9
     18   H       7
    858      18       2  -2.54838173E+01  ../Water/train2000_1291.xsf
      1   O      17
      2   H      16
      3   H      14
      4   O      12
      5   H      12
      6   H      13
      7   O      10
      8   H       8
      9   H       9
     10   O      12
     11   H      14
     12   H       8
     13   O       8
     14   H       8
     15   H       9
     16   O      11
     17   H       8
     18   H       9
    859      18       2  -2.54835431E+01  ../Water/train2000_1292.xsf
      1   O      14
      2   H      12
      3   H       9
      4   O      12
      5   H       6
      6   H      13
      7   O       7
      8   H       3
      9   H      10
     10   O      10
     11   H      11
     12   H       8
     13   O       7
     14   H       7
     15   H       9
     16   O       9
     17   H      10
     18   H      11
    860      18       2  -2.54844306E+01  ../Water/train2000_1293.xsf
      1   O      11
      2   H      11
      3   H       5
      4   O      10
      5   H       8
      6   H      11
      7   O       7
      8   H       4
      9   H       8
     10   O       9
     11   H      13
     12   H       9
     13   O       7
     14   H       6
     15   H       8
     16   O       9
     17   H      11
     18   H       7
    861      18       2  -2.54835909E+01  ../Water/train2000_1294.xsf
      1   O      14
      2   H      11
      3   H      13
      4   O      13
      5   H      14
      6   H      14
      7   O       7
      8   H      13
      9   H       5
     10   O      11
     11   H      12
     12   H       8
     13   O      11
     14   H       9
     15   H      10
     16   O       9
     17   H      11
     18   H       7
    862      18       2  -2.54837481E+01  ../Water/train2000_1295.xsf
      1   O      13
      2   H       8
      3   H      15
      4   O      12
      5   H      13
      6   H      12
      7   O       7
      8   H      13
      9   H       5
     10   O      12
     11   H      12
     12   H       8
     13   O       9
     14   H       9
     15   H       9
     16   O      10
     17   H       7
     18   H       6
    863      18       2  -2.54843301E+01  ../Water/train2000_1296.xsf
      1   O      13
      2   H       7
      3   H      14
      4   O      11
      5   H      10
      6   H      10
      7   O      11
      8   H       9
      9   H       7
     10   O      12
     11   H      13
     12   H      11
     13   O       7
     14   H       8
     15   H       7
     16   O       9
     17   H      11
     18   H       6
    864      18       2  -2.54830241E+01  ../Water/train2000_1297.xsf
      1   O      14
      2   H      10
      3   H      13
      4   O      13
      5   H      10
      6   H      12
      7   O      11
      8   H      13
      9   H       9
     10   O      12
     11   H      14
     12   H       9
     13   O       7
     14   H       8
     15   H       9
     16   O      10
     17   H      10
     18   H      10
    865      18       2  -2.54840093E+01  ../Water/train2000_1298.xsf
      1   O      13
      2   H      14
      3   H      10
      4   O      13
      5   H       6
      6   H      15
      7   O      13
      8   H      10
      9   H      10
     10   O      13
     11   H      12
     12   H       6
     13   O       5
     14   H       4
     15   H       9
     16   O       9
     17   H       8
     18   H      10
    866      18       2  -2.54841923E+01  ../Water/train2000_1299.xsf
      1   O      14
      2   H      16
      3   H       9
      4   O      12
      5   H      13
      6   H      14
      7   O      13
      8   H      13
      9   H      10
     10   O      12
     11   H      12
     12   H       6
     13   O       7
     14   H       7
     15   H      10
     16   O      10
     17   H      10
     18   H       4
    867      18       2  -2.54836193E+01  ../Water/train2000_1300.xsf
      1   O      13
      2   H      14
      3   H       9
      4   O      13
      5   H      14
      6   H      12
      7   O      11
      8   H       8
      9   H      11
     10   O      10
     11   H       7
     12   H      10
     13   O       9
     14   H      10
     15   H       5
     16   O       8
     17   H      11
     18   H       7
    868      18       2  -2.54837356E+01  ../Water/train2000_1301.xsf
      1   O      15
      2   H      17
      3   H      10
      4   O      14
      5   H      12
      6   H      11
      7   O      13
      8   H      13
      9   H       8
     10   O      10
     11   H      10
     12   H      10
     13   O       9
     14   H      11
     15   H       9
     16   O      10
     17   H      11
     18   H       5
    869      18       2  -2.54842727E+01  ../Water/train2000_1302.xsf
      1   O      14
      2   H      10
      3   H      15
      4   O      10
      5   H       9
      6   H      10
      7   O      13
      8   H      14
      9   H      10
     10   O       9
     11   H       5
     12   H      14
     13   O      10
     14   H       8
     15   H       9
     16   O       8
     17   H       7
     18   H       3
    870      18       2  -2.54839635E+01  ../Water/train2000_1303.xsf
      1   O      15
      2   H       8
      3   H      14
      4   O      10
      5   H      13
      6   H      12
      7   O      10
      8   H      12
      9   H       8
     10   O      13
     11   H       7
     12   H      14
     13   O       7
     14   H       7
     15   H       9
     16   O       9
     17   H      11
     18   H       7
    871      18       2  -2.54848753E+01  ../Water/train2000_1304.xsf
      1   O      16
      2   H      15
      3   H      16
      4   O      14
      5   H      14
      6   H      12
      7   O      10
      8   H       9
      9   H      11
     10   O      12
     11   H      12
     12   H      13
     13   O       8
     14   H       7
     15   H      11
     16   O      10
     17   H      11
     18   H       5
    872      18       2  -2.54842889E+01  ../Water/train2000_1305.xsf
      1   O      16
      2   H      15
      3   H      14
      4   O      15
      5   H      15
      6   H      13
      7   O      12
      8   H      10
      9   H      12
     10   O      11
     11   H      13
     12   H       5
     13   O      11
     14   H       7
     15   H      10
     16   O      10
     17   H      10
     18   H       5
    873      18       2  -2.54840050E+01  ../Water/train2000_1306.xsf
      1   O      13
      2   H       6
      3   H      15
      4   O      12
      5   H      15
      6   H       9
      7   O      10
      8   H       8
      9   H      12
     10   O      10
     11   H      12
     12   H       8
     13   O       9
     14   H       4
     15   H      11
     16   O      11
     17   H      12
     18   H       7
    874      18       2  -2.54846917E+01  ../Water/train2000_1307.xsf
      1   O      13
      2   H      11
      3   H      13
      4   O      14
      5   H      14
      6   H      12
      7   O      10
      8   H      11
      9   H      11
     10   O      14
     11   H       8
     12   H      16
     13   O      11
     14   H       9
     15   H       9
     16   O      10
     17   H      12
     18   H       8
    875      18       2  -2.54844522E+01  ../Water/train2000_1308.xsf
      1   O      10
      2   H      14
      3   H       4
      4   O      10
      5   H      13
      6   H      11
      7   O      12
      8   H       8
      9   H      12
     10   O      14
     11   H      10
     12   H      15
     13   O       8
     14   H      10
     15   H      10
     16   O       9
     17   H      10
     18   H       4
    876      18       2  -2.54835996E+01  ../Water/train2000_1309.xsf
      1   O       7
      2   H       8
      3   H       4
      4   O      10
      5   H      11
      6   H       8
      7   O       7
      8   H       6
      9   H      13
     10   O      14
     11   H      11
     12   H      12
     13   O       6
     14   H       5
     15   H       8
     16   O       7
     17   H      10
     18   H       5
    877      18       2  -2.54840137E+01  ../Water/train2000_1310.xsf
      1   O       9
      2   H       8
      3   H       6
      4   O      10
      5   H      12
      6   H       8
      7   O       9
      8   H       9
      9   H      10
     10   O      14
     11   H      11
     12   H      17
     13   O       7
     14   H       6
     15   H       9
     16   O       7
     17   H       8
     18   H       8
    878      18       2  -2.54839432E+01  ../Water/train2000_1311.xsf
      1   O      10
      2   H      15
      3   H       8
      4   O      10
      5   H      10
      6   H      10
      7   O      11
      8   H       9
      9   H      12
     10   O      15
     11   H      11
     12   H      16
     13   O       8
     14   H       8
     15   H       9
     16   O       7
     17   H      10
     18   H       7
    879      18       2  -2.54840094E+01  ../Water/train2000_1312.xsf
      1   O      13
      2   H      13
      3   H      10
      4   O      10
      5   H      10
      6   H       8
      7   O      11
      8   H       8
      9   H      11
     10   O      14
     11   H      13
     12   H      15
     13   O      11
     14   H       8
     15   H      11
     16   O       8
     17   H       8
     18   H       8
    880      18       2  -2.54843775E+01  ../Water/train2000_1313.xsf
      1   O      11
      2   H      12
      3   H       8
      4   O       9
      5   H      10
      6   H      10
      7   O       8
      8   H       6
      9   H       8
     10   O      14
     11   H      11
     12   H      14
     13   O       6
     14   H       3
     15   H       7
     16   O       8
     17   H       8
     18   H       5
    881      18       2  -2.54842254E+01  ../Water/train2000_1314.xsf
      1   O       8
      2   H       4
      3   H      10
      4   O       9
      5   H      11
      6   H       7
      7   O       7
      8   H       8
      9   H       6
     10   O      12
     11   H       9
     12   H      15
     13   O       4
     14   H       2
     15   H       7
     16   O       8
     17   H       9
     18   H       8
    882      18       2  -2.54840365E+01  ../Water/train2000_1315.xsf
      1   O      11
      2   H       5
      3   H      10
      4   O      10
      5   H       9
      6   H       9
      7   O       8
      8   H       8
      9   H       6
     10   O      13
     11   H       8
     12   H      15
     13   O       4
     14   H       4
     15   H       7
     16   O       9
     17   H      10
     18   H      10
    883      18       2  -2.54843001E+01  ../Water/train2000_1316.xsf
      1   O      13
      2   H       9
      3   H      10
      4   O       7
      5   H       8
      6   H       9
      7   O       7
      8   H       9
      9   H       7
     10   O      12
     11   H      12
     12   H      13
     13   O       7
     14   H       4
     15   H       6
     16   O      10
     17   H       7
     18   H      10
    884      18       2  -2.54844118E+01  ../Water/train2000_1317.xsf
      1   O      14
      2   H      10
      3   H      12
      4   O       8
      5   H       4
      6   H       9
      7   O       7
      8   H       5
      9   H       9
     10   O      11
     11   H      10
     12   H      14
     13   O       7
     14   H       5
     15   H       8
     16   O       9
     17   H       7
     18   H      11
    885      18       2  -2.54842608E+01  ../Water/train2000_1318.xsf
      1   O      16
      2   H      12
      3   H      12
      4   O       9
      5   H       7
      6   H      11
      7   O      10
      8   H       5
      9   H      11
     10   O      11
     11   H      10
     12   H      13
     13   O       6
     14   H       6
     15   H       7
     16   O      11
     17   H       7
     18   H      10
    886      18       2  -2.54844387E+01  ../Water/train2000_1319.xsf
      1   O      15
      2   H       9
      3   H       9
      4   O       7
      5   H       3
      6   H      10
      7   O       9
      8   H       7
      9   H      12
     10   O       9
     11   H       7
     12   H      12
     13   O       7
     14   H       6
     15   H       8
     16   O       8
     17   H       3
     18   H      11
    887      18       2  -2.54835403E+01  ../Water/train2000_1320.xsf
      1   O      15
      2   H      12
      3   H      13
      4   O      10
      5   H       4
      6   H      11
      7   O       9
      8   H       7
      9   H      11
     10   O      10
     11   H       7
     12   H      12
     13   O       7
     14   H       4
     15   H       7
     16   O      10
     17   H       9
     18   H      10
    888      18       2  -2.54838365E+01  ../Water/train2000_1321.xsf
      1   O      15
      2   H      12
      3   H      11
      4   O      10
      5   H       9
      6   H      10
      7   O       6
      8   H       9
      9   H       7
     10   O      13
     11   H       8
     12   H      13
     13   O       6
     14   H       3
     15   H       7
     16   O      11
     17   H       9
     18   H      11
    889      18       2  -2.54838287E+01  ../Water/train2000_1322.xsf
      1   O      14
      2   H       9
      3   H      13
      4   O       8
      5   H       9
      6   H       9
      7   O      10
      8   H      10
      9   H       9
     10   O      12
     11   H       9
     12   H      15
     13   O       8
     14   H       8
     15   H       9
     16   O      10
     17   H       4
     18   H      10
    890      18       2  -2.54833335E+01  ../Water/train2000_1323.xsf
      1   O      12
      2   H      11
      3   H      13
      4   O       6
      5   H       6
      6   H       9
      7   O      10
      8   H      11
      9   H       9
     10   O      12
     11   H       6
     12   H      13
     13   O       8
     14   H      11
     15   H       7
     16   O      11
     17   H       5
     18   H       8
    891      18       2  -2.54839463E+01  ../Water/train2000_1324.xsf
      1   O      10
      2   H      11
      3   H      11
      4   O       5
      5   H       3
      6   H       8
      7   O       7
      8   H       8
      9   H       9
     10   O      11
     11   H      10
     12   H      13
     13   O      10
     14   H       8
     15   H       7
     16   O      10
     17   H      11
     18   H      12
    892      18       2  -2.54836889E+01  ../Water/train2000_1325.xsf
      1   O      11
      2   H      10
      3   H      12
      4   O       6
      5   H       3
      6   H      10
      7   O       7
      8   H       3
      9   H       8
     10   O      14
     11   H       6
     12   H      14
     13   O      10
     14   H       8
     15   H      11
     16   O      11
     17   H      12
     18   H       8
    893      18       2  -2.54839224E+01  ../Water/train2000_1326.xsf
      1   O      14
      2   H      14
      3   H       9
      4   O       9
      5   H       6
      6   H       9
      7   O       8
      8   H       8
      9   H       9
     10   O      13
     11   H       9
     12   H      16
     13   O      12
     14   H      12
     15   H      12
     16   O      12
     17   H      11
     18   H       7
    894      18       2  -2.54847190E+01  ../Water/train2000_1327.xsf
      1   O      13
      2   H       9
      3   H      10
      4   O       6
      5   H       6
      6   H       9
      7   O       8
      8   H      10
      9   H       8
     10   O       8
     11   H       7
     12   H      15
     13   O      10
     14   H       7
     15   H      12
     16   O       8
     17   H       9
     18   H       5
    895      18       2  -2.54840981E+01  ../Water/train2000_1328.xsf
      1   O      12
      2   H      16
      3   H       8
      4   O       8
      5   H       4
      6   H       6
      7   O      10
      8   H      10
      9   H      10
     10   O       8
     11   H      12
     12   H       7
     13   O      11
     14   H      10
     15   H      12
     16   O       8
     17   H       8
     18   H      10
    896      18       2  -2.54840601E+01  ../Water/train2000_1329.xsf
      1   O      12
      2   H      13
      3   H       7
      4   O       9
      5   H      10
      6   H       9
      7   O       9
      8   H       5
      9   H      10
     10   O       6
     11   H       8
     12   H       3
     13   O      12
     14   H      10
     15   H       8
     16   O       8
     17   H       8
     18   H       9
    897      18       2  -2.54840892E+01  ../Water/train2000_1330.xsf
      1   O      12
      2   H      12
      3   H       8
      4   O       8
      5   H       9
      6   H       8
      7   O       8
      8   H      10
      9   H       8
     10   O       6
     11   H       8
     12   H       3
     13   O      14
     14   H       9
     15   H       5
     16   O       6
     17   H       8
     18   H       4
    898      18       2  -2.54843554E+01  ../Water/train2000_1331.xsf
      1   O      13
      2   H      11
      3   H      14
      4   O      10
      5   H       8
      6   H      11
      7   O      13
      8   H      11
      9   H      10
     10   O       8
     11   H       8
     12   H       6
     13   O      13
     14   H      14
     15   H       6
     16   O       8
     17   H      11
     18   H      11
    899      18       2  -2.54837527E+01  ../Water/train2000_1332.xsf
      1   O      15
      2   H      10
      3   H      13
      4   O      10
      5   H      10
      6   H      11
      7   O      12
      8   H       9
      9   H      12
     10   O       7
     11   H      11
     12   H       5
     13   O      13
     14   H      15
     15   H       8
     16   O      13
     17   H       9
     18   H      15
    900      18       2  -2.54845835E+01  ../Water/train2000_1333.xsf
      1   O      13
      2   H      10
      3   H      12
      4   O       8
      5   H      11
      6   H       5
      7   O      12
      8   H       8
      9   H      13
     10   O       8
     11   H      10
     12   H       7
     13   O      11
     14   H      12
     15   H       9
     16   O      12
     17   H       4
     18   H      13
    901      18       2  -2.54835618E+01  ../Water/train2000_1334.xsf
      1   O      15
      2   H      11
      3   H      14
      4   O      11
      5   H       9
      6   H       7
      7   O      10
      8   H       8
      9   H      14
     10   O       9
     11   H       9
     12   H       7
     13   O       9
     14   H      10
     15   H      10
     16   O      10
     17   H      14
     18   H      13
    902      18       2  -2.54834610E+01  ../Water/train2000_1335.xsf
      1   O      14
      2   H      13
      3   H      15
      4   O       9
      5   H       9
      6   H      11
      7   O       9
      8   H       8
      9   H      11
     10   O       8
     11   H      10
     12   H       5
     13   O       8
     14   H       8
     15   H       7
     16   O       9
     17   H      13
     18   H       7
    903      18       2  -2.54844613E+01  ../Water/train2000_1336.xsf
      1   O      15
      2   H      11
      3   H      15
      4   O      10
      5   H       8
      6   H      10
      7   O       8
      8   H       9
      9   H       3
     10   O       7
     11   H      10
     12   H       5
     13   O       7
     14   H       8
     15   H       3
     16   O       9
     17   H      12
     18   H      10
    904      18       2  -2.54852099E+01  ../Water/train2000_1337.xsf
      1   O      12
      2   H       5
      3   H      13
      4   O      10
      5   H      10
      6   H       6
      7   O      10
      8   H       6
      9   H      13
     10   O      10
     11   H       6
     12   H      11
     13   O       9
     14   H       5
     15   H       8
     16   O      10
     17   H      12
     18   H      10
    905      18       2  -2.54838727E+01  ../Water/train2000_1338.xsf
      1   O      11
      2   H      12
      3   H      15
      4   O      13
      5   H       9
      6   H      12
      7   O      10
      8   H       8
      9   H      11
     10   O       9
     11   H       7
     12   H       8
     13   O      11
     14   H       5
     15   H      11
     16   O      11
     17   H      10
     18   H      15
    906      18       2  -2.54843962E+01  ../Water/train2000_1339.xsf
      1   O      11
      2   H       9
      3   H      15
      4   O      11
      5   H      11
      6   H      10
      7   O       8
      8   H       7
      9   H      10
     10   O       6
     11   H       6
     12   H      10
     13   O      10
     14   H       6
     15   H      11
     16   O      12
     17   H      11
     18   H      12
    907      18       2  -2.54844231E+01  ../Water/train2000_1340.xsf
      1   O      10
      2   H       7
      3   H      14
      4   O       9
      5   H      12
      6   H       8
      7   O       8
      8   H       7
      9   H       7
     10   O       6
     11   H       8
     12   H       3
     13   O      11
     14   H       5
     15   H      11
     16   O       8
     17   H       8
     18   H       8
    908      18       2  -2.54841647E+01  ../Water/train2000_1341.xsf
      1   O      13
      2   H      12
      3   H      15
      4   O      11
      5   H       6
      6   H      12
      7   O      11
      8   H       8
      9   H       7
     10   O       7
     11   H       6
     12   H       6
     13   O       7
     14   H       4
     15   H      11
     16   O       9
     17   H      10
     18   H       7
    909      18       2  -2.54833583E+01  ../Water/train2000_1342.xsf
      1   O      15
      2   H      15
      3   H      11
      4   O      10
      5   H       7
      6   H      11
      7   O      11
      8   H      11
      9   H       6
     10   O       8
     11   H       9
     12   H       8
     13   O       8
     14   H       3
     15   H      11
     16   O       8
     17   H       7
     18   H       9
    910      18       2  -2.54841927E+01  ../Water/train2000_1343.xsf
      1   O      12
      2   H      17
      3   H      11
      4   O      11
      5   H      11
      6   H       6
      7   O       8
      8   H       9
      9   H       8
     10   O       7
     11   H       9
     12   H       6
     13   O      10
     14   H       6
     15   H      11
     16   O       7
     17   H       6
     18   H       7
    911      18       2  -2.54836543E+01  ../Water/train2000_1344.xsf
      1   O      13
      2   H      14
      3   H      12
      4   O      12
      5   H      10
      6   H      11
      7   O       7
      8   H       8
      9   H       9
     10   O       7
     11   H       8
     12   H       5
     13   O      10
     14   H       6
     15   H       9
     16   O       6
     17   H      10
     18   H       5
    912      18       2  -2.54841064E+01  ../Water/train2000_1345.xsf
      1   O      14
      2   H      15
      3   H       8
      4   O       9
      5   H       7
      6   H       9
      7   O       9
      8   H       9
      9   H       6
     10   O       7
     11   H       9
     12   H       6
     13   O       8
     14   H       7
     15   H      11
     16   O       6
     17   H       7
     18   H       7
    913      18       2  -2.54837809E+01  ../Water/train2000_1346.xsf
      1   O      12
      2   H       9
      3   H      11
      4   O      10
      5   H       8
      6   H      10
      7   O       7
      8   H       8
      9   H       6
     10   O       6
     11   H       8
     12   H       6
     13   O      11
     14   H      10
     15   H       8
     16   O       6
     17   H       7
     18   H       7
    914      18       2  -2.54840121E+01  ../Water/train2000_1347.xsf
      1   O      13
      2   H      11
      3   H      16
      4   O      10
      5   H       7
      6   H      10
      7   O       7
      8   H      10
      9   H       4
     10   O       6
     11   H       6
     12   H       5
     13   O      10
     14   H      11
     15   H       8
     16   O       8
     17   H       8
     18   H       6
    915      18       2  -2.54844937E+01  ../Water/train2000_1348.xsf
      1   O      15
      2   H      14
      3   H      15
      4   O       9
      5   H      10
      6   H       9
      7   O      11
      8   H       9
      9   H       4
     10   O       7
     11   H       7
     12   H       6
     13   O       8
     14   H       6
     15   H      11
     16   O       7
     17   H       8
     18   H       6
    916      18       2  -2.54834450E+01  ../Water/train2000_1349.xsf
      1   O      15
      2   H      12
      3   H      14
      4   O       6
      5   H       9
      6   H       7
      7   O       7
      8   H      10
      9   H       4
     10   O       6
     11   H       5
     12   H       3
     13   O      10
     14   H       9
     15   H       6
     16   O       6
     17   H       8
     18   H       5
    917      18       2  -2.54835674E+01  ../Water/train2000_1350.xsf
      1   O      13
      2   H      11
      3   H      12
      4   O       7
      5   H       4
      6   H       9
      7   O       6
      8   H       9
      9   H       6
     10   O       4
     11   H       3
     12   H       5
     13   O      10
     14   H      10
     15   H       5
     16   O       7
     17   H       8
     18   H       5
    918      18       2  -2.54830226E+01  ../Water/train2000_1351.xsf
      1   O      13
      2   H      11
      3   H      13
      4   O       9
      5   H       5
      6   H       9
      7   O       9
      8   H      10
      9   H       3
     10   O       5
     11   H       4
     12   H       7
     13   O      11
     14   H      11
     15   H       7
     16   O       6
     17   H       8
     18   H       7
    919      18       2  -2.54841339E+01  ../Water/train2000_1352.xsf
      1   O      15
      2   H      10
      3   H      11
      4   O       7
      5   H       3
      6   H       9
      7   O       7
      8   H       8
      9   H       6
     10   O       5
     11   H       6
     12   H       8
     13   O       8
     14   H       9
     15   H       8
     16   O       7
     17   H       3
     18   H       8
    920      18       2  -2.54842833E+01  ../Water/train2000_1353.xsf
      1   O      13
      2   H       9
      3   H      10
      4   O       6
      5   H       5
      6   H      10
      7   O       6
      8   H       6
      9   H       4
     10   O       7
     11   H       4
     12   H       8
     13   O       8
     14   H       7
     15   H       9
     16   O       9
     17   H       6
     18   H       9
    921      18       2  -2.54846170E+01  ../Water/train2000_1354.xsf
      1   O      12
      2   H      10
      3   H      11
      4   O       9
      5   H       6
      6   H       8
      7   O       6
      8   H       8
      9   H       4
     10   O       8
     11   H       5
     12   H       7
     13   O       9
     14   H       6
     15   H      10
     16   O       7
     17   H      10
     18   H       6
    922      18       2  -2.54847334E+01  ../Water/train2000_1355.xsf
      1   O      10
      2   H       9
      3   H       8
      4   O       6
      5   H       4
      6   H       7
      7   O       7
      8   H       8
      9   H       3
     10   O       6
     11   H       5
     12   H       7
     13   O       8
     14   H       5
     15   H       8
     16   O       8
     17   H       7
     18   H       4
    923      18       2  -2.54845762E+01  ../Water/train2000_1356.xsf
      1   O      10
      2   H      11
      3   H      10
      4   O       8
      5   H       2
      6   H       9
      7   O       7
      8   H       7
      9   H       4
     10   O       5
     11   H       3
     12   H       6
     13   O       8
     14   H       7
     15   H       5
     16   O       7
     17   H       9
     18   H       6
    924      18       2  -2.54830618E+01  ../Water/train2000_1357.xsf
      1   O      11
      2   H      12
      3   H      10
      4   O       7
      5   H       5
      6   H       7
      7   O       7
      8   H       6
      9   H       4
     10   O       4
     11   H       3
     12   H       5
     13   O      10
     14   H      11
     15   H       5
     16   O       8
     17   H       8
     18   H       7
    925      18       2  -2.54845618E+01  ../Water/train2000_1358.xsf
      1   O      11
      2   H      11
      3   H      11
      4   O       7
      5   H       5
      6   H       9
      7   O       8
      8   H       9
      9   H       6
     10   O       4
     11   H       4
     12   H       5
     13   O      10
     14   H      10
     15   H       6
     16   O       7
     17   H       8
     18   H       3
    926      18       2  -2.54832156E+01  ../Water/train2000_1359.xsf
      1   O      13
      2   H      12
      3   H      10
      4   O       6
      5   H       6
      6   H       7
      7   O       7
      8   H       8
      9   H       7
     10   O       5
     11   H       5
     12   H       5
     13   O      11
     14   H       8
     15   H       5
     16   O       7
     17   H       8
     18   H       6
    927      18       2  -2.54837818E+01  ../Water/train2000_1360.xsf
      1   O      15
      2   H      12
      3   H      12
      4   O       7
      5   H       5
      6   H       6
      7   O       7
      8   H       8
      9   H       7
     10   O       5
     11   H       5
     12   H       7
     13   O       9
     14   H      11
     15   H       8
     16   O       7
     17   H       8
     18   H       7
    928      18       2  -2.54834223E+01  ../Water/train2000_1361.xsf
      1   O      14
      2   H      11
      3   H      16
      4   O       9
      5   H       8
      6   H       4
      7   O       7
      8   H       8
      9   H       5
     10   O       7
     11   H       8
     12   H       8
     13   O       8
     14   H       7
     15   H      10
     16   O       6
     17   H       7
     18   H       5
    929      18       2  -2.54834119E+01  ../Water/train2000_1362.xsf
      1   O      16
      2   H      15
      3   H      16
      4   O      10
      5   H       8
      6   H       8
      7   O       6
      8   H       8
      9   H       5
     10   O       8
     11   H       8
     12   H       7
     13   O      10
     14   H      10
     15   H      10
     16   O       8
     17   H       8
     18   H       3
    930      18       2  -2.54837501E+01  ../Water/train2000_1363.xsf
      1   O      10
      2   H      14
      3   H      13
      4   O       7
      5   H       8
      6   H      10
      7   O       6
      8   H       6
      9   H       5
     10   O       8
     11   H       6
     12   H       6
     13   O      10
     14   H      11
     15   H       5
     16   O       7
     17   H       6
     18   H       4
    931      18       2  -2.54837537E+01  ../Water/train2000_1364.xsf
      1   O      13
      2   H      17
      3   H      10
      4   O       9
      5   H       9
      6   H       8
      7   O       6
      8   H       8
      9   H       4
     10   O      10
     11   H       9
     12   H       8
     13   O      11
     14   H      11
     15   H       9
     16   O       9
     17   H      14
     18   H       7
    932      18       2  -2.54841273E+01  ../Water/train2000_1365.xsf
      1   O      15
      2   H      16
      3   H      11
      4   O      10
      5   H      10
      6   H       9
      7   O       5
      8   H       6
      9   H       8
     10   O      12
     11   H      10
     12   H      14
     13   O      11
     14   H       9
     15   H      12
     16   O      10
     17   H      11
     18   H       5
    933      18       2  -2.54840869E+01  ../Water/train2000_1366.xsf
      1   O      13
      2   H       8
      3   H      17
      4   O      11
      5   H      11
      6   H       9
      7   O       6
      8   H       5
      9   H      10
     10   O      14
     11   H      10
     12   H      10
     13   O       9
     14   H       8
     15   H       9
     16   O       8
     17   H      12
     18   H       8
    934      18       2  -2.54846645E+01  ../Water/train2000_1367.xsf
      1   O      16
      2   H       9
      3   H      16
      4   O      12
      5   H      11
      6   H      11
      7   O       8
      8   H       5
      9   H      10
     10   O      12
     11   H      10
     12   H      11
     13   O       8
     14   H       7
     15   H      11
     16   O      13
     17   H       7
     18   H      13
    935      18       2  -2.54846844E+01  ../Water/train2000_1368.xsf
      1   O      12
      2   H      11
      3   H      16
      4   O      13
      5   H      12
      6   H       5
      7   O       8
      8   H       9
      9   H       9
     10   O      11
     11   H      10
     12   H       9
     13   O       9
     14   H       6
     15   H      10
     16   O      14
     17   H      10
     18   H      12
    936      18       2  -2.54834583E+01  ../Water/train2000_1369.xsf
      1   O      12
      2   H      13
      3   H      11
      4   O      15
      5   H      17
      6   H       9
      7   O      12
      8   H      10
      9   H      12
     10   O      10
     11   H      10
     12   H      12
     13   O      10
     14   H       9
     15   H      12
     16   O      14
     17   H      11
     18   H       9
    937      18       2  -2.54844920E+01  ../Water/train2000_1370.xsf
      1   O      11
      2   H      14
      3   H      10
      4   O      15
      5   H      16
      6   H      13
      7   O      12
      8   H      10
      9   H      10
     10   O       9
     11   H      11
     12   H       4
     13   O      10
     14   H       6
     15   H       9
     16   O      13
     17   H      10
     18   H      11
    938      18       2  -2.54846385E+01  ../Water/train2000_1371.xsf
      1   O      12
      2   H      15
      3   H       8
      4   O      10
      5   H       8
      6   H      10
      7   O       7
      8   H       9
      9   H       5
     10   O      10
     11   H      11
     12   H       4
     13   O       8
     14   H       7
     15   H      11
     16   O      10
     17   H       7
     18   H      14
    939      18       2  -2.54834263E+01  ../Water/train2000_1372.xsf
      1   O      14
      2   H      14
      3   H      11
      4   O       9
      5   H      11
      6   H      12
      7   O      11
      8   H      11
      9   H       9
     10   O      12
     11   H      13
     12   H       9
     13   O       8
     14   H       5
     15   H      10
     16   O       9
     17   H       6
     18   H      10
    940      18       2  -2.54844682E+01  ../Water/train2000_1373.xsf
      1   O      15
      2   H      17
      3   H      11
      4   O      11
      5   H       8
      6   H      11
      7   O       8
      8   H       7
      9   H       9
     10   O      12
     11   H      12
     12   H       8
     13   O       7
     14   H       5
     15   H       8
     16   O       7
     17   H       6
     18   H      10
    941      18       2  -2.54843458E+01  ../Water/train2000_1374.xsf
      1   O      15
      2   H      14
      3   H      13
      4   O      11
      5   H       4
      6   H      10
      7   O       9
      8   H       8
      9   H      10
     10   O      11
     11   H       9
     12   H      12
     13   O       7
     14   H       6
     15   H       8
     16   O       8
     17   H      10
     18   H       7
    942      18       2  -2.54846434E+01  ../Water/train2000_1375.xsf
      1   O      12
      2   H      15
      3   H       8
      4   O      10
      5   H       6
      6   H      11
      7   O      10
      8   H      10
      9   H      11
     10   O      12
     11   H      10
     12   H      10
     13   O       7
     14   H       7
     15   H       8
     16   O       7
     17   H      11
     18   H       5
    943      18       2  -2.54837600E+01  ../Water/train2000_1376.xsf
      1   O      13
      2   H      15
      3   H       9
      4   O       8
      5   H       4
      6   H      11
      7   O       9
      8   H       8
      9   H      10
     10   O      11
     11   H      12
     12   H      11
     13   O       7
     14   H       8
     15   H       8
     16   O      11
     17   H      10
     18   H      11
    944      18       2  -2.54846341E+01  ../Water/train2000_1377.xsf
      1   O      15
      2   H      13
      3   H      10
      4   O       9
      5   H       5
      6   H      11
      7   O       8
      8   H       9
      9   H      10
     10   O      12
     11   H       9
     12   H      11
     13   O       7
     14   H       4
     15   H       8
     16   O      10
     17   H       8
     18   H      11
    945      18       2  -2.54841764E+01  ../Water/train2000_1378.xsf
      1   O      14
      2   H      11
      3   H      10
      4   O       8
      5   H       4
      6   H      14
      7   O       9
      8   H      10
      9   H      10
     10   O      10
     11   H       7
     12   H      12
     13   O       6
     14   H       3
     15   H       7
     16   O       9
     17   H       9
     18   H       9
    946      18       2  -2.54844913E+01  ../Water/train2000_1379.xsf
      1   O      14
      2   H      12
      3   H      10
      4   O      10
      5   H       4
      6   H      14
      7   O       9
      8   H      10
      9   H      11
     10   O      10
     11   H      10
     12   H      12
     13   O       7
     14   H       7
     15   H       8
     16   O      11
     17   H       7
     18   H      14
    947      18       2  -2.54842251E+01  ../Water/train2000_1380.xsf
      1   O      14
      2   H      14
      3   H       7
      4   O      10
      5   H      13
      6   H      11
      7   O      11
      8   H      11
      9   H      11
     10   O      13
     11   H      10
     12   H      13
     13   O       7
     14   H       7
     15   H       9
     16   O      11
     17   H       6
     18   H      12
    948      18       2  -2.54847799E+01  ../Water/train2000_1381.xsf
      1   O       9
      2   H      14
      3   H       7
      4   O      11
      5   H      12
      6   H       6
      7   O      10
      8   H       8
      9   H      12
     10   O      13
     11   H      13
     12   H      10
     13   O       8
     14   H       6
     15   H      12
     16   O       8
     17   H       7
     18   H      12
    949      18       2  -2.54842248E+01  ../Water/train2000_1382.xsf
      1   O      13
      2   H      15
      3   H       7
      4   O      10
      5   H      11
      6   H      10
      7   O      10
      8   H       8
      9   H      12
     10   O      12
     11   H      12
     12   H      10
     13   O      10
     14   H      11
     15   H       5
     16   O       8
     17   H       4
     18   H      12
    950      18       2  -2.54844082E+01  ../Water/train2000_1383.xsf
      1   O      12
      2   H      17
      3   H       7
      4   O      10
      5   H      10
      6   H      11
      7   O      10
      8   H      10
      9   H      10
     10   O      13
     11   H      14
     12   H      12
     13   O      11
     14   H      11
     15   H       5
     16   O      10
     17   H      13
     18   H      10
    951      18       2  -2.54843232E+01  ../Water/train2000_1384.xsf
      1   O      11
      2   H       9
      3   H      12
      4   O       9
      5   H       8
      6   H      11
      7   O      12
      8   H      11
      9   H       5
     10   O      10
     11   H       9
     12   H      11
     13   O       9
     14   H       9
     15   H       4
     16   O      10
     17   H      15
     18   H       7
    952      18       2  -2.54839643E+01  ../Water/train2000_1385.xsf
      1   O      11
      2   H       6
      3   H      12
      4   O      10
      5   H      13
      6   H      10
      7   O      10
      8   H      11
      9   H       7
     10   O      10
     11   H      13
     12   H       7
     13   O       8
     14   H       9
     15   H       3
     16   O      12
     17   H      13
     18   H       5
    953      18       2  -2.54839387E+01  ../Water/train2000_1386.xsf
      1   O      14
      2   H      14
      3   H      16
      4   O      12
      5   H      14
      6   H      11
      7   O      11
      8   H      10
      9   H      10
     10   O      16
     11   H      14
     12   H      14
     13   O       9
     14   H      11
     15   H       4
     16   O      13
     17   H      13
     18   H       8
    954      18       2  -2.54846261E+01  ../Water/train2000_1387.xsf
      1   O      13
      2   H      16
      3   H       7
      4   O      12
      5   H      14
      6   H       8
      7   O       9
      8   H      11
      9   H       8
     10   O      15
     11   H      12
     12   H      12
     13   O      11
     14   H      11
     15   H       9
     16   O      10
     17   H      11
     18   H       9
    955      18       2  -2.54844776E+01  ../Water/train2000_1388.xsf
      1   O      13
      2   H      14
      3   H      13
      4   O      12
      5   H      10
      6   H       7
      7   O      10
      8   H      10
      9   H       5
     10   O      14
     11   H      14
     12   H      13
     13   O       9
     14   H      11
     15   H       5
     16   O      11
     17   H       9
     18   H      12
    956      18       2  -2.54840226E+01  ../Water/train2000_1389.xsf
      1   O      15
      2   H      13
      3   H      13
      4   O      13
      5   H      10
      6   H      12
      7   O      10
      8   H      11
      9   H       5
     10   O      12
     11   H      14
     12   H      17
     13   O       9
     14   H       8
     15   H       6
     16   O      10
     17   H      13
     18   H      13
    957      18       2  -2.54843679E+01  ../Water/train2000_1390.xsf
      1   O      14
      2   H      14
      3   H       7
      4   O      10
      5   H      11
      6   H       4
      7   O       9
      8   H       9
      9   H       7
     10   O      13
     11   H      10
     12   H      16
     13   O       9
     14   H       9
     15   H       8
     16   O       9
     17   H       8
     18   H      13
    958      18       2  -2.54838541E+01  ../Water/train2000_1391.xsf
      1   O      12
      2   H      12
      3   H       7
      4   O      13
      5   H       9
      6   H       8
      7   O       9
      8   H      10
      9   H       9
     10   O      13
     11   H       8
     12   H      15
     13   O       7
     14   H       9
     15   H       3
     16   O       8
     17   H       9
     18   H       7
    959      18       2  -2.54843852E+01  ../Water/train2000_1392.xsf
      1   O      13
      2   H      15
      3   H      10
      4   O      13
      5   H       8
      6   H      13
      7   O       8
      8   H      10
      9   H       9
     10   O      12
     11   H       5
     12   H      13
     13   O       7
     14   H       8
     15   H       5
     16   O      11
     17   H      11
     18   H      11
    960      18       2  -2.54840349E+01  ../Water/train2000_1393.xsf
      1   O      15
      2   H      12
      3   H      11
      4   O      10
      5   H       6
      6   H      12
      7   O      10
      8   H       7
      9   H      11
     10   O      12
     11   H      12
     12   H      12
     13   O       8
     14   H       8
     15   H       6
     16   O      12
     17   H       7
     18   H      13
    961      18       2  -2.54844004E+01  ../Water/train2000_1394.xsf
      1   O      13
      2   H      15
      3   H       8
      4   O      10
      5   H      11
      6   H      11
      7   O       9
      8   H       4
      9   H       9
     10   O       9
     11   H      14
     12   H       5
     13   O       8
     14   H       8
     15   H       4
     16   O      12
     17   H      13
     18   H      11
    962      18       2  -2.54839537E+01  ../Water/train2000_1395.xsf
      1   O      14
      2   H      16
      3   H       8
      4   O      10
      5   H       8
      6   H      11
      7   O       9
      8   H       5
      9   H      11
     10   O      12
     11   H      13
     12   H       5
     13   O       7
     14   H       5
     15   H       8
     16   O      11
     17   H      11
     18   H      12
    963      18       2  -2.54842684E+01  ../Water/train2000_1396.xsf
      1   O      14
      2   H       9
      3   H      12
      4   O      11
      5   H       4
      6   H      12
      7   O      10
      8   H       6
      9   H      11
     10   O      11
     11   H      13
     12   H      11
     13   O       7
     14   H       4
     15   H       9
     16   O      12
     17   H      10
     18   H      14
    964      18       2  -2.54837950E+01  ../Water/train2000_1397.xsf
      1   O      13
      2   H       9
      3   H      10
      4   O      11
      5   H      12
      6   H      14
      7   O       9
      8   H       7
      9   H       8
     10   O      11
     11   H      11
     12   H      13
     13   O       6
     14   H       7
     15   H       7
     16   O      12
     17   H       8
     18   H      14
    965      18       2  -2.54845546E+01  ../Water/train2000_1398.xsf
      1   O      15
      2   H      12
      3   H      10
      4   O      13
      5   H      11
      6   H      14
      7   O       9
      8   H       9
      9   H       8
     10   O      13
     11   H       4
     12   H      14
     13   O       7
     14   H       5
     15   H       7
     16   O      12
     17   H      12
     18   H      11
    966      18       2  -2.54844716E+01  ../Water/train2000_1399.xsf
      1   O      14
      2   H      10
      3   H       9
      4   O      12
      5   H      12
      6   H      15
      7   O       8
      8   H       6
      9   H      10
     10   O      10
     11   H       5
     12   H      13
     13   O       9
     14   H       5
     15   H       8
     16   O      12
     17   H      12
     18   H      12
    967      18       2  -2.54842456E+01  ../Water/train2000_1400.xsf
      1   O      11
      2   H      10
      3   H       6
      4   O      11
      5   H      11
      6   H      14
      7   O       7
      8   H       3
      9   H       8
     10   O      10
     11   H       7
     12   H      11
     13   O       5
     14   H       3
     15   H       8
     16   O      10
     17   H       7
     18   H       8
    968      18       2  -2.54834015E+01  ../Water/train2000_1401.xsf
      1   O      11
      2   H       5
      3   H      11
      4   O       9
      5   H      10
      6   H      11
      7   O       8
      8   H       6
      9   H       3
     10   O      10
     11   H       7
     12   H      14
     13   O       7
     14   H       8
     15   H       6
     16   O       7
     17   H      11
     18   H       8
    969      18       2  -2.54840788E+01  ../Water/train2000_1402.xsf
      1   O      13
      2   H      11
      3   H      11
      4   O      11
      5   H      13
      6   H      13
      7   O       8
      8   H       9
      9   H       6
     10   O      11
     11   H       6
     12   H      14
     13   O       6
     14   H      10
     15   H       9
     16   O      10
     17   H      11
     18   H       6
    970      18       2  -2.54833122E+01  ../Water/train2000_1403.xsf
      1   O      13
      2   H       8
      3   H      12
      4   O      12
      5   H      10
      6   H      12
      7   O       7
      8   H       5
      9   H       9
     10   O      11
     11   H       8
     12   H      13
     13   O       6
     14   H       6
     15   H       8
     16   O      10
     17   H      10
     18   H       6
    971      18       2  -2.54835736E+01  ../Water/train2000_1404.xsf
      1   O      12
      2   H       9
      3   H       8
      4   O      10
      5   H      10
      6   H      12
      7   O       8
      8   H       5
      9   H       8
     10   O      10
     11   H       5
     12   H      12
     13   O       4
     14   H       3
     15   H       7
     16   O       8
     17   H       9
     18   H       4
    972      18       2  -2.54835359E+01  ../Water/train2000_1405.xsf
      1   O      12
      2   H      10
      3   H      13
      4   O      11
      5   H       8
      6   H      13
      7   O       7
      8   H       6
      9   H       8
     10   O      11
     11   H       4
     12   H      10
     13   O       4
     14   H       4
     15   H      10
     16   O      12
     17   H      11
     18   H       8
    973      18       2  -2.54843760E+01  ../Water/train2000_1406.xsf
      1   O      16
      2   H      13
      3   H      14
      4   O      10
      5   H      13
      6   H       9
      7   O       6
      8   H       5
      9   H       7
     10   O       9
     11   H       9
     12   H       8
     13   O       7
     14   H       7
     15   H       4
     16   O      13
     17   H      12
     18   H      10
    974      18       2  -2.54840760E+01  ../Water/train2000_1407.xsf
      1   O      13
      2   H      10
      3   H      14
      4   O       9
      5   H      13
      6   H       5
      7   O       7
      8   H       3
      9   H       8
     10   O       9
     11   H       8
     12   H      10
     13   O       7
     14   H       4
     15   H       4
     16   O      12
     17   H      10
     18   H      10
    975      18       2  -2.54842937E+01  ../Water/train2000_1408.xsf
      1   O      13
      2   H      14
      3   H       7
      4   O       9
      5   H      10
      6   H       8
      7   O       8
      8   H       6
      9   H       7
     10   O       8
     11   H      10
     12   H       9
     13   O       4
     14   H       3
     15   H       2
     16   O      10
     17   H      10
     18   H      10
    976      18       2  -2.54836068E+01  ../Water/train2000_1409.xsf
      1   O      12
      2   H      14
      3   H      10
      4   O       7
      5   H       8
      6   H      10
      7   O       8
      8   H       5
      9   H       7
     10   O       9
     11   H       9
     12   H      11
     13   O       6
     14   H       3
     15   H       5
     16   O      10
     17   H      10
     18   H      12
    977      18       2  -2.54843171E+01  ../Water/train2000_1410.xsf
      1   O      13
      2   H      12
      3   H       7
      4   O       9
      5   H       8
      6   H       5
      7   O       7
      8   H       5
      9   H       8
     10   O       9
     11   H      11
     12   H       9
     13   O       7
     14   H       9
     15   H       9
     16   O      11
     17   H      11
     18   H      12
    978      18       2  -2.54834859E+01  ../Water/train2000_1411.xsf
      1   O      13
      2   H      13
      3   H       7
      4   O       8
      5   H      10
      6   H       6
      7   O       8
      8   H       8
      9   H       6
     10   O      10
     11   H      11
     12   H       5
     13   O       9
     14   H       9
     15   H       8
     16   O       9
     17   H      12
     18   H      10
    979      18       2  -2.54839071E+01  ../Water/train2000_1412.xsf
      1   O      14
      2   H      14
      3   H       8
      4   O      10
      5   H       7
      6   H       8
      7   O       7
      8   H       9
      9   H       7
     10   O       8
     11   H       8
     12   H       4
     13   O       4
     14   H       6
     15   H       7
     16   O       9
     17   H       9
     18   H      13
    980      18       2  -2.54840161E+01  ../Water/train2000_1413.xsf
      1   O      13
      2   H      12
      3   H      11
      4   O      10
      5   H       9
      6   H       4
      7   O       7
      8   H       6
      9   H       5
     10   O       6
     11   H       9
     12   H       4
     13   O       2
     14   H       5
     15   H       3
     16   O      11
     17   H      10
     18   H       9
    981      18       2  -2.54838013E+01  ../Water/train2000_1414.xsf
      1   O      14
      2   H      11
      3   H      15
      4   O      10
      5   H      11
      6   H      10
      7   O       7
      8   H       8
      9   H       3
     10   O       9
     11   H       9
     12   H      11
     13   O       4
     14   H       7
     15   H       3
     16   O      10
     17   H      10
     18   H       6
    982      18       2  -2.54838523E+01  ../Water/train2000_1415.xsf
      1   O      14
      2   H      12
      3   H      16
      4   O      11
      5   H      10
      6   H      11
      7   O       7
      8   H       8
      9   H       5
     10   O       7
     11   H       4
     12   H       8
     13   O       5
     14   H       5
     15   H       5
     16   O       9
     17   H      10
     18   H       7
    983      18       2  -2.54830575E+01  ../Water/train2000_1416.xsf
      1   O      13
      2   H      10
      3   H      14
      4   O      10
      5   H      11
      6   H      11
      7   O       7
      8   H       8
      9   H       8
     10   O       4
     11   H       3
     12   H       7
     13   O       5
     14   H       2
     15   H       5
     16   O       9
     17   H       9
     18   H       6
    984      18       2  -2.54842168E+01  ../Water/train2000_1417.xsf
      1   O      13
      2   H      12
      3   H      13
      4   O       9
      5   H      10
      6   H       8
      7   O       5
      8   H       3
      9   H       8
     10   O       6
     11   H       7
     12   H       6
     13   O       4
     14   H       3
     15   H       5
     16   O      11
     17   H      10
     18   H       9
    985      18       2  -2.54833616E+01  ../Water/train2000_1418.xsf
      1   O      10
      2   H      10
      3   H      11
      4   O      10
      5   H      10
      6   H       9
      7   O       8
      8   H       4
      9   H       6
     10   O       6
     11   H       3
     12   H       5
     13   O       4
     14   H       5
     15   H       2
     16   O       9
     17   H       7
     18   H       9
    986      18       2  -2.54828916E+01  ../Water/train2000_1419.xsf
      1   O      10
      2   H       9
      3   H      10
      4   O      10
      5   H      12
      6   H       8
      7   O       8
      8   H       5
      9   H       8
     10   O       4
     11   H       4
     12   H       5
     13   O       3
     14   H       5
     15   H       2
     16   O      10
     17   H       4
     18   H       7
    987      18       2  -2.54836507E+01  ../Water/train2000_1420.xsf
      1   O      12
      2   H       9
      3   H      11
      4   O       8
      5   H      10
      6   H       9
      7   O       8
      8   H       3
      9   H       8
     10   O       4
     11   H       6
     12   H       3
     13   O       4
     14   H       4
     15   H       3
     16   O       9
     17   H       3
     18   H      10
    988      18       2  -2.54839655E+01  ../Water/train2000_1421.xsf
      1   O      11
      2   H       8
      3   H      12
      4   O      10
      5   H       9
      6   H      13
      7   O       6
      8   H       3
      9   H       7
     10   O       7
     11   H      11
     12   H       8
     13   O       5
     14   H       3
     15   H       3
     16   O      10
     17   H       9
     18   H      13
    989      18       2  -2.54843533E+01  ../Water/train2000_1422.xsf
      1   O      15
      2   H      12
      3   H      14
      4   O      11
      5   H      12
      6   H      13
      7   O       9
      8   H      10
      9   H      10
     10   O      11
     11   H       8
     12   H       9
     13   O       5
     14   H       3
     15   H       5
     16   O      13
     17   H      12
     18   H       4
    990      18       2  -2.54837633E+01  ../Water/train2000_1423.xsf
      1   O      15
      2   H      10
      3   H      16
      4   O      12
      5   H       8
      6   H      14
      7   O      10
      8   H      10
      9   H      11
     10   O      10
     11   H      10
     12   H       7
     13   O       5
     14   H       4
     15   H       5
     16   O      12
     17   H      10
     18   H      11
    991      18       2  -2.54822307E+01  ../Water/train2000_1424.xsf
      1   O       5
      2   H       7
      3   H       5
      4   O      11
      5   H      10
      6   H       7
      7   O       7
      8   H      12
      9   H       6
     10   O       7
     11   H      12
     12   H       6
     13   O       7
     14   H       4
     15   H       5
     16   O       7
     17   H      12
     18   H       6
    992      18       2  -2.54831469E+01  ../Water/train2000_1425.xsf
      1   O      10
      2   H       7
      3   H       9
      4   O       8
      5   H      14
      6   H       9
      7   O       9
      8   H       9
      9   H       7
     10   O       9
     11   H       6
     12   H       7
     13   O       7
     14   H       7
     15   H       9
     16   O      10
     17   H       9
     18   H      12
    993      18       2  -2.54840979E+01  ../Water/train2000_1426.xsf
      1   O      10
      2   H      11
      3   H       9
      4   O      11
      5   H      15
      6   H       8
      7   O       8
      8   H      10
      9   H       3
     10   O      10
     11   H       9
     12   H      13
     13   O      11
     14   H      12
     15   H      11
     16   O      14
     17   H      10
     18   H      13
    994      18       2  -2.54845910E+01  ../Water/train2000_1427.xsf
      1   O      11
      2   H      12
      3   H      10
      4   O       6
      5   H       4
      6   H       3
      7   O       9
      8   H       6
      9   H       8
     10   O       8
     11   H      13
     12   H       6
     13   O      11
     14   H       8
     15   H      11
     16   O      10
     17   H       7
     18   H      11
    995      18       2  -2.54843556E+01  ../Water/train2000_1428.xsf
      1   O      12
      2   H       7
      3   H      14
      4   O       7
      5   H       4
      6   H       4
      7   O      11
      8   H      10
      9   H      14
     10   O      11
     11   H      11
     12   H      13
     13   O      13
     14   H      13
     15   H      12
     16   O      12
     17   H      11
     18   H      13
    996      18       2  -2.54838225E+01  ../Water/train2000_1429.xsf
      1   O      12
      2   H       9
      3   H      12
      4   O       7
      5   H       7
      6   H       8
      7   O      10
      8   H       8
      9   H      12
     10   O      11
     11   H       5
     12   H      14
     13   O      14
     14   H      11
     15   H      10
     16   O       9
     17   H      11
     18   H      10
    997      18       2  -2.54833401E+01  ../Water/train2000_1430.xsf
      1   O      13
      2   H      13
      3   H      14
      4   O       9
      5   H       8
      6   H      11
      7   O      11
      8   H      14
      9   H      11
     10   O      10
     11   H       8
     12   H       9
     13   O      13
     14   H       9
     15   H      17
     16   O       7
     17   H       5
     18   H       8
    998      18       2  -2.54839652E+01  ../Water/train2000_1431.xsf
      1   O      13
      2   H      10
      3   H      17
      4   O      11
      5   H      14
      6   H       7
      7   O      13
      8   H       8
      9   H      10
     10   O       8
     11   H      10
     12   H       8
     13   O      13
     14   H       9
     15   H      12
     16   O      10
     17   H      13
     18   H      10
    999      18       2  -2.54843591E+01  ../Water/train2000_1432.xsf
      1   O      11
      2   H      16
      3   H      14
      4   O      10
      5   H       9
      6   H      10
      7   O      10
      8   H       6
      9   H      12
     10   O       8
     11   H       4
     12   H       7
     13   O       9
     14   H       6
     15   H      14
     16   O       9
     17   H      12
     18   H      13
   1000      18       2  -2.54834486E+01  ../Water/train2000_1433.xsf
      1   O      15
      2   H      15
      3   H      15
      4   O       7
      5   H       3
      6   H       7
      7   O       9
      8   H       5
      9   H       8
     10   O       9
     11   H       8
     12   H      11
     13   O       7
     14   H      10
     15   H       9
     16   O      12
     17   H       9
     18   H      13
   1001      18       2  -2.54833499E+01  ../Water/train2000_1434.xsf
      1   O      14
      2   H      13
      3   H      14
      4   O       7
      5   H       5
      6   H      10
      7   O       8
      8   H       4
      9   H      10
     10   O       6
     11   H       6
     12   H      10
     13   O       9
     14   H       6
     15   H      11
     16   O      13
     17   H       8
     18   H      12
   1002      18       2  -2.54841378E+01  ../Water/train2000_1435.xsf
      1   O      15
      2   H      13
      3   H      15
      4   O       9
      5   H       8
      6   H       9
      7   O       7
      8   H       6
      9   H      10
     10   O       4
     11   H       5
     12   H       2
     13   O       7
     14   H       4
     15   H       8
     16   O       8
     17   H       7
     18   H      11
   1003      18       2  -2.54838765E+01  ../Water/train2000_1436.xsf
      1   O      11
      2   H      10
      3   H      13
      4   O      11
      5   H       8
      6   H      11
      7   O       6
      8   H       5
      9   H       9
     10   O       4
     11   H       7
     12   H       2
     13   O       8
     14   H       7
     15   H       7
     16   O       9
     17   H       7
     18   H      11
   1004      18       2  -2.54822307E+01  ../Water/train2000_1437.xsf
      1   O       5
      2   H       7
      3   H       5
      4   O      11
      5   H      10
      6   H       7
      7   O       7
      8   H      12
      9   H       6
     10   O       7
     11   H      12
     12   H       6
     13   O       7
     14   H       4
     15   H       5
     16   O       7
     17   H      12
     18   H       6
   1005      18       2  -2.54831469E+01  ../Water/train2000_1438.xsf
      1   O      10
      2   H       7
      3   H       9
      4   O       8
      5   H      14
      6   H       9
      7   O       9
      8   H       9
      9   H       7
     10   O       9
     11   H       6
     12   H       7
     13   O       7
     14   H       7
     15   H       9
     16   O      10
     17   H       9
     18   H      12
   1006      18       2  -2.54840979E+01  ../Water/train2000_1439.xsf
      1   O      10
      2   H      11
      3   H       9
      4   O      11
      5   H      15
      6   H       8
      7   O       8
      8   H      10
      9   H       3
     10   O      10
     11   H       9
     12   H      13
     13   O      11
     14   H      12
     15   H      11
     16   O      14
     17   H      10
     18   H      13
   1007      18       2  -2.54845910E+01  ../Water/train2000_1440.xsf
      1   O      11
      2   H      12
      3   H      10
      4   O       6
      5   H       4
      6   H       3
      7   O       9
      8   H       6
      9   H       8
     10   O       8
     11   H      13
     12   H       6
     13   O      11
     14   H       8
     15   H      11
     16   O      10
     17   H       7
     18   H      11
   1008      18       2  -2.54843556E+01  ../Water/train2000_1441.xsf
      1   O      12
      2   H       7
      3   H      14
      4   O       7
      5   H       4
      6   H       4
      7   O      11
      8   H      10
      9   H      14
     10   O      11
     11   H      11
     12   H      13
     13   O      13
     14   H      13
     15   H      12
     16   O      12
     17   H      11
     18   H      13
   1009      18       2  -2.54838225E+01  ../Water/train2000_1442.xsf
      1   O      12
      2   H       9
      3   H      12
      4   O       7
      5   H       7
      6   H       8
      7   O      10
      8   H       8
      9   H      12
     10   O      11
     11   H       5
     12   H      14
     13   O      14
     14   H      11
     15   H      10
     16   O       9
     17   H      11
     18   H      10
   1010      18       2  -2.54833401E+01  ../Water/train2000_1443.xsf
      1   O      13
      2   H      13
      3   H      14
      4   O       9
      5   H       8
      6   H      11
      7   O      11
      8   H      14
      9   H      11
     10   O      10
     11   H       8
     12   H       9
     13   O      13
     14   H       9
     15   H      17
     16   O       7
     17   H       5
     18   H       8
   1011      18       2  -2.54839652E+01  ../Water/train2000_1444.xsf
      1   O      13
      2   H      10
      3   H      17
      4   O      11
      5   H      14
      6   H       7
      7   O      13
      8   H       8
      9   H      10
     10   O       8
     11   H      10
     12   H       8
     13   O      13
     14   H       9
     15   H      12
     16   O      10
     17   H      13
     18   H      10
   1012      18       2  -2.54843591E+01  ../Water/train2000_1445.xsf
      1   O      11
      2   H      16
      3   H      14
      4   O      10
      5   H       9
      6   H      10
      7   O      10
      8   H       6
      9   H      12
     10   O       8
     11   H       4
     12   H       7
     13   O       9
     14   H       6
     15   H      14
     16   O       9
     17   H      12
     18   H      13
   1013      18       2  -2.54834486E+01  ../Water/train2000_1446.xsf
      1   O      15
      2   H      15
      3   H      15
      4   O       7
      5   H       3
      6   H       7
      7   O       9
      8   H       5
      9   H       8
     10   O       9
     11   H       8
     12   H      11
     13   O       7
     14   H      10
     15   H       9
     16   O      12
     17   H       9
     18   H      13
   1014      18       2  -2.54833499E+01  ../Water/train2000_1447.xsf
      1   O      14
      2   H      13
      3   H      14
      4   O       7
      5   H       5
      6   H      10
      7   O       8
      8   H       4
      9   H      10
     10   O       6
     11   H       6
     12   H      10
     13   O       9
     14   H       6
     15   H      11
     16   O      13
     17   H       8
     18   H      12
   1015      18       2  -2.54841378E+01  ../Water/train2000_1448.xsf
      1   O      15
      2   H      13
      3   H      15
      4   O       9
      5   H       8
      6   H       9
      7   O       7
      8   H       6
      9   H      10
     10   O       4
     11   H       5
     12   H       2
     13   O       7
     14   H       4
     15   H       8
     16   O       8
     17   H       7
     18   H      11
   1016      18       2  -2.54838765E+01  ../Water/train2000_1449.xsf
      1   O      11
      2   H      10
      3   H      13
      4   O      11
      5   H       8
      6   H      11
      7   O       6
      8   H       5
      9   H       9
     10   O       4
     11   H       7
     12   H       2
     13   O       8
     14   H       7
     15   H       7
     16   O       9
     17   H       7
     18   H      11
   1017      18       2  -2.54839189E+01  ../Water/train2000_1450.xsf
      1   O       9
      2   H       9
      3   H      12
      4   O      10
      5   H       4
      6   H      13
      7   O       4
      8   H       4
      9   H       7
     10   O       5
     11   H       6
     12   H       5
     13   O       8
     14   H       4
     15   H      10
     16   O       8
     17   H       5
     18   H       7
   1018      18       2  -2.54837928E+01  ../Water/train2000_1451.xsf
      1   O      12
      2   H      11
      3   H      10
      4   O       7
      5   H       4
      6   H      11
      7   O       2
      8   H       2
      9   H       7
     10   O       6
     11   H       2
     12   H       7
     13   O       9
     14   H       7
     15   H       9
     16   O      10
     17   H       5
     18   H      11
   1019      18       2  -2.54840430E+01  ../Water/train2000_1452.xsf
      1   O      13
      2   H      12
      3   H       7
      4   O       8
      5   H       5
      6   H       9
      7   O       6
      8   H       3
      9   H       7
     10   O       6
     11   H       2
     12   H       7
     13   O      10
     14   H       5
     15   H       7
     16   O       7
     17   H       8
     18   H      12
   1020      18       2  -2.54832058E+01  ../Water/train2000_1453.xsf
      1   O      15
      2   H      13
      3   H      12
      4   O       7
      5   H       6
      6   H      10
      7   O       9
      8   H       5
      9   H       7
     10   O       7
     11   H       7
     12   H       8
     13   O       9
     14   H       8
     15   H       7
     16   O       6
     17   H      11
     18   H       9
   1021      18       2  -2.54835613E+01  ../Water/train2000_1454.xsf
      1   O      13
      2   H      11
      3   H      13
      4   O       7
      5   H       5
      6   H       8
      7   O       9
      8   H       6
      9   H       9
     10   O       6
     11   H       9
     12   H       3
     13   O       7
     14   H       7
     15   H       5
     16   O       7
     17   H       5
     18   H       8
   1022      18       2  -2.54838848E+01  ../Water/train2000_1455.xsf
      1   O      14
      2   H      12
      3   H      12
      4   O       8
      5   H       8
      6   H      11
      7   O      10
      8   H       8
      9   H      11
     10   O       5
     11   H       8
     12   H       5
     13   O       5
     14   H       4
     15   H       3
     16   O       7
     17   H       6
     18   H       7
   1023      18       2  -2.54836675E+01  ../Water/train2000_1456.xsf
      1   O      15
      2   H      12
      3   H      12
      4   O       9
      5   H       9
      6   H      11
      7   O       9
      8   H       6
      9   H      10
     10   O       5
     11   H       9
     12   H       6
     13   O       5
     14   H       6
     15   H       5
     16   O       7
     17   H       4
     18   H       8
   1024      18       2  -2.54843162E+01  ../Water/train2000_1457.xsf
      1   O      14
      2   H      12
      3   H      12
      4   O       7
      5   H       6
      6   H       9
      7   O       9
      8   H       8
      9   H       8
     10   O       7
     11   H       8
     12   H       4
     13   O       6
     14   H       9
     15   H       5
     16   O       8
     17   H       7
     18   H       7
   1025      18       2  -2.54834378E+01  ../Water/train2000_1458.xsf
      1   O      14
      2   H      14
      3   H      14
      4   O       8
      5   H       7
      6   H       6
      7   O      11
      8   H      11
      9   H       8
     10   O       9
     11   H      10
     12   H      11
     13   O       8
     14   H       9
     15   H       6
     16   O       9
     17   H       8
     18   H       9
   1026      18       2  -2.54849090E+01  ../Water/train2000_1459.xsf
      1   O      11
      2   H      10
      3   H      12
      4   O       7
      5   H       9
      6   H       6
      7   O      11
      8   H       6
      9   H       8
     10   O       7
     11   H       3
     12   H       8
     13   O       7
     14   H       8
     15   H       6
     16   O       9
     17   H       8
     18   H      10
   1027      18       2  -2.54847604E+01  ../Water/train2000_1460.xsf
      1   O      11
      2   H       9
      3   H      11
      4   O       6
      5   H       6
      6   H       7
      7   O       9
      8   H       8
      9   H       6
     10   O       8
     11   H       8
     12   H       3
     13   O       5
     14   H       8
     15   H       3
     16   O       9
     17   H       7
     18   H       8
   1028      18       2  -2.54838104E+01  ../Water/train2000_1461.xsf
      1   O      10
      2   H      11
      3   H      11
      4   O       7
      5   H       8
      6   H       6
      7   O       9
      8   H      10
      9   H       9
     10   O       8
     11   H       9
     12   H       7
     13   O       5
     14   H       3
     15   H       7
     16   O      10
     17   H       6
     18   H      10
   1029      18       2  -2.54835373E+01  ../Water/train2000_1462.xsf
      1   O       9
      2   H      10
      3   H      12
      4   O       7
      5   H      10
      6   H       5
      7   O      11
      8   H       8
      9   H       6
     10   O       7
     11   H       4
     12   H       8
     13   O       5
     14   H       4
     15   H       9
     16   O      10
     17   H       8
     18   H       9
   1030      18       2  -2.54845573E+01  ../Water/train2000_1463.xsf
      1   O      11
      2   H      11
      3   H      12
      4   O      10
      5   H       9
      6   H       4
      7   O      11
      8   H      10
      9   H       6
     10   O       6
     11   H       4
     12   H       7
     13   O       6
     14   H       6
     15   H       8
     16   O      10
     17   H      11
     18   H       6
   1031      18       2  -2.54823204E+01  ../Water/train2000_1464.xsf
      1   O      14
      2   H      10
      3   H      15
      4   O      10
      5   H      11
      6   H      11
      7   O      12
      8   H      10
      9   H      10
     10   O       5
     11   H       6
     12   H       7
     13   O       8
     14   H       8
     15   H       9
     16   O      11
     17   H      14
     18   H       7
   1032      18       2  -2.54835222E+01  ../Water/train2000_1465.xsf
      1   O      11
      2   H       9
      3   H      14
      4   O       9
      5   H       9
      6   H      13
      7   O       9
      8   H       7
      9   H       8
     10   O       6
     11   H       8
     12   H       8
     13   O       6
     14   H       7
     15   H       4
     16   O       8
     17   H      13
     18   H       7
   1033      18       2  -2.54830894E+01  ../Water/train2000_1466.xsf
      1   O      10
      2   H       8
      3   H      12
      4   O       4
      5   H       6
      6   H      10
      7   O      12
      8   H       9
      9   H      13
     10   O       3
     11   H       3
     12   H       6
     13   O       9
     14   H      11
     15   H       7
     16   O      11
     17   H      11
     18   H       9
   1034      18       2  -2.54832748E+01  ../Water/train2000_1467.xsf
      1   O      11
      2   H       7
      3   H      11
      4   O       5
      5   H      10
      6   H       4
      7   O      13
      8   H       8
      9   H      12
     10   O       3
     11   H       2
     12   H       4
     13   O      10
     14   H       9
     15   H       6
     16   O      10
     17   H      11
     18   H      12
   1035      18       2  -2.54835199E+01  ../Water/train2000_1468.xsf
      1   O      10
      2   H       6
      3   H       9
      4   O      10
      5   H      11
      6   H       4
      7   O      10
      8   H       6
      9   H      13
     10   O       4
     11   H       4
     12   H       7
     13   O       9
     14   H      10
     15   H       6
     16   O       9
     17   H      10
     18   H      12
   1036      18       2  -2.54841899E+01  ../Water/train2000_1469.xsf
      1   O      10
      2   H       6
      3   H      12
      4   O      13
      5   H      12
      6   H       8
      7   O      11
      8   H      11
      9   H       7
     10   O       7
     11   H       8
     12   H       9
     13   O       9
     14   H      11
     15   H       6
     16   O      10
     17   H      11
     18   H      11
   1037      18       2  -2.54841484E+01  ../Water/train2000_1470.xsf
      1   O      12
      2   H      15
      3   H       9
      4   O      10
      5   H      12
      6   H      10
      7   O      12
      8   H      13
      9   H       7
     10   O       5
     11   H       6
     12   H       6
     13   O       4
     14   H       6
     15   H       3
     16   O       9
     17   H       5
     18   H      10
   1038      18       2  -2.54842849E+01  ../Water/train2000_1471.xsf
      1   O      11
      2   H      14
      3   H       8
      4   O      11
      5   H      10
      6   H       9
      7   O      12
      8   H       8
      9   H      11
     10   O       5
     11   H       3
     12   H      10
     13   O       4
     14   H       6
     15   H       5
     16   O       8
     17   H       3
     18   H      10
   1039      18       2  -2.54838477E+01  ../Water/train2000_1472.xsf
      1   O      12
      2   H      15
      3   H      10
      4   O      10
      5   H      11
      6   H       8
      7   O      15
      8   H      13
      9   H      13
     10   O       8
     11   H       8
     12   H       8
     13   O       6
     14   H       6
     15   H       9
     16   O       8
     17   H       4
     18   H      10
   1040      18       2  -2.54843758E+01  ../Water/train2000_1473.xsf
      1   O      11
      2   H       4
      3   H      11
      4   O       8
      5   H       9
      6   H      10
      7   O      13
      8   H      10
      9   H      15
     10   O       8
     11   H      10
     12   H       7
     13   O       5
     14   H       6
     15   H      10
     16   O       6
     17   H       4
     18   H       9
   1041      18       2  -2.54843312E+01  ../Water/train2000_1474.xsf
      1   O       9
      2   H       5
      3   H      12
      4   O       7
      5   H       6
      6   H       6
      7   O       9
      8   H       9
      9   H      11
     10   O      11
     11   H       9
     12   H       7
     13   O       8
     14   H       8
     15   H       7
     16   O       6
     17   H       4
     18   H       8
   1042      18       2  -2.54840057E+01  ../Water/train2000_1475.xsf
      1   O       9
      2   H       9
      3   H      15
      4   O       6
      5   H       9
      6   H       7
      7   O       6
      8   H       7
      9   H       4
     10   O       7
     11   H      12
     12   H       6
     13   O       7
     14   H       5
     15   H       8
     16   O       7
     17   H       5
     18   H       7
   1043      18       2  -2.54841361E+01  ../Water/train2000_1476.xsf
      1   O      14
      2   H       7
      3   H      16
      4   O       9
      5   H       6
      6   H       8
      7   O       8
      8   H       7
      9   H       4
     10   O       5
     11   H       6
     12   H       8
     13   O       6
     14   H       5
     15   H       9
     16   O       7
     17   H       5
     18   H       8
   1044      18       2  -2.54840641E+01  ../Water/train2000_1477.xsf
      1   O      16
      2   H      12
      3   H      16
      4   O      10
      5   H       9
      6   H      10
      7   O       9
      8   H       9
      9   H       6
     10   O       7
     11   H      10
     12   H       8
     13   O       5
     14   H       3
     15   H       5
     16   O      11
     17   H      12
     18   H      10
   1045      18       2  -2.54838026E+01  ../Water/train2000_1478.xsf
      1   O      11
      2   H       9
      3   H      14
      4   O       9
      5   H      11
      6   H       7
      7   O       5
      8   H       6
      9   H       5
     10   O       8
     11   H       9
     12   H       5
     13   O       5
     14   H       5
     15   H       3
     16   O      11
     17   H      11
     18   H       6
   1046      18       2  -2.54833469E+01  ../Water/train2000_1479.xsf
      1   O      13
      2   H      13
      3   H      11
      4   O      10
      5   H       8
      6   H       9
      7   O       4
      8   H       8
      9   H       3
     10   O       7
     11   H       8
     12   H       9
     13   O       4
     14   H       5
     15   H       7
     16   O      10
     17   H      11
     18   H       8
   1047      18       2  -2.54826571E+01  ../Water/train2000_1480.xsf
      1   O      14
      2   H      11
      3   H      12
      4   O      10
      5   H      11
      6   H       8
      7   O       5
      8   H       7
      9   H       3
     10   O       8
     11   H       5
     12   H       8
     13   O       4
     14   H       4
     15   H       6
     16   O      10
     17   H      10
     18   H      10
   1048      18       2  -2.54837294E+01  ../Water/train2000_1481.xsf
      1   O      13
      2   H      10
      3   H      13
      4   O       7
      5   H       7
      6   H       9
      7   O       5
      8   H       3
      9   H       3
     10   O       8
     11   H       9
     12   H       8
     13   O       4
     14   H       4
     15   H       8
     16   O      10
     17   H       8
     18   H       9
   1049      18       2  -2.54836073E+01  ../Water/train2000_1482.xsf
      1   O      15
      2   H      12
      3   H      10
      4   O       9
      5   H       7
      6   H      11
      7   O       8
      8   H       8
      9   H       6
     10   O       6
     11   H       9
     12   H       7
     13   O       5
     14   H       2
     15   H       6
     16   O       7
     17   H       5
     18   H       7
   1050      18       2  -2.54834480E+01  ../Water/train2000_1483.xsf
      1   O      12
      2   H      12
      3   H      12
      4   O       9
      5   H      10
      6   H      10
      7   O       8
      8   H       6
      9   H       8
     10   O       7
     11   H       8
     12   H       5
     13   O       4
     14   H       2
     15   H       4
     16   O       9
     17   H       3
     18   H      11
   1051      18       2  -2.54839606E+01  ../Water/train2000_1484.xsf
      1   O      14
      2   H      11
      3   H      14
      4   O       9
      5   H       9
      6   H       5
      7   O       7
      8   H       6
      9   H       8
     10   O      11
     11   H       9
     12   H       7
     13   O       5
     14   H       7
     15   H       7
     16   O       9
     17   H      11
     18   H       9
   1052      18       2  -2.54840108E+01  ../Water/train2000_1485.xsf
      1   O      11
      2   H       8
      3   H      12
      4   O       9
      5   H       7
      6   H       5
      7   O       6
      8   H       7
      9   H      10
     10   O       9
     11   H      11
     12   H       8
     13   O       5
     14   H       5
     15   H       6
     16   O      11
     17   H      11
     18   H       7
   1053      18       2  -2.54838666E+01  ../Water/train2000_1486.xsf
      1   O      10
      2   H       8
      3   H       8
      4   O      11
      5   H      12
      6   H       7
      7   O       7
      8   H       7
      9   H       9
     10   O       7
     11   H       8
     12   H       7
     13   O       6
     14   H       4
     15   H       8
     16   O      10
     17   H      13
     18   H       8
   1054      18       2  -2.54846799E+01  ../Water/train2000_1487.xsf
      1   O      10
      2   H      14
      3   H       7
      4   O      10
      5   H      12
      6   H       9
      7   O       9
      8   H      10
      9   H       6
     10   O       8
     11   H       9
     12   H       6
     13   O       9
     14   H       7
     15   H       9
     16   O      13
     17   H      12
     18   H      10
   1055      18       2  -2.54846320E+01  ../Water/train2000_1488.xsf
      1   O      13
      2   H      16
      3   H      11
      4   O      11
      5   H       6
      6   H      12
      7   O       9
      8   H       7
      9   H      11
     10   O       9
     11   H       8
     12   H       8
     13   O       9
     14   H       6
     15   H      11
     16   O      13
     17   H      12
     18   H      12
   1056      18       2  -2.54843749E+01  ../Water/train2000_1489.xsf
      1   O      11
      2   H      12
      3   H       5
      4   O      11
      5   H       7
      6   H      11
      7   O       9
      8   H      10
      9   H      10
     10   O       7
     11   H       8
     12   H       9
     13   O       6
     14   H       4
     15   H      13
     16   O      13
     17   H      14
     18   H       8
   1057      18       2  -2.54845990E+01  ../Water/train2000_1490.xsf
      1   O      11
      2   H      15
      3   H       9
      4   O      14
      5   H      15
      6   H      13
      7   O       9
      8   H       7
      9   H       8
     10   O      10
     11   H      12
     12   H      11
     13   O      10
     14   H       5
     15   H      11
     16   O      14
     17   H       8
     18   H       8
   1058      18       2  -2.54843874E+01  ../Water/train2000_1491.xsf
      1   O      13
      2   H      10
      3   H      10
      4   O      15
      5   H      15
      6   H      11
      7   O       9
      8   H      10
      9   H       9
     10   O      10
     11   H      14
     12   H       7
     13   O       8
     14   H       8
     15   H       8
     16   O      12
     17   H      14
     18   H       7
   1059      18       2  -2.54837907E+01  ../Water/train2000_1492.xsf
      1   O      14
      2   H      10
      3   H       8
      4   O      11
      5   H      11
      6   H      10
      7   O       9
      8   H       7
      9   H       4
     10   O       9
     11   H      13
     12   H       9
     13   O       8
     14   H      10
     15   H       6
     16   O       9
     17   H      13
     18   H       7
   1060      18       2  -2.54843384E+01  ../Water/train2000_1493.xsf
      1   O      12
      2   H      12
      3   H       7
      4   O       9
      5   H       9
      6   H       6
      7   O       8
      8   H      14
      9   H       7
     10   O      12
     11   H      12
     12   H      10
     13   O       6
     14   H      10
     15   H       4
     16   O       9
     17   H       9
     18   H       8
   1061      18       2  -2.54835382E+01  ../Water/train2000_1494.xsf
      1   O      11
      2   H      11
      3   H       8
      4   O      10
      5   H      10
      6   H       9
      7   O      13
      8   H      13
      9   H      10
     10   O      11
     11   H      15
     12   H      10
     13   O       6
     14   H       9
     15   H       3
     16   O       9
     17   H       6
     18   H      10
   1062      18       2  -2.54838710E+01  ../Water/train2000_1495.xsf
      1   O      12
      2   H      12
      3   H       9
      4   O      10
      5   H       8
      6   H       9
      7   O      13
      8   H      11
      9   H      12
     10   O      12
     11   H       9
     12   H      17
     13   O       8
     14   H      11
     15   H       6
     16   O      10
     17   H      11
     18   H      10
   1063      18       2  -2.54845703E+01  ../Water/train2000_1496.xsf
      1   O      12
      2   H      10
      3   H      12
      4   O       8
      5   H      10
      6   H       5
      7   O      12
      8   H       7
      9   H      12
     10   O      12
     11   H       7
     12   H      14
     13   O       7
     14   H       6
     15   H       4
     16   O       9
     17   H      10
     18   H      11
   1064      18       2  -2.54840126E+01  ../Water/train2000_1497.xsf
      1   O      13
      2   H      17
      3   H      14
      4   O       9
      5   H       7
      6   H      13
      7   O      14
      8   H      11
      9   H       8
     10   O      12
     11   H       8
     12   H      13
     13   O       7
     14   H       6
     15   H       8
     16   O      10
     17   H       9
     18   H       9
   1065      18       2  -2.54846487E+01  ../Water/train2000_1498.xsf
      1   O      14
      2   H      13
      3   H      16
      4   O      11
      5   H      10
      6   H      12
      7   O      13
      8   H      11
      9   H       9
     10   O      11
     11   H       6
     12   H      11
     13   O       7
     14   H       3
     15   H       6
     16   O       7
     17   H       7
     18   H       9
   1066      18       2  -2.54841235E+01  ../Water/train2000_1499.xsf
      1   O      14
      2   H      13
      3   H      16
      4   O      12
      5   H      13
      6   H       9
      7   O      12
      8   H       7
      9   H      13
     10   O       9
     11   H      12
     12   H       8
     13   O       8
     14   H       4
     15   H       8
     16   O       9
     17   H       9
     18   H      10
   1067      18       2  -2.54846679E+01  ../Water/train2000_1500.xsf
      1   O      14
      2   H      13
      3   H       7
      4   O      10
      5   H      11
      6   H      12
      7   O      12
      8   H       7
      9   H      11
     10   O      10
     11   H      12
     12   H      10
     13   O       8
     14   H       3
     15   H       8
     16   O       8
     17   H       3
     18   H      11
   1068      18       2  -2.54842438E+01  ../Water/train2000_1501.xsf
      1   O      13
      2   H      13
      3   H       8
      4   O       9
      5   H      12
      6   H       9
      7   O      12
      8   H      11
      9   H      14
     10   O       9
     11   H       4
     12   H      12
     13   O       8
     14   H       6
     15   H       8
     16   O       9
     17   H       7
     18   H      10
   1069      18       2  -2.54836893E+01  ../Water/train2000_1502.xsf
      1   O      14
      2   H      14
      3   H       9
      4   O       9
      5   H      11
      6   H      11
      7   O      12
      8   H       9
      9   H      15
     10   O       9
     11   H      10
     12   H      12
     13   O       9
     14   H       9
     15   H       9
     16   O       7
     17   H       6
     18   H       3
   1070      18       2  -2.54841039E+01  ../Water/train2000_1503.xsf
      1   O      10
      2   H      12
      3   H       7
      4   O       7
      5   H       5
      6   H      10
      7   O      10
      8   H       5
      9   H      12
     10   O       8
     11   H      14
     12   H       6
     13   O      10
     14   H       5
     15   H      10
     16   O       6
     17   H       9
     18   H       2
   1071      18       2  -2.54845769E+01  ../Water/train2000_1504.xsf
      1   O      12
      2   H      12
      3   H       8
      4   O       9
      5   H      11
      6   H       7
      7   O      12
      8   H      10
      9   H      14
     10   O       8
     11   H       9
     12   H       3
     13   O      11
     14   H       5
     15   H      10
     16   O       4
     17   H       4
     18   H       9
   1072      18       2  -2.54839528E+01  ../Water/train2000_1505.xsf
      1   O      12
      2   H      10
      3   H      11
      4   O      11
      5   H       8
      6   H      13
      7   O      10
      8   H      10
      9   H      13
     10   O       7
     11   H      10
     12   H       9
     13   O      11
     14   H       7
     15   H      14
     16   O       5
     17   H       3
     18   H       4
   1073      18       2  -2.54846556E+01  ../Water/train2000_1506.xsf
      1   O      12
      2   H      15
      3   H       7
      4   O      10
      5   H       9
      6   H      10
      7   O       8
      8   H       9
      9   H      13
     10   O       6
     11   H      10
     12   H       4
     13   O      10
     14   H       6
     15   H      11
     16   O       6
     17   H       7
     18   H       3
   1074      18       2  -2.54839897E+01  ../Water/train2000_1507.xsf
      1   O      15
      2   H      16
      3   H      10
      4   O       9
      5   H      11
      6   H      10
      7   O      10
      8   H      10
      9   H      14
     10   O       8
     11   H       6
     12   H       7
     13   O      10
     14   H      10
     15   H       9
     16   O       8
     17   H       5
     18   H       8
   1075      18       2  -2.54836843E+01  ../Water/train2000_1508.xsf
      1   O      15
      2   H      16
      3   H      12
      4   O      11
      5   H       7
      6   H      14
      7   O      10
      8   H      12
      9   H      12
     10   O       8
     11   H       8
     12   H      10
     13   O      11
     14   H      10
     15   H      11
     16   O       8
     17   H       3
     18   H       8
   1076      18       2  -2.54837282E+01  ../Water/train2000_1509.xsf
      1   O      15
      2   H      15
      3   H       9
      4   O      11
      5   H      10
      6   H      11
      7   O      11
      8   H       7
      9   H      10
     10   O       6
     11   H       7
     12   H       8
     13   O       9
     14   H       9
     15   H      12
     16   O       7
     17   H      10
     18   H       7
   1077      18       2  -2.54833922E+01  ../Water/train2000_1510.xsf
      1   O      10
      2   H      12
      3   H       8
      4   O      11
      5   H      11
      6   H      10
      7   O       7
      8   H      10
      9   H      11
     10   O       6
     11   H       3
     12   H       5
     13   O      11
     14   H      12
     15   H       5
     16   O       9
     17   H       7
     18   H       8
   1078      18       2  -2.54837471E+01  ../Water/train2000_1511.xsf
      1   O      13
      2   H      14
      3   H       8
      4   O      10
      5   H      11
      6   H      10
      7   O      10
      8   H       9
      9   H       7
     10   O       6
     11   H       5
     12   H       6
     13   O      12
     14   H      12
     15   H      11
     16   O      10
     17   H       9
     18   H       9
   1079      18       2  -2.54833399E+01  ../Water/train2000_1512.xsf
      1   O      13
      2   H      13
      3   H      11
      4   O      12
      5   H      11
      6   H      10
      7   O      10
      8   H      12
      9   H       6
     10   O       5
     11   H       9
     12   H       4
     13   O      11
     14   H      13
     15   H      11
     16   O       8
     17   H       3
     18   H       8
   1080      18       2  -2.54843709E+01  ../Water/train2000_1513.xsf
      1   O      15
      2   H      15
      3   H       8
      4   O       9
      5   H       8
      6   H      11
      7   O      12
      8   H      12
      9   H       8
     10   O       7
     11   H       7
     12   H       9
     13   O      10
     14   H       7
     15   H      12
     16   O       6
     17   H       7
     18   H       9
   1081      18       2  -2.54827101E+01  ../Water/train2000_1514.xsf
      1   O      14
      2   H      17
      3   H      11
      4   O      13
      5   H      12
      6   H      12
      7   O      11
      8   H      14
      9   H       9
     10   O      10
     11   H       6
     12   H      11
     13   O      11
     14   H       9
     15   H      11
     16   O       7
     17   H       8
     18   H       6
   1082      18       2  -2.54843223E+01  ../Water/train2000_1515.xsf
      1   O      14
      2   H      17
      3   H      10
      4   O      11
      5   H      11
      6   H      11
      7   O      10
      8   H       9
      9   H       6
     10   O       8
     11   H       5
     12   H      10
     13   O       9
     14   H      11
     15   H       8
     16   O       5
     17   H       7
     18   H       6
   1083      18       2  -2.54835700E+01  ../Water/train2000_1516.xsf
      1   O      11
      2   H      10
      3   H      11
      4   O       9
      5   H       5
      6   H      10
      7   O       8
      8   H       3
      9   H       6
     10   O       7
     11   H       3
     12   H       7
     13   O       7
     14   H      11
     15   H       7
     16   O       3
     17   H       3
     18   H       5
   1084      18       2  -2.54838184E+01  ../Water/train2000_1517.xsf
      1   O      11
      2   H       9
      3   H      10
      4   O       9
      5   H       9
      6   H       8
      7   O       8
      8   H       4
      9   H      10
     10   O       7
     11   H       2
     12   H       9
     13   O       9
     14   H      11
     15   H      10
     16   O       3
     17   H       2
     18   H       5
   1085      18       2  -2.54837359E+01  ../Water/train2000_1518.xsf
      1   O       8
      2   H       6
      3   H      12
      4   O       8
      5   H      10
      6   H       3
      7   O       6
      8   H       3
      9   H       8
     10   O       6
     11   H       8
     12   H       6
     13   O      11
     14   H      12
     15   H       9
     16   O       3
     17   H       2
     18   H       3
   1086      18       2  -2.54830565E+01  ../Water/train2000_1519.xsf
      1   O      14
      2   H      10
      3   H      14
      4   O       8
      5   H       8
      6   H       7
      7   O       7
      8   H       7
      9   H       8
     10   O       8
     11   H      10
     12   H       5
     13   O      13
     14   H      10
     15   H      13
     16   O       2
     17   H       4
     18   H       2
   1087      18       2  -2.54830458E+01  ../Water/train2000_1520.xsf
      1   O      13
      2   H       9
      3   H      10
      4   O       7
      5   H       9
      6   H       6
      7   O       7
      8   H      11
      9   H       8
     10   O       9
     11   H      12
     12   H       7
     13   O      12
     14   H       6
     15   H      14
     16   O       2
     17   H       2
     18   H       2
   1088      18       2  -2.54837476E+01  ../Water/train2000_1521.xsf
      1   O      16
      2   H      12
      3   H      15
      4   O       8
      5   H       9
      6   H       4
      7   O       8
      8   H      10
      9   H       9
     10   O       8
     11   H       8
     12   H      11
     13   O      13
     14   H      10
     15   H      12
     16   O       4
     17   H       3
     18   H       6
   1089      18       2  -2.54832786E+01  ../Water/train2000_1522.xsf
      1   O      15
      2   H      10
      3   H      16
      4   O       9
      5   H      11
      6   H      10
      7   O       9
      8   H      10
      9   H      11
     10   O      11
     11   H       8
     12   H      10
     13   O      13
     14   H      10
     15   H      14
     16   O       6
     17   H       8
     18   H       5
   1090      18       2  -2.54844861E+01  ../Water/train2000_1523.xsf
      1   O      15
      2   H      10
      3   H      15
      4   O      11
      5   H       5
      6   H      12
      7   O       9
      8   H      11
      9   H       5
     10   O      10
     11   H       9
     12   H      13
     13   O      11
     14   H      11
     15   H      13
     16   O       7
     17   H       5
     18   H       8
   1091      18       2  -2.54835536E+01  ../Water/train2000_1524.xsf
      1   O      15
      2   H      12
      3   H      15
      4   O      11
      5   H       7
      6   H      10
      7   O       9
      8   H      10
      9   H       5
     10   O      11
     11   H       5
     12   H      10
     13   O      12
     14   H      11
     15   H      10
     16   O       7
     17   H       7
     18   H       7
   1092      18       2  -2.54834113E+01  ../Water/train2000_1525.xsf
      1   O      12
      2   H       9
      3   H       8
      4   O       9
      5   H       9
      6   H      11
      7   O      10
      8   H      10
      9   H       7
     10   O      10
     11   H       8
     12   H      14
     13   O      13
     14   H      11
     15   H      11
     16   O       4
     17   H       5
     18   H       5
   1093      18       2  -2.54834093E+01  ../Water/train2000_1526.xsf
      1   O      11
      2   H      11
      3   H       6
      4   O      10
      5   H       6
      6   H       9
      7   O       7
      8   H       9
      9   H       6
     10   O      10
     11   H       6
     12   H       9
     13   O      12
     14   H      10
     15   H      13
     16   O       4
     17   H       5
     18   H       4
   1094      18       2  -2.54840149E+01  ../Water/train2000_1527.xsf
      1   O      13
      2   H      13
      3   H       7
      4   O      11
      5   H       7
      6   H      12
      7   O       9
      8   H       8
      9   H      10
     10   O      10
     11   H       5
     12   H      13
     13   O      12
     14   H      11
     15   H      11
     16   O       4
     17   H       3
     18   H       7
   1095      18       2  -2.54840660E+01  ../Water/train2000_1528.xsf
      1   O      12
      2   H      12
      3   H       9
      4   O      12
      5   H       6
      6   H      11
      7   O      11
      8   H       7
      9   H      11
     10   O      10
     11   H      13
     12   H      11
     13   O      12
     14   H      13
     15   H       8
     16   O       5
     17   H       4
     18   H       5
   1096      18       2  -2.54841476E+01  ../Water/train2000_1529.xsf
      1   O      11
      2   H       9
      3   H      15
      4   O      12
      5   H       9
      6   H      15
      7   O      11
      8   H       8
      9   H      13
     10   O      15
     11   H      15
     12   H      12
     13   O      11
     14   H      10
     15   H      11
     16   O       9
     17   H       5
     18   H       9
   1097      18       2  -2.54841550E+01  ../Water/train2000_1530.xsf
      1   O      12
      2   H       9
      3   H       7
      4   O       7
      5   H      12
      6   H       4
      7   O       8
      8   H       8
      9   H      10
     10   O      10
     11   H      15
     12   H       8
     13   O      10
     14   H      10
     15   H       8
     16   O       9
     17   H      10
     18   H       7
   1098      18       2  -2.54854686E+01  ../Water/train2000_1531.xsf
      1   O      11
      2   H      10
      3   H       5
      4   O       9
      5   H       8
      6   H       3
      7   O       8
      8   H       6
      9   H       8
     10   O       9
     11   H      10
     12   H       4
     13   O      13
     14   H      10
     15   H      15
     16   O      10
     17   H      12
     18   H      11
   1099      18       2  -2.54840048E+01  ../Water/train2000_1532.xsf
      1   O      13
      2   H      11
      3   H       9
      4   O       8
      5   H       6
      6   H      10
      7   O       8
      8   H       5
      9   H       8
     10   O      10
     11   H       8
     12   H       8
     13   O      14
     14   H      14
     15   H      16
     16   O      14
     17   H      14
     18   H      12
   1100      18       2  -2.54841175E+01  ../Water/train2000_1533.xsf
      1   O      12
      2   H       7
      3   H      14
      4   O       6
      5   H       3
      6   H       6
      7   O       6
      8   H       4
      9   H       7
     10   O      10
     11   H      10
     12   H       9
     13   O      11
     14   H      15
     15   H      10
     16   O      12
     17   H      13
     18   H      13
   1101      18       2  -2.54833284E+01  ../Water/train2000_1534.xsf
      1   O      14
      2   H      14
      3   H       8
      4   O       7
      5   H      10
      6   H       6
      7   O       5
      8   H       4
      9   H       7
     10   O       9
     11   H       9
     12   H       6
     13   O      11
     14   H      13
     15   H      10
     16   O      13
     17   H      14
     18   H      12
   1102      18       2  -2.54840046E+01  ../Water/train2000_1535.xsf
      1   O      12
      2   H      11
      3   H       9
      4   O       8
      5   H       8
      6   H       7
      7   O       5
      8   H       3
      9   H       5
     10   O       7
     11   H       8
     12   H       8
     13   O       9
     14   H      11
     15   H       8
     16   O      13
     17   H      14
     18   H      10
   1103      18       2  -2.54841669E+01  ../Water/train2000_1536.xsf
      1   O      10
      2   H       9
      3   H       8
      4   O       6
      5   H       5
      6   H       8
      7   O       5
      8   H       4
      9   H       3
     10   O       8
     11   H       7
     12   H       8
     13   O       8
     14   H      10
     15   H       8
     16   O      12
     17   H      14
     18   H      11
   1104      18       2  -2.54836220E+01  ../Water/train2000_1537.xsf
      1   O       9
      2   H      10
      3   H       6
      4   O       5
      5   H       8
      6   H       7
      7   O       5
      8   H       5
      9   H       4
     10   O       6
     11   H       7
     12   H       8
     13   O       7
     14   H       4
     15   H       7
     16   O      12
     17   H      13
     18   H       7
   1105      18       2  -2.54836845E+01  ../Water/train2000_1538.xsf
      1   O       9
      2   H       7
      3   H       7
      4   O       5
      5   H       6
      6   H       4
      7   O       5
      8   H       3
      9   H       5
     10   O       9
     11   H      10
     12   H       8
     13   O       5
     14   H       3
     15   H       7
     16   O      10
     17   H      11
     18   H      10
   1106      18       2  -2.54839413E+01  ../Water/train2000_1539.xsf
      1   O       9
      2   H       9
      3   H       7
      4   O       6
      5   H       8
      6   H       7
      7   O       5
      8   H       3
      9   H       3
     10   O      13
     11   H      13
     12   H      10
     13   O       4
     14   H      10
     15   H       6
     16   O      11
     17   H      11
     18   H      11
   1107      18       2  -2.54843753E+01  ../Water/train2000_1540.xsf
      1   O      14
      2   H       8
      3   H       9
      4   O       7
      5   H       6
      6   H       9
      7   O       5
      8   H       4
      9   H       4
     10   O      13
     11   H      12
     12   H      11
     13   O       9
     14   H       8
     15   H       4
     16   O       9
     17   H      12
     18   H       6
   1108      18       2  -2.54840600E+01  ../Water/train2000_1541.xsf
      1   O      11
      2   H       9
      3   H       9
      4   O       9
      5   H       7
      6   H       9
      7   O       6
      8   H       3
      9   H       9
     10   O      10
     11   H      15
     12   H       9
     13   O       9
     14   H       5
     15   H      10
     16   O       8
     17   H      12
     18   H      12
   1109      18       2  -2.54848422E+01  ../Water/train2000_1542.xsf
      1   O      13
      2   H      15
      3   H       5
      4   O       9
      5   H       9
      6   H      10
      7   O      10
      8   H       5
      9   H      10
     10   O       9
     11   H      11
     12   H       8
     13   O       8
     14   H       4
     15   H      11
     16   O       8
     17   H      10
     18   H       7
   1110      18       2  -2.54839002E+01  ../Water/train2000_1543.xsf
      1   O      13
      2   H      12
      3   H      10
      4   O      11
      5   H       8
      6   H       9
      7   O       8
      8   H       9
      9   H      12
     10   O      12
     11   H       7
     12   H      16
     13   O       7
     14   H       7
     15   H       9
     16   O      10
     17   H      14
     18   H       6
   1111      18       2  -2.54833688E+01  ../Water/train2000_1544.xsf
      1   O      13
      2   H      12
      3   H      13
      4   O      10
      5   H      14
      6   H       8
      7   O       9
      8   H       7
      9   H      13
     10   O      12
     11   H       9
     12   H      14
     13   O       9
     14   H      12
     15   H       7
     16   O       9
     17   H      14
     18   H       7
   1112      18       2  -2.54843996E+01  ../Water/train2000_1545.xsf
      1   O      12
      2   H      11
      3   H      11
      4   O      11
      5   H      11
      6   H       9
      7   O       9
      8   H       7
      9   H      11
     10   O      13
     11   H      14
     12   H      10
     13   O       8
     14   H      10
     15   H       4
     16   O      11
     17   H      16
     18   H       8
   1113      18       2  -2.54845166E+01  ../Water/train2000_1546.xsf
      1   O      10
      2   H      11
      3   H      11
      4   O      10
      5   H      13
      6   H       7
      7   O      11
      8   H      11
      9   H       5
     10   O      14
     11   H      11
     12   H      15
     13   O      10
     14   H      10
     15   H       7
     16   O      12
     17   H      16
     18   H       8
   1114      18       2  -2.54840701E+01  ../Water/train2000_1547.xsf
      1   O       9
      2   H      12
      3   H       8
      4   O       9
      5   H      10
      6   H      10
      7   O       8
      8   H      10
      9   H       3
     10   O      10
     11   H       7
     12   H      13
     13   O       5
     14   H       6
     15   H      11
     16   O      12
     17   H      10
     18   H       7
   1115      18       2  -2.54842315E+01  ../Water/train2000_1548.xsf
      1   O      12
      2   H      11
      3   H      10
      4   O      10
      5   H      14
      6   H       6
      7   O       7
      8   H      13
      9   H       5
     10   O      12
     11   H       7
     12   H      13
     13   O       7
     14   H       8
     15   H       8
     16   O       9
     17   H      14
     18   H       4
   1116      18       2  -2.54837447E+01  ../Water/train2000_1549.xsf
      1   O      12
      2   H      10
      3   H      11
      4   O      10
      5   H      10
      6   H      15
      7   O       6
      8   H       8
      9   H       6
     10   O      10
     11   H       6
     12   H      12
     13   O       9
     14   H       8
     15   H      10
     16   O       8
     17   H      11
     18   H       4
   1117      18       2  -2.54843924E+01  ../Water/train2000_1550.xsf
      1   O      14
      2   H      10
      3   H      12
      4   O      10
      5   H       9
      6   H      11
      7   O       6
      8   H       5
      9   H       4
     10   O       6
     11   H       2
     12   H       9
     13   O      10
     14   H      13
     15   H       9
     16   O      10
     17   H       8
     18   H      10
   1118      18       2  -2.54837590E+01  ../Water/train2000_1551.xsf
      1   O      14
      2   H      14
      3   H      14
      4   O      14
      5   H      11
      6   H      10
      7   O       7
      8   H       8
      9   H       5
     10   O       8
     11   H       4
     12   H      10
     13   O      10
     14   H      12
     15   H       5
     16   O       9
     17   H       5
     18   H      10
   1119      18       2  -2.54839409E+01  ../Water/train2000_1552.xsf
      1   O      14
      2   H       9
      3   H      13
      4   O       8
      5   H       8
      6   H      11
      7   O       5
      8   H       5
      9   H       4
     10   O       7
     11   H       7
     12   H       6
     13   O      10
     14   H      10
     15   H       4
     16   O       6
     17   H       5
     18   H      10
   1120      18       2  -2.54837662E+01  ../Water/train2000_1553.xsf
      1   O      12
      2   H      11
      3   H      14
      4   O       6
      5   H       9
      6   H       8
      7   O       6
      8   H       4
      9   H       7
     10   O       7
     11   H       7
     12   H       4
     13   O      10
     14   H      12
     15   H      11
     16   O       8
     17   H      11
     18   H       9
   1121      18       2  -2.54843592E+01  ../Water/train2000_1554.xsf
      1   O      12
      2   H      13
      3   H      14
      4   O      10
      5   H      15
      6   H       9
      7   O      10
      8   H       5
      9   H      11
     10   O       9
     11   H       9
     12   H       7
     13   O      12
     14   H      12
     15   H       8
     16   O      10
     17   H      11
     18   H       5
   1122      18       2  -2.54844108E+01  ../Water/train2000_1555.xsf
      1   O      12
      2   H      14
      3   H      11
      4   O      11
      5   H      12
      6   H      11
      7   O      13
      8   H      12
      9   H      10
     10   O       9
     11   H       9
     12   H       8
     13   O       9
     14   H       9
     15   H       6
     16   O      11
     17   H      12
     18   H       7
   1123      18       2  -2.54843972E+01  ../Water/train2000_1556.xsf
      1   O      13
      2   H      12
      3   H      15
      4   O       9
      5   H      11
      6   H       5
      7   O      11
      8   H      15
      9   H      10
     10   O      10
     11   H       7
     12   H       9
     13   O      11
     14   H      13
     15   H       6
     16   O      10
     17   H      13
     18   H       6
   1124      18       2  -2.54835305E+01  ../Water/train2000_1557.xsf
      1   O      14
      2   H      12
      3   H      17
      4   O      10
      5   H      13
      6   H       9
      7   O      11
      8   H       8
      9   H      14
     10   O       9
     11   H      10
     12   H      10
     13   O       9
     14   H      12
     15   H       8
     16   O       9
     17   H       8
     18   H       9
   1125      18       2  -2.54846388E+01  ../Water/train2000_1558.xsf
      1   O      13
      2   H       6
      3   H      15
      4   O      10
      5   H      11
      6   H      10
      7   O       8
      8   H      10
      9   H       8
     10   O       5
     11   H       8
     12   H       3
     13   O      10
     14   H       5
     15   H       9
     16   O       7
     17   H       8
     18   H       4
   1126      18       2  -2.54842186E+01  ../Water/train2000_1559.xsf
      1   O      10
      2   H      10
      3   H      13
      4   O      10
      5   H      11
      6   H       9
      7   O       6
      8   H       9
      9   H       4
     10   O       7
     11   H       9
     12   H       3
     13   O       9
     14   H       6
     15   H       9
     16   O       6
     17   H       8
     18   H       3
   1127      18       2  -2.54838689E+01  ../Water/train2000_1560.xsf
      1   O      14
      2   H      15
      3   H      10
      4   O      10
      5   H       7
      6   H       4
      7   O      10
      8   H      13
      9   H      12
     10   O       7
     11   H       7
     12   H       9
     13   O      10
     14   H       5
     15   H      10
     16   O       5
     17   H       5
     18   H       5
   1128      18       2  -2.54839215E+01  ../Water/train2000_1561.xsf
      1   O      16
      2   H      16
      3   H      11
      4   O      10
      5   H       9
      6   H       4
      7   O      10
      8   H      10
      9   H      13
     10   O       6
     11   H       6
     12   H       8
     13   O      11
     14   H      11
     15   H      11
     16   O       6
     17   H       6
     18   H       8
   1129      18       2  -2.54837842E+01  ../Water/train2000_1562.xsf
      1   O      13
      2   H      14
      3   H      10
      4   O       9
      5   H       8
      6   H       8
      7   O      10
      8   H      12
      9   H       8
     10   O       4
     11   H       3
     12   H       3
     13   O      11
     14   H       6
     15   H      12
     16   O       6
     17   H       8
     18   H       5
   1130      18       2  -2.54840338E+01  ../Water/train2000_1563.xsf
      1   O      12
      2   H      13
      3   H       7
      4   O      11
      5   H      10
      6   H      11
      7   O      12
      8   H      13
      9   H       6
     10   O       4
     11   H       5
     12   H       3
     13   O      12
     14   H      14
     15   H      11
     16   O       8
     17   H       7
     18   H       5
   1131      18       2  -2.54839445E+01  ../Water/train2000_1564.xsf
      1   O      12
      2   H      11
      3   H      11
      4   O       9
      5   H      10
      6   H      10
      7   O      13
      8   H      15
      9   H       7
     10   O       5
     11   H       5
     12   H       7
     13   O      13
     14   H       7
     15   H      13
     16   O       7
     17   H      10
     18   H       7
   1132      18       2  -2.54835746E+01  ../Water/train2000_1565.xsf
      1   O      12
      2   H      11
      3   H       8
      4   O       9
      5   H       8
      6   H      10
      7   O      13
      8   H      15
      9   H      14
     10   O       6
     11   H       5
     12   H       5
     13   O      11
     14   H       6
     15   H      13
     16   O       8
     17   H      11
     18   H       7
   1133      18       2  -2.54844799E+01  ../Water/train2000_1566.xsf
      1   O      12
      2   H      11
      3   H      12
      4   O      10
      5   H       8
      6   H       9
      7   O      15
      8   H      11
      9   H      16
     10   O       8
     11   H      10
     12   H       7
     13   O       9
     14   H      12
     15   H       9
     16   O      12
     17   H      11
     18   H       6
   1134      18       2  -2.54837129E+01  ../Water/train2000_1567.xsf
      1   O      14
      2   H      13
      3   H      13
      4   O      10
      5   H      12
      6   H       7
      7   O      16
      8   H       7
      9   H      17
     10   O       9
     11   H      10
     12   H      11
     13   O      10
     14   H      11
     15   H      12
     16   O      13
     17   H      14
     18   H       9
   1135      18       2  -2.54836480E+01  ../Water/train2000_1568.xsf
      1   O      16
      2   H      16
      3   H      10
      4   O      10
      5   H      11
      6   H       5
      7   O      12
      8   H       7
      9   H      13
     10   O       7
     11   H      10
     12   H       7
     13   O      10
     14   H      14
     15   H      10
     16   O      13
     17   H       9
     18   H      10
   1136      18       2  -2.54842259E+01  ../Water/train2000_1569.xsf
      1   O      13
      2   H      16
      3   H       8
      4   O       7
      5   H       9
      6   H       6
      7   O       7
      8   H       2
      9   H      11
     10   O       8
     11   H       8
     12   H       6
     13   O       8
     14   H      12
     15   H       8
     16   O      11
     17   H       6
     18   H      12
   1137      18       2  -2.54835425E+01  ../Water/train2000_1570.xsf
      1   O      11
      2   H      13
      3   H      10
      4   O       5
      5   H       3
      6   H       9
      7   O       5
      8   H       7
      9   H       8
     10   O       6
     11   H       6
     12   H       6
     13   O       7
     14   H       8
     15   H       6
     16   O      11
     17   H       7
     18   H      12
   1138      18       2  -2.54831950E+01  ../Water/train2000_1571.xsf
      1   O      12
      2   H      13
      3   H       8
      4   O       8
      5   H       9
      6   H       7
      7   O       4
      8   H      11
      9   H       3
     10   O       6
     11   H       7
     12   H       3
     13   O      10
     14   H      12
     15   H      11
     16   O      11
     17   H       6
     18   H       9
   1139      18       2  -2.54844602E+01  ../Water/train2000_1572.xsf
      1   O      14
      2   H      15
      3   H       8
      4   O       7
      5   H       9
      6   H       5
      7   O       9
      8   H       9
      9   H       8
     10   O       7
     11   H       8
     12   H       5
     13   O      14
     14   H      11
     15   H      12
     16   O      12
     17   H      12
     18   H       9
   1140      18       2  -2.54846204E+01  ../Water/train2000_1573.xsf
      1   O      11
      2   H      15
      3   H       9
      4   O       6
      5   H       8
      6   H       6
      7   O       9
      8   H       7
      9   H      10
     10   O       7
     11   H       8
     12   H       4
     13   O      11
     14   H      11
     15   H       7
     16   O       7
     17   H      11
     18   H       7
   1141      18       2  -2.54840794E+01  ../Water/train2000_1574.xsf
      1   O      12
      2   H      15
      3   H      10
      4   O       7
      5   H       9
      6   H       6
      7   O      10
      8   H      12
      9   H      12
     10   O       5
     11   H       7
     12   H       4
     13   O      12
     14   H       9
     15   H       8
     16   O       7
     17   H       6
     18   H       9
   1142      18       2  -2.54844787E+01  ../Water/train2000_1575.xsf
      1   O      12
      2   H      13
      3   H      10
      4   O       6
      5   H       8
      6   H       4
      7   O       9
      8   H      11
      9   H       5
     10   O       5
     11   H       6
     12   H       5
     13   O       9
     14   H       7
     15   H      11
     16   O       7
     17   H       8
     18   H       6
   1143      18       2  -2.54840666E+01  ../Water/train2000_1576.xsf
      1   O      14
      2   H      16
      3   H      13
      4   O       7
      5   H       8
      6   H       4
      7   O       6
      8   H       6
      9   H       5
     10   O       5
     11   H       5
     12   H       7
     13   O      12
     14   H      10
     15   H       9
     16   O       6
     17   H       9
     18   H       6
   1144      18       2  -2.54842260E+01  ../Water/train2000_1577.xsf
      1   O      12
      2   H      13
      3   H       9
      4   O       7
      5   H       8
      6   H       3
      7   O       6
      8   H       6
      9   H       8
     10   O       4
     11   H       2
     12   H       7
     13   O       8
     14   H      10
     15   H       8
     16   O       8
     17   H       7
     18   H       4
   1145      18       2  -2.54851271E+01  ../Water/train2000_1578.xsf
      1   O      15
      2   H      16
      3   H      12
      4   O       7
      5   H      10
      6   H       5
      7   O       7
      8   H       7
      9   H       8
     10   O       9
     11   H       3
     12   H       9
     13   O      10
     14   H      10
     15   H      11
     16   O       9
     17   H       9
     18   H       7
   1146      18       2  -2.54843429E+01  ../Water/train2000_1579.xsf
      1   O      15
      2   H      16
      3   H      14
      4   O      10
      5   H      10
      6   H      11
      7   O       7
      8   H       4
      9   H       7
     10   O      11
     11   H       8
     12   H      11
     13   O      13
     14   H      11
     15   H      12
     16   O      12
     17   H       9
     18   H       5
   1147      18       2  -2.54844832E+01  ../Water/train2000_1580.xsf
      1   O      14
      2   H      14
      3   H      14
      4   O      11
      5   H       6
      6   H      11
      7   O       6
      8   H       6
      9   H       5
     10   O      11
     11   H       3
     12   H      11
     13   O      11
     14   H       6
     15   H      12
     16   O       7
     17   H       9
     18   H       9
   1148      18       2  -2.54838492E+01  ../Water/train2000_1581.xsf
      1   O      12
      2   H      14
      3   H      11
      4   O       9
      5   H      11
      6   H       9
      7   O       7
      8   H       7
      9   H       3
     10   O      10
     11   H       3
     12   H       7
     13   O       8
     14   H      10
     15   H       4
     16   O       9
     17   H       9
     18   H       3
   1149      18       2  -2.54835096E+01  ../Water/train2000_1582.xsf
      1   O      13
      2   H      12
      3   H      12
      4   O      10
      5   H      10
      6   H      12
      7   O       7
      8   H       8
      9   H       3
     10   O       8
     11   H       8
     12   H      10
     13   O       8
     14   H       4
     15   H      12
     16   O       9
     17   H       8
     18   H       6
   1150      18       2  -2.54837827E+01  ../Water/train2000_1583.xsf
      1   O      14
      2   H      15
      3   H      11
      4   O      12
      5   H       4
      6   H      12
      7   O       8
      8   H       8
      9   H       7
     10   O      10
     11   H      11
     12   H       8
     13   O       9
     14   H       9
     15   H       7
     16   O       7
     17   H       8
     18   H      12
   1151      18       2  -2.54842404E+01  ../Water/train2000_1584.xsf
      1   O      14
      2   H      15
      3   H      13
      4   O      11
      5   H       4
      6   H      11
      7   O       8
      8   H       8
      9   H       6
     10   O      10
     11   H      11
     12   H       7
     13   O      10
     14   H      10
     15   H       6
     16   O       6
     17   H       8
     18   H      10
   1152      18       2  -2.54841836E+01  ../Water/train2000_1585.xsf
      1   O      14
      2   H      15
      3   H      14
      4   O      10
      5   H       6
      6   H      11
      7   O       8
      8   H       8
      9   H       3
     10   O       9
     11   H       6
     12   H       9
     13   O      11
     14   H      10
     15   H       5
     16   O       6
     17   H       8
     18   H       9
   1153      18       2  -2.54834955E+01  ../Water/train2000_1586.xsf
      1   O      14
      2   H      15
      3   H      13
      4   O       7
      5   H      10
      6   H       9
      7   O       8
      8   H       7
      9   H       9
     10   O       9
     11   H       3
     12   H       9
     13   O      12
     14   H      11
     15   H       7
     16   O       7
     17   H       5
     18   H      11
   1154      18       2  -2.54838038E+01  ../Water/train2000_1587.xsf
      1   O      13
      2   H      14
      3   H      14
      4   O       9
      5   H      13
      6   H       9
      7   O       7
      8   H       6
      9   H       9
     10   O       9
     11   H       7
     12   H      11
     13   O      13
     14   H      11
     15   H       8
     16   O       9
     17   H       9
     18   H       5
   1155      18       2  -2.54841399E+01  ../Water/train2000_1588.xsf
      1   O      15
      2   H      16
      3   H      17
      4   O      13
      5   H      13
      6   H      13
      7   O       7
      8   H       7
      9   H       8
     10   O       9
     11   H       7
     12   H       9
     13   O      14
     14   H      12
     15   H      10
     16   O      13
     17   H      13
     18   H      10
   1156      18       2  -2.54832358E+01  ../Water/train2000_1589.xsf
      1   O      14
      2   H      16
      3   H      15
      4   O      13
      5   H       6
      6   H      14
      7   O       8
      8   H       8
      9   H       9
     10   O      10
     11   H      11
     12   H      11
     13   O      12
     14   H      12
     15   H       9
     16   O      12
     17   H       7
     18   H      13
   1157      18       2  -2.54840309E+01  ../Water/train2000_1590.xsf
      1   O      11
      2   H       9
      3   H      10
      4   O       7
      5   H       8
      6   H       4
      7   O       5
      8   H       3
      9   H       5
     10   O      12
     11   H      13
     12   H       7
     13   O       8
     14   H      10
     15   H      10
     16   O      11
     17   H      13
     18   H       6
   1158      18       2  -2.54836623E+01  ../Water/train2000_1591.xsf
      1   O      10
      2   H       7
      3   H      15
      4   O       7
      5   H       9
      6   H       9
      7   O       5
      8   H       7
      9   H       4
     10   O      12
     11   H      13
     12   H      11
     13   O       9
     14   H       9
     15   H      11
     16   O      14
     17   H      12
     18   H       8
   1159      18       2  -2.54841823E+01  ../Water/train2000_1592.xsf
      1   O      13
      2   H      13
      3   H      13
      4   O      10
      5   H      11
      6   H       5
      7   O       5
      8   H       6
      9   H       2
     10   O      11
     11   H      10
     12   H      13
     13   O       9
     14   H       4
     15   H       8
     16   O      13
     17   H      12
     18   H      12
   1160      18       2  -2.54836555E+01  ../Water/train2000_1593.xsf
      1   O      15
      2   H      15
      3   H      15
      4   O      10
      5   H      11
      6   H       5
      7   O       4
      8   H       8
      9   H       5
     10   O      12
     11   H       8
     12   H      13
     13   O      10
     14   H       5
     15   H      11
     16   O      12
     17   H      12
     18   H      11
   1161      18       2  -2.54832507E+01  ../Water/train2000_1594.xsf
      1   O      16
      2   H      11
      3   H      14
      4   O       9
      5   H      11
      6   H       6
      7   O       5
      8   H       3
      9   H      10
     10   O       9
     11   H       8
     12   H      12
     13   O       9
     14   H       6
     15   H      10
     16   O       9
     17   H       9
     18   H      11
   1162      18       2  -2.54834140E+01  ../Water/train2000_1595.xsf
      1   O      14
      2   H      10
      3   H      14
      4   O       9
      5   H      13
      6   H       5
      7   O       8
      8   H       9
      9   H       8
     10   O       9
     11   H       9
     12   H      11
     13   O       9
     14   H       5
     15   H       9
     16   O      11
     17   H       4
     18   H      11
   1163      18       2  -2.54836100E+01  ../Water/train2000_1596.xsf
      1   O      15
      2   H       9
      3   H      14
      4   O      10
      5   H      10
      6   H       5
      7   O       8
      8   H      10
      9   H       7
     10   O      10
     11   H      11
     12   H      10
     13   O       9
     14   H      10
     15   H       9
     16   O      15
     17   H       6
     18   H      14
   1164      18       2  -2.54835441E+01  ../Water/train2000_1597.xsf
      1   O      14
      2   H      13
      3   H      13
      4   O      13
      5   H      14
      6   H       7
      7   O       9
      8   H       9
      9   H       6
     10   O      11
     11   H      14
     12   H      10
     13   O       8
     14   H       8
     15   H      11
     16   O      14
     17   H      11
     18   H      15
   1165      18       2  -2.54837305E+01  ../Water/train2000_1598.xsf
      1   O      11
      2   H       9
      3   H      13
      4   O       9
      5   H      14
      6   H       7
      7   O      10
      8   H       8
      9   H       4
     10   O      10
     11   H       7
     12   H      14
     13   O       9
     14   H      10
     15   H       8
     16   O      13
     17   H       7
     18   H      13
   1166      18       2  -2.54838915E+01  ../Water/train2000_1599.xsf
      1   O      14
      2   H      12
      3   H       9
      4   O      10
      5   H      13
      6   H      11
      7   O       9
      8   H       9
      9   H       9
     10   O       9
     11   H       9
     12   H      10
     13   O      11
     14   H       8
     15   H      10
     16   O      14
     17   H      14
     18   H       9
   1167      18       2  -2.54830947E+01  ../Water/train2000_1600.xsf
      1   O      13
      2   H      10
      3   H      13
      4   O      13
      5   H      13
      6   H      14
      7   O      10
      8   H       7
      9   H       8
     10   O       9
     11   H       9
     12   H       8
     13   O      10
     14   H       9
     15   H      10
     16   O      10
     17   H      11
     18   H       7
   1168      18       2  -2.54838319E+01  ../Water/train2000_1601.xsf
      1   O      12
      2   H      10
      3   H      15
      4   O      13
      5   H      11
      6   H       9
      7   O      10
      8   H       7
      9   H      11
     10   O       7
     11   H       9
     12   H       6
     13   O      10
     14   H      10
     15   H      12
     16   O       8
     17   H      13
     18   H       7
   1169      18       2  -2.54842235E+01  ../Water/train2000_1602.xsf
      1   O      11
      2   H      11
      3   H      13
      4   O       9
      5   H      12
      6   H       5
      7   O       7
      8   H       9
      9   H       5
     10   O       7
     11   H       8
     12   H       5
     13   O      12
     14   H      11
     15   H      11
     16   O       9
     17   H      14
     18   H       9
   1170      18       2  -2.54834915E+01  ../Water/train2000_1603.xsf
      1   O      13
      2   H      14
      3   H      12
      4   O      13
      5   H      14
      6   H      13
      7   O       8
      8   H       6
      9   H       8
     10   O       8
     11   H       9
     12   H       8
     13   O      14
     14   H      13
     15   H       8
     16   O      14
     17   H      14
     18   H      13
   1171      18       2  -2.54839838E+01  ../Water/train2000_1604.xsf
      1   O      14
      2   H      13
      3   H      12
      4   O      11
      5   H      12
      6   H      12
      7   O       6
      8   H       7
      9   H       7
     10   O       9
     11   H       8
     12   H       7
     13   O      11
     14   H      12
     15   H       7
     16   O      12
     17   H      11
     18   H      13
   1172      18       2  -2.54835104E+01  ../Water/train2000_1605.xsf
      1   O      12
      2   H      11
      3   H       9
      4   O       8
      5   H       8
      6   H      13
      7   O       6
      8   H       3
      9   H       3
     10   O       8
     11   H      10
     12   H       8
     13   O      10
     14   H      11
     15   H       7
     16   O       9
     17   H      10
     18   H      10
   1173      18       2  -2.54838093E+01  ../Water/train2000_1606.xsf
      1   O      14
      2   H      13
      3   H      11
      4   O       9
      5   H       9
      6   H      13
      7   O       3
      8   H       3
      9   H       4
     10   O      11
     11   H      10
     12   H      10
     13   O       9
     14   H       9
     15   H       9
     16   O       8
     17   H      10
     18   H       3
   1174      18       2  -2.54840794E+01  ../Water/train2000_1607.xsf
      1   O      15
      2   H      15
      3   H       9
      4   O       9
      5   H      12
      6   H      11
      7   O       2
      8   H       3
      9   H       7
     10   O      11
     11   H       7
     12   H      11
     13   O      12
     14   H       9
     15   H       9
     16   O       8
     17   H      12
     18   H      10
   1175      18       2  -2.54843530E+01  ../Water/train2000_1608.xsf
      1   O      14
      2   H      14
      3   H      12
      4   O      10
      5   H       9
      6   H      13
      7   O       6
      8   H       7
      9   H       9
     10   O      10
     11   H       7
     12   H      10
     13   O      14
     14   H      12
     15   H       6
     16   O      11
     17   H      12
     18   H      14
   1176      18       2  -2.54850997E+01  ../Water/train2000_1609.xsf
      1   O      11
      2   H      12
      3   H       9
      4   O       7
      5   H       6
      6   H       9
      7   O      11
      8   H      11
      9   H       8
     10   O      10
     11   H       5
     12   H      11
     13   O      11
     14   H      15
     15   H      10
     16   O      13
     17   H      12
     18   H      15
   1177      18       2  -2.54840219E+01  ../Water/train2000_1610.xsf
      1   O      12
      2   H      11
      3   H       9
      4   O       7
      5   H       5
      6   H       7
      7   O       9
      8   H      13
      9   H       8
     10   O      11
     11   H       6
     12   H      14
     13   O       9
     14   H       7
     15   H      14
     16   O      14
     17   H       8
     18   H      14
   1178      18       2  -2.54845060E+01  ../Water/train2000_1611.xsf
      1   O      10
      2   H       9
      3   H       9
      4   O       7
      5   H       6
      6   H      10
      7   O      11
      8   H       8
      9   H      13
     10   O      14
     11   H       8
     12   H      16
     13   O       8
     14   H      10
     15   H      11
     16   O      16
     17   H       8
     18   H      16
   1179      18       2  -2.54837818E+01  ../Water/train2000_1612.xsf
      1   O      10
      2   H      12
      3   H      10
      4   O       8
      5   H       8
      6   H      10
      7   O      14
      8   H      14
      9   H      14
     10   O      16
     11   H      13
     12   H      17
     13   O      12
     14   H      10
     15   H      14
     16   O      17
     17   H      11
     18   H      16
   1180      18       2  -2.54835979E+01  ../Water/train2000_1613.xsf
      1   O      11
      2   H      14
      3   H      11
      4   O       9
      5   H       9
      6   H       3
      7   O      13
      8   H      12
      9   H      11
     10   O      12
     11   H       9
     12   H      14
     13   O      11
     14   H      16
     15   H       6
     16   O      12
     17   H      11
     18   H      10
   1181      18       2  -2.54844592E+01  ../Water/train2000_1614.xsf
      1   O      15
      2   H      15
      3   H       9
      4   O      10
      5   H      12
      6   H      11
      7   O      12
      8   H      14
      9   H       9
     10   O      12
     11   H       9
     12   H      13
     13   O      14
     14   H      13
     15   H      10
     16   O      10
     17   H      11
     18   H      11
   1182      18       2  -2.54843459E+01  ../Water/train2000_1615.xsf
      1   O      15
      2   H      13
      3   H       9
      4   O      12
      5   H      10
      6   H      13
      7   O       8
      8   H       9
      9   H       4
     10   O      12
     11   H      10
     12   H       9
     13   O      15
     14   H       7
     15   H      16
     16   O       8
     17   H       7
     18   H      11
   1183      18       2  -2.54842324E+01  ../Water/train2000_1616.xsf
      1   O      13
      2   H      16
      3   H       5
      4   O       9
      5   H       3
      6   H      12
      7   O      10
      8   H      10
      9   H      10
     10   O      11
     11   H       8
     12   H      11
     13   O      15
     14   H      11
     15   H      15
     16   O       9
     17   H      10
     18   H       6
   1184      18       2  -2.54839372E+01  ../Water/train2000_1617.xsf
      1   O      12
      2   H      12
      3   H       6
      4   O       5
      5   H       5
      6   H       8
      7   O      11
      8   H       8
      9   H      10
     10   O       8
     11   H       7
     12   H       9
     13   O      11
     14   H       6
     15   H      12
     16   O       9
     17   H       9
     18   H       6
   1185      18       2  -2.54835353E+01  ../Water/train2000_1618.xsf
      1   O      11
      2   H      12
      3   H       6
      4   O       5
      5   H       5
      6   H       6
      7   O       9
      8   H       5
      9   H      10
     10   O       8
     11   H      10
     12   H       8
     13   O       9
     14   H       3
     15   H      12
     16   O      10
     17   H       9
     18   H       6
   1186      18       2  -2.54832094E+01  ../Water/train2000_1619.xsf
      1   O      13
      2   H      12
      3   H      12
      4   O       4
      5   H       5
      6   H       5
      7   O      11
      8   H      11
      9   H       9
     10   O       7
     11   H       9
     12   H       8
     13   O      12
     14   H       5
     15   H      11
     16   O      10
     17   H      10
     18   H       8
   1187      18       2  -2.54843160E+01  ../Water/train2000_1620.xsf
      1   O      16
      2   H      11
      3   H      11
      4   O       6
      5   H       7
      6   H       5
      7   O       9
      8   H       7
      9   H       8
     10   O       6
     11   H       7
     12   H       8
     13   O       9
     14   H       4
     15   H      12
     16   O       8
     17   H      10
     18   H       8
   1188      18       2  -2.54840267E+01  ../Water/train2000_1621.xsf
      1   O      16
      2   H      16
      3   H      10
      4   O       7
      5   H       8
      6   H       5
      7   O       9
      8   H       8
      9   H       8
     10   O       8
     11   H       4
     12   H       9
     13   O       9
     14   H       7
     15   H      11
     16   O      11
     17   H       8
     18   H      10
   1189      18       2  -2.54838505E+01  ../Water/train2000_1622.xsf
      1   O      15
      2   H      15
      3   H      14
      4   O       8
      5   H       7
      6   H       4
      7   O       9
      8   H       6
      9   H       9
     10   O       8
     11   H       5
     12   H      10
     13   O       9
     14   H      10
     15   H      12
     16   O      11
     17   H      10
     18   H      10
   1190      18       2  -2.54853472E+01  ../Water/train2000_1623.xsf
      1   O      15
      2   H      15
      3   H       9
      4   O       7
      5   H       9
      6   H       8
      7   O      11
      8   H       4
      9   H      11
     10   O       7
     11   H       6
     12   H       9
     13   O      11
     14   H      10
     15   H      15
     16   O      10
     17   H      10
     18   H       5
   1191      18       2  -2.54848404E+01  ../Water/train2000_1624.xsf
      1   O      13
      2   H      11
      3   H      10
      4   O      10
      5   H       9
      6   H      15
      7   O      13
      8   H       6
      9   H      12
     10   O       9
     11   H       4
     12   H      10
     13   O      11
     14   H      12
     15   H      13
     16   O       9
     17   H      10
     18   H       5
   1192      18       2  -2.54849548E+01  ../Water/train2000_1625.xsf
      1   O      11
      2   H      13
      3   H       6
      4   O      11
      5   H      12
      6   H       5
      7   O      10
      8   H       6
      9   H      13
     10   O       9
     11   H      11
     12   H       7
     13   O      11
     14   H      15
     15   H      12
     16   O       7
     17   H       6
     18   H       9
   1193      18       2  -2.54838019E+01  ../Water/train2000_1626.xsf
      1   O      12
      2   H      14
      3   H      11
      4   O      13
      5   H      14
      6   H       7
      7   O       8
      8   H      12
      9   H       6
     10   O       9
     11   H      10
     12   H       4
     13   O      12
     14   H      11
     15   H      13
     16   O       9
     17   H      10
     18   H       9
   1194      18       2  -2.54840958E+01  ../Water/train2000_1627.xsf
      1   O      12
      2   H      14
      3   H       6
      4   O      12
      5   H      12
      6   H       8
      7   O       9
      8   H       8
      9   H      11
     10   O       9
     11   H       6
     12   H       8
     13   O      11
     14   H      14
     15   H       7
     16   O       8
     17   H      10
     18   H       7
   1195      18       2  -2.54845304E+01  ../Water/train2000_1628.xsf
      1   O      11
      2   H      13
      3   H       5
      4   O      12
      5   H      12
      6   H       7
      7   O      11
      8   H       6
      9   H      12
     10   O       8
     11   H       6
     12   H      10
     13   O      10
     14   H      14
     15   H       6
     16   O       9
     17   H       7
     18   H       9
   1196      18       2  -2.54846619E+01  ../Water/train2000_1629.xsf
      1   O      13
      2   H      15
      3   H       8
      4   O      11
      5   H      13
      6   H       7
      7   O      11
      8   H       8
      9   H      13
     10   O       7
     11   H       8
     12   H       3
     13   O      11
     14   H      11
     15   H      12
     16   O      10
     17   H       9
     18   H      10
   1197      18       2  -2.54842692E+01  ../Water/train2000_1630.xsf
      1   O      15
      2   H      16
      3   H       8
      4   O      10
      5   H      12
      6   H       7
      7   O      12
      8   H      10
      9   H      14
     10   O       7
     11   H       8
     12   H       7
     13   O      11
     14   H      14
     15   H       6
     16   O       9
     17   H      10
     18   H       8
   1198      18       2  -2.54842400E+01  ../Water/train2000_1631.xsf
      1   O      16
      2   H      15
      3   H      13
      4   O       9
      5   H       9
      6   H       8
      7   O      12
      8   H      12
      9   H      12
     10   O       5
     11   H       6
     12   H       8
     13   O      10
     14   H       9
     15   H       5
     16   O       9
     17   H      10
     18   H       6
   1199      18       2  -2.54846275E+01  ../Water/train2000_1632.xsf
      1   O      14
      2   H      16
      3   H      13
      4   O      10
      5   H       8
      6   H       5
      7   O       8
      8   H       8
      9   H      10
     10   O       6
     11   H       5
     12   H       6
     13   O       9
     14   H      10
     15   H       4
     16   O       9
     17   H      10
     18   H       9
   1200      18       2  -2.54842602E+01  ../Water/train2000_1633.xsf
      1   O      15
      2   H      13
      3   H      15
      4   O      10
      5   H       9
      6   H      10
      7   O      10
      8   H      13
      9   H       9
     10   O       5
     11   H       4
     12   H       7
     13   O       8
     14   H      10
     15   H       7
     16   O      10
     17   H      12
     18   H       7
   1201      18       2  -2.54826937E+01  ../Water/train2000_1634.xsf
      1   O      16
      2   H      11
      3   H      14
      4   O      11
      5   H       9
      6   H      12
      7   O      10
      8   H      14
      9   H      13
     10   O       5
     11   H       4
     12   H       4
     13   O      10
     14   H       9
     15   H      12
     16   O      11
     17   H      10
     18   H      11
   1202      18       2  -2.54839126E+01  ../Water/train2000_1635.xsf
      1   O      13
      2   H       7
      3   H      12
      4   O       9
      5   H       9
      6   H      10
      7   O      11
      8   H      10
      9   H      13
     10   O       4
     11   H       7
     12   H       2
     13   O       9
     14   H       6
     15   H      10
     16   O       8
     17   H       4
     18   H      12
   1203      18       2  -2.54835720E+01  ../Water/train2000_1636.xsf
      1   O      13
      2   H       8
      3   H      13
      4   O       7
      5   H      10
      6   H       7
      7   O      12
      8   H      11
      9   H      14
     10   O       4
     11   H       6
     12   H       6
     13   O       8
     14   H       6
     15   H      10
     16   O       9
     17   H       4
     18   H       8
   1204      18       2  -2.54834173E+01  ../Water/train2000_1637.xsf
      1   O      12
      2   H       9
      3   H      12
      4   O       6
      5   H       9
      6   H       4
      7   O      13
      8   H      15
      9   H      12
     10   O       7
     11   H       7
     12   H       5
     13   O       9
     14   H       5
     15   H      10
     16   O       6
     17   H       3
     18   H       8
   1205      18       2  -2.54836378E+01  ../Water/train2000_1638.xsf
      1   O      12
      2   H      12
      3   H       7
      4   O       7
      5   H       5
      6   H       5
      7   O      13
      8   H      13
      9   H       7
     10   O       5
     11   H       7
     12   H       4
     13   O      10
     14   H       6
     15   H      10
     16   O       6
     17   H       8
     18   H       9
   1206      18       2  -2.54836969E+01  ../Water/train2000_1639.xsf
      1   O      13
      2   H       9
      3   H      14
      4   O       7
      5   H       9
      6   H       7
      7   O      14
      8   H      13
      9   H      10
     10   O       5
     11   H       5
     12   H      10
     13   O      10
     14   H       5
     15   H       8
     16   O       8
     17   H       8
     18   H       5
   1207      18       2  -2.54844855E+01  ../Water/train2000_1640.xsf
      1   O      14
      2   H       7
      3   H      13
      4   O       8
      5   H       7
      6   H      13
      7   O      10
      8   H       8
      9   H      13
     10   O       8
     11   H       3
     12   H      10
     13   O      10
     14   H       3
     15   H      10
     16   O       6
     17   H      11
     18   H       8
   1208      18       2  -2.54838822E+01  ../Water/train2000_1641.xsf
      1   O      15
      2   H      10
      3   H      15
      4   O      11
      5   H       7
      6   H      13
      7   O      12
      8   H      10
      9   H      11
     10   O       7
     11   H      10
     12   H       7
     13   O       8
     14   H       6
     15   H      12
     16   O      10
     17   H       8
     18   H      10
   1209      18       2  -2.54848069E+01  ../Water/train2000_1642.xsf
      1   O      12
      2   H       7
      3   H      15
      4   O       9
      5   H       4
      6   H      12
      7   O      10
      8   H      12
      9   H      12
     10   O       8
     11   H       8
     12   H       6
     13   O       9
     14   H      11
     15   H      10
     16   O      10
     17   H       5
     18   H      10
   1210      18       2  -2.54842039E+01  ../Water/train2000_1643.xsf
      1   O      12
      2   H      10
      3   H       9
      4   O       8
      5   H       6
      6   H      12
      7   O      12
      8   H       8
      9   H      10
     10   O      10
     11   H      12
     12   H       8
     13   O      12
     14   H      16
     15   H      11
     16   O       8
     17   H       8
     18   H      10
   1211      18       2  -2.54846806E+01  ../Water/train2000_1644.xsf
      1   O      10
      2   H       5
      3   H      12
      4   O       8
      5   H      15
      6   H       7
      7   O       9
      8   H      12
      9   H       8
     10   O       7
     11   H       6
     12   H      10
     13   O      12
     14   H      10
     15   H      12
     16   O      11
     17   H       6
     18   H      10
   1212      18       2  -2.54848770E+01  ../Water/train2000_1645.xsf
      1   O      11
      2   H       7
      3   H      11
      4   O      13
      5   H      16
      6   H      11
      7   O      10
      8   H      11
      9   H       9
     10   O      10
     11   H       8
     12   H      11
     13   O      13
     14   H      15
     15   H      11
     16   O      10
     17   H       6
     18   H      11
   1213      18       2  -2.54844258E+01  ../Water/train2000_1646.xsf
      1   O      12
      2   H       7
      3   H      14
      4   O      14
      5   H      15
      6   H      14
      7   O      10
      8   H      12
      9   H       9
     10   O       9
     11   H       6
     12   H      10
     13   O      13
     14   H      12
     15   H       8
     16   O      10
     17   H      10
     18   H      11
   1214      18       2  -2.54846301E+01  ../Water/train2000_1647.xsf
      1   O      13
      2   H       5
      3   H      15
      4   O      11
      5   H       9
      6   H      12
      7   O       9
      8   H      12
      9   H      10
     10   O       7
     11   H       7
     12   H       4
     13   O      10
     14   H      10
     15   H       5
     16   O       9
     17   H       7
     18   H      11
   1215      18       2  -2.54845923E+01  ../Water/train2000_1648.xsf
      1   O      14
      2   H      10
      3   H      15
      4   O       9
      5   H      11
      6   H       6
      7   O      13
      8   H      11
      9   H      10
     10   O       6
     11   H       9
     12   H       3
     13   O      10
     14   H      10
     15   H      10
     16   O      10
     17   H       6
     18   H      11
   1216      18       2  -2.54834446E+01  ../Water/train2000_1649.xsf
      1   O      15
      2   H       9
      3   H      15
      4   O       8
      5   H      12
      6   H       5
      7   O      12
      8   H       9
      9   H      17
     10   O       7
     11   H       5
     12   H       9
     13   O      10
     14   H      11
     15   H      12
     16   O      10
     17   H      10
     18   H      12
   1217      18       2  -2.54839917E+01  ../Water/train2000_1650.xsf
      1   O      14
      2   H      15
      3   H       8
      4   O       8
      5   H       9
      6   H       8
      7   O       9
      8   H      11
      9   H       8
     10   O       9
     11   H      11
     12   H       8
     13   O      11
     14   H       8
     15   H       8
     16   O       5
     17   H       5
     18   H      11
   1218      18       2  -2.54844231E+01  ../Water/train2000_1651.xsf
      1   O      13
      2   H      16
      3   H       8
      4   O       8
      5   H       9
      6   H       9
      7   O       7
      8   H       7
      9   H       7
     10   O       9
     11   H       8
     12   H      10
     13   O       9
     14   H       6
     15   H      11
     16   O       8
     17   H       7
     18   H       8
   1219      18       2  -2.54839851E+01  ../Water/train2000_1652.xsf
      1   O      15
      2   H      16
      3   H      10
      4   O       8
      5   H      11
      6   H       8
      7   O       8
      8   H       9
      9   H       9
     10   O      11
     11   H       8
     12   H       8
     13   O      10
     14   H      10
     15   H       9
     16   O       8
     17   H      11
     18   H       7
   1220      18       2  -2.54842528E+01  ../Water/train2000_1653.xsf
      1   O      11
      2   H      14
      3   H       7
      4   O       9
      5   H      12
      6   H      10
      7   O       8
      8   H       7
      9   H       9
     10   O      10
     11   H       4
     12   H      10
     13   O       7
     14   H       7
     15   H       3
     16   O       9
     17   H      10
     18   H       5
   1221      18       2  -2.54835129E+01  ../Water/train2000_1654.xsf
      1   O      12
      2   H      14
      3   H       7
      4   O      11
      5   H      12
      6   H      14
      7   O      11
      8   H       9
      9   H      10
     10   O      14
     11   H       9
     12   H      10
     13   O       6
     14   H      10
     15   H       8
     16   O       7
     17   H      11
     18   H       3
   1222      18       2  -2.54833331E+01  ../Water/train2000_1655.xsf
      1   O      12
      2   H      15
      3   H       9
      4   O       9
      5   H      13
      6   H       7
      7   O       8
      8   H      10
      9   H       7
     10   O      12
     11   H       5
     12   H      12
     13   O       7
     14   H       5
     15   H      12
     16   O       8
     17   H      10
     18   H       5
   1223      18       2  -2.54835601E+01  ../Water/train2000_1656.xsf
      1   O      12
      2   H      15
      3   H      10
      4   O       8
      5   H       6
      6   H       5
      7   O       6
      8   H       6
      9   H       8
     10   O      12
     11   H       6
     12   H      11
     13   O       9
     14   H       6
     15   H      11
     16   O      10
     17   H       8
     18   H      13
   1224      18       2  -2.54846013E+01  ../Water/train2000_1657.xsf
      1   O      14
      2   H      15
      3   H       9
      4   O      11
      5   H       9
      6   H       8
      7   O      10
      8   H       6
      9   H      11
     10   O      11
     11   H      10
     12   H      13
     13   O      10
     14   H       7
     15   H       8
     16   O      11
     17   H       8
     18   H      15
   1225      18       2  -2.54847058E+01  ../Water/train2000_1658.xsf
      1   O      13
      2   H      17
      3   H       9
      4   O      10
      5   H      10
      6   H      11
      7   O      11
      8   H       6
      9   H      13
     10   O      13
     11   H      11
     12   H      12
     13   O       9
     14   H      11
     15   H       6
     16   O       9
     17   H       9
     18   H      10
   1226      18       2  -2.54839515E+01  ../Water/train2000_1659.xsf
      1   O      12
      2   H      12
      3   H       6
      4   O       9
      5   H       8
      6   H      10
      7   O      10
      8   H       4
      9   H      14
     10   O      12
     11   H      15
     12   H      12
     13   O       8
     14   H       5
     15   H       8
     16   O       7
     17   H      10
     18   H       8
   1227      18       2  -2.54842366E+01  ../Water/train2000_1660.xsf
      1   O      11
      2   H      13
      3   H       9
      4   O      10
      5   H      11
      6   H      10
      7   O      13
      8   H      13
      9   H      10
     10   O      11
     11   H      15
     12   H       8
     13   O       5
     14   H       4
     15   H       7
     16   O      12
     17   H      13
     18   H       9
   1228      18       2  -2.54842081E+01  ../Water/train2000_1661.xsf
      1   O      14
      2   H      17
      3   H      10
      4   O       9
      5   H      12
      6   H       8
      7   O      11
      8   H      13
      9   H       9
     10   O      10
     11   H       9
     12   H       8
     13   O       5
     14   H       5
     15   H       5
     16   O      10
     17   H      11
     18   H      10
   1229      18       2  -2.54844202E+01  ../Water/train2000_1662.xsf
      1   O      12
      2   H      12
      3   H       7
      4   O       8
      5   H       5
      6   H       7
      7   O       9
      8   H       8
      9   H       9
     10   O       9
     11   H      13
     12   H       4
     13   O       5
     14   H       5
     15   H       4
     16   O       9
     17   H      11
     18   H      11
   1230      18       2  -2.54837897E+01  ../Water/train2000_1663.xsf
      1   O      15
      2   H      12
      3   H      12
      4   O      10
      5   H       5
      6   H      12
      7   O      11
      8   H      12
      9   H      11
     10   O      11
     11   H      13
     12   H       6
     13   O       4
     14   H       4
     15   H       3
     16   O      11
     17   H      11
     18   H       7
   1231      18       2  -2.54846903E+01  ../Water/train2000_1664.xsf
      1   O      12
      2   H      12
      3   H       8
      4   O      11
      5   H       6
      6   H      11
      7   O       9
      8   H       8
      9   H      11
     10   O       9
     11   H      11
     12   H       5
     13   O       3
     14   H       2
     15   H       2
     16   O       8
     17   H      10
     18   H      10
   1232      18       2  -2.54835436E+01  ../Water/train2000_1665.xsf
      1   O      14
      2   H      13
      3   H       8
      4   O      10
      5   H      10
      6   H       9
      7   O      10
      8   H       8
      9   H      12
     10   O      10
     11   H      10
     12   H       7
     13   O       4
     14   H       3
     15   H       5
     16   O       8
     17   H      10
     18   H       7
   1233      18       2  -2.54844330E+01  ../Water/train2000_1666.xsf
      1   O      15
      2   H      15
      3   H       7
      4   O      11
      5   H      11
      6   H       8
      7   O      11
      8   H       9
      9   H      14
     10   O      10
     11   H       9
     12   H       8
     13   O       4
     14   H       7
     15   H       3
     16   O      10
     17   H       9
     18   H       9
   1234      18       2  -2.54840713E+01  ../Water/train2000_1667.xsf
      1   O      13
      2   H      15
      3   H      11
      4   O      11
      5   H       8
      6   H       6
      7   O      10
      8   H      13
      9   H       9
     10   O      11
     11   H      13
     12   H       5
     13   O       5
     14   H       9
     15   H       6
     16   O      12
     17   H      13
     18   H       8
   1235      18       2  -2.54845479E+01  ../Water/train2000_1668.xsf
      1   O      13
      2   H      10
      3   H      17
      4   O       8
      5   H       9
      6   H       7
      7   O       9
      8   H      13
      9   H       8
     10   O      12
     11   H      12
     12   H       5
     13   O       8
     14   H      10
     15   H       7
     16   O      13
     17   H      12
     18   H       9
   1236      18       2  -2.54840470E+01  ../Water/train2000_1669.xsf
      1   O      12
      2   H      13
      3   H      13
      4   O       8
      5   H      11
      6   H       9
      7   O      10
      8   H      12
      9   H       8
     10   O      13
     11   H      13
     12   H       7
     13   O       9
     14   H       9
     15   H       6
     16   O      13
     17   H      13
     18   H       9
   1237      18       2  -2.54840977E+01  ../Water/train2000_1670.xsf
      1   O      12
      2   H      13
      3   H       8
      4   O       9
      5   H      11
      6   H       8
      7   O      10
      8   H       7
      9   H      10
     10   O      14
     11   H      15
     12   H      10
     13   O      10
     14   H      12
     15   H       5
     16   O      15
     17   H      13
     18   H      12
   1238      18       2  -2.54831832E+01  ../Water/train2000_1671.xsf
      1   O      13
      2   H      14
      3   H       8
      4   O      10
      5   H       8
      6   H       5
      7   O      10
      8   H       8
      9   H      10
     10   O      14
     11   H      15
     12   H      12
     13   O      12
     14   H      13
     15   H      10
     16   O      14
     17   H      11
     18   H      13
   1239      18       2  -2.54847648E+01  ../Water/train2000_1672.xsf
      1   O      13
      2   H      11
      3   H       8
      4   O       7
      5   H       6
      6   H       9
      7   O       8
      8   H       8
      9   H      10
     10   O      11
     11   H       9
     12   H      15
     13   O      12
     14   H      14
     15   H       7
     16   O      10
     17   H       9
     18   H      11
   1240      18       2  -2.54848098E+01  ../Water/train2000_1673.xsf
      1   O      11
      2   H      14
      3   H       8
      4   O       7
      5   H      11
      6   H       5
      7   O       9
      8   H      12
      9   H      10
     10   O      10
     11   H       7
     12   H      10
     13   O      11
     14   H      14
     15   H       9
     16   O      12
     17   H       9
     18   H       9
   1241      18       2  -2.54841998E+01  ../Water/train2000_1674.xsf
      1   O      16
      2   H      16
      3   H      10
      4   O       8
      5   H       8
      6   H       8
      7   O      11
      8   H      13
      9   H      12
     10   O       9
     11   H       6
     12   H      13
     13   O       9
     14   H      11
     15   H      11
     16   O      14
     17   H      11
     18   H      12
   1242      18       2  -2.54845166E+01  ../Water/train2000_1675.xsf
      1   O      12
      2   H      16
      3   H      10
      4   O       6
      5   H       6
      6   H       8
      7   O      10
      8   H       7
      9   H      10
     10   O       8
     11   H       6
     12   H      11
     13   O       9
     14   H       5
     15   H      10
     16   O      11
     17   H      13
     18   H       4
   1243      18       2  -2.54843985E+01  ../Water/train2000_1676.xsf
      1   O      14
      2   H      14
      3   H       7
      4   O       5
      5   H       3
      6   H       6
      7   O      12
      8   H      10
      9   H      13
     10   O       7
     11   H       6
     12   H       9
     13   O       9
     14   H       3
     15   H      12
     16   O       8
     17   H       8
     18   H       8
   1244      18       2  -2.54842960E+01  ../Water/train2000_1677.xsf
      1   O      14
      2   H      14
      3   H       8
      4   O       5
      5   H       3
      6   H       6
      7   O      12
      8   H      10
      9   H      10
     10   O      10
     11   H       5
     12   H      11
     13   O       9
     14   H       7
     15   H      13
     16   O       9
     17   H       5
     18   H       9
   1245      18       2  -2.54837887E+01  ../Water/train2000_1678.xsf
      1   O      15
      2   H      14
      3   H      10
      4   O       4
      5   H       5
      6   H       3
      7   O      11
      8   H       7
      9   H      11
     10   O       9
     11   H       8
     12   H      11
     13   O      11
     14   H      10
     15   H       9
     16   O       8
     17   H       7
     18   H       9
   1246      18       2  -2.54845400E+01  ../Water/train2000_1679.xsf
      1   O      14
      2   H      12
      3   H      10
      4   O       7
      5   H       8
      6   H       4
      7   O      10
      8   H       4
      9   H      12
     10   O       8
     11   H      10
     12   H       7
     13   O       9
     14   H       7
     15   H      11
     16   O       7
     17   H       9
     18   H      11
   1247      18       2  -2.54834374E+01  ../Water/train2000_1680.xsf
      1   O      10
      2   H      12
      3   H      10
      4   O       8
      5   H       5
      6   H      10
      7   O      10
      8   H       9
      9   H      11
     10   O       5
     11   H       5
     12   H       7
     13   O      17
     14   H      14
     15   H      17
     16   O      11
     17   H      10
     18   H       9
   1248      18       2  -2.54837795E+01  ../Water/train2000_1681.xsf
      1   O      10
      2   H       4
      3   H      13
      4   O       7
      5   H       5
      6   H       7
      7   O       9
      8   H      10
      9   H      11
     10   O       5
     11   H       9
     12   H       6
     13   O      16
     14   H      17
     15   H      11
     16   O       7
     17   H       7
     18   H       8
   1249      18       2  -2.54830700E+01  ../Water/train2000_1682.xsf
      1   O      10
      2   H      14
      3   H      12
      4   O       8
      5   H       7
      6   H       6
      7   O      10
      8   H      12
      9   H       6
     10   O       6
     11   H       6
     12   H      10
     13   O      14
     14   H      15
     15   H      10
     16   O       7
     17   H       8
     18   H       7
   1250      18       2  -2.54833934E+01  ../Water/train2000_1683.xsf
      1   O      11
      2   H      13
      3   H      14
      4   O       7
      5   H       9
      6   H       5
      7   O      10
      8   H      12
      9   H       9
     10   O       6
     11   H       4
     12   H       7
     13   O      14
     14   H      13
     15   H      11
     16   O       9
     17   H       7
     18   H       9
   1251      18       2  -2.54840867E+01  ../Water/train2000_1684.xsf
      1   O      13
      2   H      12
      3   H      11
      4   O       9
      5   H      10
      6   H       4
      7   O       8
      8   H       6
      9   H      10
     10   O      10
     11   H       5
     12   H      11
     13   O      14
     14   H      13
     15   H      13
     16   O       8
     17   H       6
     18   H       9
   1252      18       2  -2.54847695E+01  ../Water/train2000_1685.xsf
      1   O      14
      2   H      11
      3   H      13
      4   O      10
      5   H      10
      6   H       6
      7   O       6
      8   H       6
      9   H       8
     10   O      10
     11   H       7
     12   H      10
     13   O      12
     14   H      12
     15   H       8
     16   O       8
     17   H       9
     18   H       6
   1253      18       2  -2.54840238E+01  ../Water/train2000_1686.xsf
      1   O      11
      2   H      14
      3   H      11
      4   O      10
      5   H       9
      6   H       6
      7   O       8
      8   H       5
      9   H       8
     10   O       8
     11   H       4
     12   H       9
     13   O      13
     14   H       9
     15   H      10
     16   O      11
     17   H       9
     18   H       7
   1254      18       2  -2.54841780E+01  ../Water/train2000_1687.xsf
      1   O      14
      2   H      15
      3   H      13
      4   O       9
      5   H       7
      6   H      10
      7   O       7
      8   H       6
      9   H       7
     10   O       6
     11   H       3
     12   H       9
     13   O      12
     14   H      11
     15   H      11
     16   O      11
     17   H       9
     18   H       6
   1255      18       2  -2.54841232E+01  ../Water/train2000_1688.xsf
      1   O      13
      2   H      11
      3   H      15
      4   O       7
      5   H       8
      6   H       6
      7   O       8
      8   H       8
      9   H       6
     10   O       5
     11   H       2
     12   H       7
     13   O       9
     14   H      10
     15   H       9
     16   O       8
     17   H       8
     18   H       6
   1256      18       2  -2.54840764E+01  ../Water/train2000_1689.xsf
      1   O      15
      2   H      13
      3   H      15
      4   O       8
      5   H       8
      6   H       3
      7   O       8
      8   H       8
      9   H       5
     10   O       7
     11   H      10
     12   H       8
     13   O      10
     14   H      11
     15   H       9
     16   O       6
     17   H       7
     18   H       7
   1257      18       2  -2.54845437E+01  ../Water/train2000_1690.xsf
      1   O      15
      2   H      11
      3   H      17
      4   O       8
      5   H       8
      6   H       7
      7   O       7
      8   H       8
      9   H       6
     10   O       7
     11   H       9
     12   H       6
     13   O      11
     14   H      10
     15   H       6
     16   O       6
     17   H       7
     18   H       5
   1258      18       2  -2.54834417E+01  ../Water/train2000_1691.xsf
      1   O      14
      2   H      10
      3   H      14
      4   O       7
      5   H       5
      6   H       7
      7   O       6
      8   H       7
      9   H       7
     10   O       6
     11   H       8
     12   H       5
     13   O      10
     14   H       8
     15   H       3
     16   O       6
     17   H       7
     18   H       2
   1259      18       2  -2.54840103E+01  ../Water/train2000_1692.xsf
      1   O      13
      2   H      13
      3   H      14
      4   O       8
      5   H       3
      6   H       8
      7   O       5
      8   H       4
      9   H       7
     10   O       6
     11   H       8
     12   H       6
     13   O      10
     14   H      11
     15   H       9
     16   O       6
     17   H       8
     18   H       3
   1260      18       2  -2.54838111E+01  ../Water/train2000_1693.xsf
      1   O      16
      2   H      13
      3   H      12
      4   O       6
      5   H       6
      6   H       8
      7   O       6
      8   H       2
      9   H       7
     10   O       8
     11   H       7
     12   H      10
     13   O      11
     14   H       7
     15   H      11
     16   O       7
     17   H       8
     18   H       7
   1261      18       2  -2.54839341E+01  ../Water/train2000_1694.xsf
      1   O      16
      2   H      13
      3   H      15
      4   O       8
      5   H       7
      6   H       6
      7   O       8
      8   H       6
      9   H       8
     10   O       9
     11   H       5
     12   H      10
     13   O      10
     14   H       4
     15   H      10
     16   O       9
     17   H       7
     18   H       9
   1262      18       2  -2.54836020E+01  ../Water/train2000_1695.xsf
      1   O      16
      2   H      14
      3   H      16
      4   O       7
      5   H       8
      6   H       5
      7   O       8
      8   H       9
      9   H       8
     10   O      11
     11   H       7
     12   H       9
     13   O      10
     14   H       8
     15   H      10
     16   O      10
     17   H       9
     18   H      11
   1263      18       2  -2.54842183E+01  ../Water/train2000_1696.xsf
      1   O      15
      2   H      12
      3   H      17
      4   O       8
      5   H       8
      6   H       7
      7   O       7
      8   H       8
      9   H       6
     10   O       9
     11   H       6
     12   H      10
     13   O      11
     14   H       9
     15   H       9
     16   O      10
     17   H       5
     18   H       9
   1264      18       2  -2.54841096E+01  ../Water/train2000_1697.xsf
      1   O      13
      2   H      15
      3   H      13
      4   O       7
      5   H       8
      6   H       3
      7   O       6
      8   H       8
      9   H       6
     10   O       8
     11   H       5
     12   H       9
     13   O      11
     14   H       9
     15   H       9
     16   O      10
     17   H       6
     18   H      10
   1265      18       2  -2.54832271E+01  ../Water/train2000_1698.xsf
      1   O      12
      2   H      11
      3   H      12
      4   O       6
      5   H       8
      6   H       7
      7   O       5
      8   H       5
      9   H       6
     10   O       7
     11   H       9
     12   H       8
     13   O      14
     14   H       6
     15   H      11
     16   O      10
     17   H       8
     18   H       7
   1266      18       2  -2.54841269E+01  ../Water/train2000_1699.xsf
      1   O      11
      2   H       8
      3   H      12
      4   O       7
      5   H       7
      6   H       8
      7   O       5
      8   H       3
      9   H       5
     10   O       7
     11   H       7
     12   H       8
     13   O      13
     14   H       6
     15   H      14
     16   O      10
     17   H       8
     18   H       9
   1267      18       2  -2.54837410E+01  ../Water/train2000_1700.xsf
      1   O      14
      2   H       9
      3   H      13
      4   O       7
      5   H       7
      6   H       8
      7   O       5
      8   H       5
      9   H       5
     10   O       7
     11   H       7
     12   H       8
     13   O      13
     14   H       8
     15   H      14
     16   O      10
     17   H      10
     18   H      10
   1268      18       2  -2.54844320E+01  ../Water/train2000_1701.xsf
      1   O      13
      2   H       9
      3   H      14
      4   O       8
      5   H       4
      6   H       9
      7   O       5
      8   H       4
      9   H       3
     10   O       8
     11   H      10
     12   H      10
     13   O      13
     14   H       9
     15   H      11
     16   O       8
     17   H      13
     18   H       7
   1269      18       2  -2.54846971E+01  ../Water/train2000_1702.xsf
      1   O      15
      2   H       8
      3   H      15
      4   O       7
      5   H       6
      6   H       8
      7   O       5
      8   H       4
      9   H       3
     10   O       9
     11   H      10
     12   H       9
     13   O      12
     14   H       9
     15   H      14
     16   O       9
     17   H      10
     18   H       9
   1270      18       2  -2.54836808E+01  ../Water/train2000_1703.xsf
      1   O      14
      2   H      12
      3   H      14
      4   O      10
      5   H      10
      6   H       8
      7   O       5
      8   H       5
      9   H       3
     10   O      10
     11   H      11
     12   H       7
     13   O      13
     14   H       8
     15   H      14
     16   O      13
     17   H      12
     18   H      11
   1271      18       2  -2.54844508E+01  ../Water/train2000_1704.xsf
      1   O      15
      2   H       9
      3   H      16
      4   O      10
      5   H      11
      6   H       9
      7   O       5
      8   H       5
      9   H       6
     10   O       6
     11   H       9
     12   H       8
     13   O      11
     14   H       7
     15   H      12
     16   O       9
     17   H      13
     18   H       9
   1272      18       2  -2.54831689E+01  ../Water/train2000_1705.xsf
      1   O      14
      2   H      10
      3   H      13
      4   O       9
      5   H      10
      6   H      11
      7   O       4
      8   H       3
      9   H       3
     10   O       7
     11   H       5
     12   H      10
     13   O      10
     14   H       7
     15   H      12
     16   O      11
     17   H      12
     18   H       9
   1273      18       2  -2.54839351E+01  ../Water/train2000_1706.xsf
      1   O      13
      2   H      11
      3   H      14
      4   O       9
      5   H      10
      6   H      10
      7   O       3
      8   H       3
      9   H       3
     10   O       9
     11   H       4
     12   H      10
     13   O      12
     14   H       9
     15   H      13
     16   O      12
     17   H      12
     18   H       9
   1274      18       2  -2.54841947E+01  ../Water/train2000_1707.xsf
      1   O      14
      2   H      10
      3   H      13
      4   O       9
      5   H      10
      6   H       8
      7   O       2
      8   H       5
      9   H       2
     10   O       9
     11   H      10
     12   H       8
     13   O      14
     14   H      10
     15   H      13
     16   O      13
     17   H      14
     18   H       6
   1275      18       2  -2.54837832E+01  ../Water/train2000_1708.xsf
      1   O      13
      2   H      10
      3   H       7
      4   O       9
      5   H      11
      6   H       6
      7   O       3
      8   H       2
      9   H       3
     10   O       9
     11   H       8
     12   H       8
     13   O      12
     14   H       7
     15   H      14
     16   O      11
     17   H      12
     18   H       7
   1276      18       2  -2.54841494E+01  ../Water/train2000_1709.xsf
      1   O      11
      2   H      13
      3   H       8
      4   O      10
      5   H      11
      6   H       5
      7   O       4
      8   H       3
      9   H       3
     10   O       9
     11   H       6
     12   H      10
     13   O      11
     14   H      11
     15   H      11
     16   O      10
     17   H      11
     18   H       9
   1277      18       2  -2.54839670E+01  ../Water/train2000_1710.xsf
      1   O      13
      2   H      14
      3   H      11
      4   O       6
      5   H       6
      6   H       5
      7   O       4
      8   H       4
      9   H       3
     10   O       9
     11   H       6
     12   H      10
     13   O       9
     14   H      10
     15   H       8
     16   O      11
     17   H       8
     18   H      13
   1278      18       2  -2.54848238E+01  ../Water/train2000_1711.xsf
      1   O      15
      2   H      15
      3   H      11
      4   O       7
      5   H       9
      6   H       6
      7   O       4
      8   H       3
      9   H       5
     10   O       8
     11   H       4
     12   H       8
     13   O       7
     14   H       9
     15   H       9
     16   O      12
     17   H      10
     18   H      12
   1279      18       2  -2.54848579E+01  ../Water/train2000_1712.xsf
      1   O      15
      2   H      15
      3   H      10
      4   O      10
      5   H       9
      6   H      10
      7   O       5
      8   H       3
      9   H       4
     10   O       9
     11   H       4
     12   H       9
     13   O       7
     14   H       6
     15   H      10
     16   O      12
     17   H      12
     18   H      10
   1280      18       2  -2.54842183E+01  ../Water/train2000_1713.xsf
      1   O      16
      2   H      14
      3   H      10
      4   O       9
      5   H      11
      6   H       8
      7   O       5
      8   H       6
      9   H       4
     10   O      11
     11   H       5
     12   H      12
     13   O       6
     14   H       5
     15   H      10
     16   O      12
     17   H      12
     18   H       8
   1281      18       2  -2.54840956E+01  ../Water/train2000_1714.xsf
      1   O      14
      2   H      14
      3   H       9
      4   O       9
      5   H      10
      6   H       4
      7   O       5
      8   H       4
      9   H       4
     10   O       9
     11   H       9
     12   H      10
     13   O       7
     14   H       7
     15   H       8
     16   O      11
     17   H       7
     18   H      13
   1282      18       2  -2.54837567E+01  ../Water/train2000_1715.xsf
      1   O      12
      2   H      14
      3   H      10
      4   O      10
      5   H      12
      6   H       8
      7   O       4
      8   H       3
      9   H       3
     10   O       9
     11   H      10
     12   H       5
     13   O       8
     14   H       7
     15   H       9
     16   O      12
     17   H      11
     18   H       9
   1283      18       2  -2.54844275E+01  ../Water/train2000_1716.xsf
      1   O      15
      2   H      13
      3   H       9
      4   O       9
      5   H       8
      6   H      10
      7   O       4
      8   H       8
      9   H       3
     10   O      10
     11   H       9
     12   H      10
     13   O       9
     14   H       5
     15   H       9
     16   O      12
     17   H      13
     18   H       8
   1284      18       2  -2.54837129E+01  ../Water/train2000_1717.xsf
      1   O      16
      2   H      15
      3   H      14
      4   O      10
      5   H       8
      6   H      11
      7   O       5
      8   H       6
      9   H       7
     10   O      10
     11   H      10
     12   H      11
     13   O       9
     14   H       7
     15   H      10
     16   O      14
     17   H      14
     18   H       7
   1285      18       2  -2.54838119E+01  ../Water/train2000_1718.xsf
      1   O      15
      2   H      14
      3   H      13
      4   O      11
      5   H       4
      6   H      12
      7   O       6
      8   H       6
      9   H       8
     10   O       9
     11   H      11
     12   H       7
     13   O      10
     14   H       7
     15   H      12
     16   O      11
     17   H      12
     18   H       8
   1286      18       2  -2.54832217E+01  ../Water/train2000_1719.xsf
      1   O      14
      2   H      16
      3   H      13
      4   O      11
      5   H      11
      6   H      12
      7   O       7
      8   H       8
      9   H       8
     10   O       9
     11   H      10
     12   H       8
     13   O      11
     14   H       9
     15   H      10
     16   O      10
     17   H      10
     18   H       5
   1287      18       2  -2.54847721E+01  ../Water/train2000_1720.xsf
      1   O      11
      2   H      11
      3   H      10
      4   O      10
      5   H       6
      6   H      12
      7   O       7
      8   H       3
      9   H       8
     10   O       8
     11   H      10
     12   H       9
     13   O       9
     14   H      12
     15   H       5
     16   O      10
     17   H       7
     18   H       6
   1288      18       2  -2.54839805E+01  ../Water/train2000_1721.xsf
      1   O      15
      2   H      11
      3   H      13
      4   O       9
      5   H       6
      6   H      10
      7   O       7
      8   H       7
      9   H       5
     10   O       9
     11   H      10
     12   H      10
     13   O      10
     14   H      11
     15   H       9
     16   O      12
     17   H      13
     18   H       7
   1289      18       2  -2.54834474E+01  ../Water/train2000_1722.xsf
      1   O      15
      2   H      15
      3   H      12
      4   O       9
      5   H       6
      6   H      11
      7   O       7
      8   H       7
      9   H       5
     10   O      10
     11   H      10
     12   H      10
     13   O       8
     14   H       9
     15   H      10
     16   O      14
     17   H      14
     18   H       6
   1290      18       2  -2.54834010E+01  ../Water/train2000_1723.xsf
      1   O      16
      2   H      14
      3   H      11
      4   O       9
      5   H       7
      6   H      11
      7   O       6
      8   H       8
      9   H       7
     10   O      10
     11   H      11
     12   H      10
     13   O      10
     14   H       6
     15   H       8
     16   O      13
     17   H      12
     18   H       9
   1291      18       2  -2.54837135E+01  ../Water/train2000_1724.xsf
      1   O      14
      2   H      12
      3   H      14
      4   O      10
      5   H       9
      6   H      12
      7   O       8
      8   H       8
      9   H       3
     10   O      10
     11   H       7
     12   H       8
     13   O       9
     14   H       9
     15   H      10
     16   O      13
     17   H      13
     18   H       7
   1292      18       2  -2.54841697E+01  ../Water/train2000_1725.xsf
      1   O      12
      2   H      12
      3   H      12
      4   O      10
      5   H       7
      6   H      11
      7   O       7
      8   H       9
      9   H       8
     10   O       9
     11   H       5
     12   H       8
     13   O       9
     14   H       6
     15   H       7
     16   O      11
     17   H       6
     18   H      11
   1293      18       2  -2.54840693E+01  ../Water/train2000_1726.xsf
      1   O      12
      2   H      12
      3   H       8
      4   O       9
      5   H       4
      6   H      12
      7   O       8
      8   H       6
      9   H       8
     10   O       8
     11   H       7
     12   H       9
     13   O       8
     14   H       7
     15   H       7
     16   O      12
     17   H       5
     18   H       8
   1294      18       2  -2.54837405E+01  ../Water/train2000_1727.xsf
      1   O      14
      2   H      15
      3   H      11
      4   O      10
      5   H       9
      6   H      11
      7   O       8
      8   H       5
      9   H       6
     10   O       9
     11   H       9
     12   H      10
     13   O       8
     14   H       4
     15   H      10
     16   O      13
     17   H       7
     18   H      13
   1295      18       2  -2.54841109E+01  ../Water/train2000_1728.xsf
      1   O      12
      2   H      14
      3   H      10
      4   O       6
      5   H      10
      6   H       9
      7   O       7
      8   H       6
      9   H       9
     10   O      10
     11   H       6
     12   H      11
     13   O       8
     14   H       5
     15   H       9
     16   O      12
     17   H       9
     18   H      11
   1296      18       2  -2.54832936E+01  ../Water/train2000_1729.xsf
      1   O      11
      2   H      12
      3   H       9
      4   O       6
      5   H       6
      6   H       8
      7   O       7
      8   H       7
      9   H       8
     10   O       8
     11   H       6
     12   H       9
     13   O       9
     14   H       7
     15   H       9
     16   O      13
     17   H       5
     18   H      12
   1297      18       2  -2.54845734E+01  ../Water/train2000_1730.xsf
      1   O      13
      2   H      14
      3   H      10
      4   O       9
      5   H       6
      6   H       8
      7   O       6
      8   H       4
      9   H       9
     10   O       9
     11   H       5
     12   H      11
     13   O      10
     14   H       5
     15   H      10
     16   O      12
     17   H      10
     18   H      13
   1298      18       2  -2.54833468E+01  ../Water/train2000_1731.xsf
      1   O      14
      2   H      13
      3   H       9
      4   O       8
      5   H       9
      6   H      10
      7   O       7
      8   H       4
      9   H       8
     10   O      10
     11   H       7
     12   H       9
     13   O       9
     14   H      11
     15   H       9
     16   O      13
     17   H      14
     18   H       8
   1299      18       2  -2.54835454E+01  ../Water/train2000_1732.xsf
      1   O      13
      2   H      11
      3   H       9
      4   O       8
      5   H      12
      6   H       8
      7   O       7
      8   H       6
      9   H       9
     10   O       8
     11   H      10
     12   H       8
     13   O       9
     14   H       9
     15   H       6
     16   O       9
     17   H      13
     18   H       7
   1300      18       2  -2.54840225E+01  ../Water/train2000_1733.xsf
      1   O      11
      2   H       9
      3   H       7
      4   O      10
      5   H      12
      6   H       9
      7   O       6
      8   H       4
      9   H       8
     10   O       8
     11   H       7
     12   H       8
     13   O       8
     14   H      13
     15   H      10
     16   O       8
     17   H      12
     18   H       8
   1301      18       2  -2.54848394E+01  ../Water/train2000_1734.xsf
      1   O      10
      2   H      14
      3   H       5
      4   O       9
      5   H       9
      6   H      11
      7   O       6
      8   H       5
      9   H       9
     10   O       7
     11   H       3
     12   H       7
     13   O      12
     14   H       8
     15   H       9
     16   O       7
     17   H       5
     18   H      10
   1302      18       2  -2.54847653E+01  ../Water/train2000_1735.xsf
      1   O      14
      2   H      16
      3   H       8
      4   O      12
      5   H      11
      6   H      10
      7   O       8
      8   H       4
      9   H       8
     10   O       7
     11   H       6
     12   H      10
     13   O      13
     14   H       8
     15   H      13
     16   O      11
     17   H       6
     18   H      11
   1303      18       2  -2.54843261E+01  ../Water/train2000_1736.xsf
      1   O      14
      2   H      17
      3   H      11
      4   O      14
      5   H      11
      6   H      14
      7   O       7
      8   H       7
      9   H      10
     10   O       7
     11   H       9
     12   H       8
     13   O      13
     14   H       7
     15   H      10
     16   O       9
     17   H      10
     18   H       8
   1304      18       2  -2.54844135E+01  ../Water/train2000_1737.xsf
      1   O      16
      2   H      16
      3   H      13
      4   O      13
      5   H      15
      6   H      11
      7   O       8
      8   H       9
      9   H       8
     10   O       7
     11   H       8
     12   H       7
     13   O      12
     14   H       4
     15   H      10
     16   O       9
     17   H       7
     18   H      11
   1305      18       2  -2.54835129E+01  ../Water/train2000_1738.xsf
      1   O      14
      2   H      16
      3   H       9
      4   O      13
      5   H      13
      6   H       6
      7   O       8
      8   H       7
      9   H      11
     10   O       6
     11   H      10
     12   H       5
     13   O      13
     14   H       6
     15   H      10
     16   O       7
     17   H      10
     18   H       8
   1306      18       2  -2.54843771E+01  ../Water/train2000_1739.xsf
      1   O      13
      2   H      15
      3   H       7
      4   O       8
      5   H      13
      6   H       8
      7   O       8
      8   H       8
      9   H      10
     10   O       5
     11   H       9
     12   H       2
     13   O      12
     14   H       4
     15   H      12
     16   O       8
     17   H       3
     18   H       9
   1307      18       2  -2.54844372E+01  ../Water/train2000_1740.xsf
      1   O      11
      2   H      12
      3   H      13
      4   O      15
      5   H      16
      6   H      14
      7   O      14
      8   H      14
      9   H       7
     10   O      11
     11   H      10
     12   H       6
     13   O      10
     14   H       7
     15   H       9
     16   O      10
     17   H       6
     18   H      13
   1308      18       2  -2.54834628E+01  ../Water/train2000_1741.xsf
      1   O      12
      2   H      12
      3   H       9
      4   O      12
      5   H       9
      6   H      17
      7   O      13
      8   H      12
      9   H       8
     10   O      10
     11   H      13
     12   H       6
     13   O      11
     14   H      10
     15   H      13
     16   O       9
     17   H       7
     18   H       9
   1309      18       2  -2.54844777E+01  ../Water/train2000_1742.xsf
      1   O      10
      2   H      11
      3   H       9
      4   O      13
      5   H      10
      6   H      16
      7   O      13
      8   H      13
      9   H       6
     10   O       9
     11   H       9
     12   H       6
     13   O      11
     14   H      11
     15   H      10
     16   O       9
     17   H      10
     18   H       8
   1310      18       2  -2.54831214E+01  ../Water/train2000_1743.xsf
      1   O      14
      2   H      13
      3   H       6
      4   O      15
      5   H      14
      6   H      14
      7   O      11
      8   H      12
      9   H       8
     10   O       7
     11   H       8
     12   H       7
     13   O       9
     14   H      14
     15   H      10
     16   O      10
     17   H      11
     18   H       7
   1311      18       2  -2.54845332E+01  ../Water/train2000_1744.xsf
      1   O      13
      2   H      11
      3   H      12
      4   O      16
      5   H      12
      6   H      16
      7   O      11
      8   H      12
      9   H       9
     10   O       9
     11   H      10
     12   H       4
     13   O      11
     14   H      14
     15   H       9
     16   O      10
     17   H      11
     18   H       8
   1312      18       2  -2.54841053E+01  ../Water/train2000_1745.xsf
      1   O      14
      2   H       7
      3   H      13
      4   O      12
      5   H       8
      6   H      17
      7   O       7
      8   H      10
      9   H       8
     10   O       8
     11   H       8
     12   H      10
     13   O      10
     14   H      10
     15   H      10
     16   O      10
     17   H       9
     18   H       9
   1313      18       2  -2.54834645E+01  ../Water/train2000_1746.xsf
      1   O      12
      2   H       9
      3   H      16
      4   O      12
      5   H       9
      6   H       8
      7   O       7
      8   H       9
      9   H       3
     10   O       8
     11   H       9
     12   H       9
     13   O       9
     14   H       8
     15   H      11
     16   O      10
     17   H      10
     18   H       9
   1314      18       2  -2.54835290E+01  ../Water/train2000_1747.xsf
      1   O      13
      2   H       9
      3   H      17
      4   O       9
      5   H       7
      6   H       8
      7   O       8
      8   H       8
      9   H       8
     10   O      10
     11   H       9
     12   H       6
     13   O       8
     14   H       9
     15   H       9
     16   O      10
     17   H      11
     18   H       7
   1315      18       2  -2.54840061E+01  ../Water/train2000_1748.xsf
      1   O      15
      2   H      11
      3   H      16
      4   O      11
      5   H       9
      6   H      13
      7   O       7
      8   H       5
      9   H       7
     10   O      10
     11   H       9
     12   H       8
     13   O      11
     14   H      11
     15   H      10
     16   O      11
     17   H      11
     18   H       9
   1316      18       2  -2.54841949E+01  ../Water/train2000_1749.xsf
      1   O      14
      2   H       7
      3   H      15
      4   O      11
      5   H       9
      6   H      13
      7   O       7
      8   H       5
      9   H       8
     10   O       9
     11   H       9
     12   H       9
     13   O       9
     14   H      10
     15   H       9
     16   O      11
     17   H      11
     18   H       4
   1317      18       2  -2.54842712E+01  ../Water/train2000_1750.xsf
      1   O      12
      2   H      14
      3   H      14
      4   O      12
      5   H      13
      6   H      11
      7   O       7
      8   H       7
      9   H       6
     10   O      11
     11   H       9
     12   H       7
     13   O      10
     14   H      10
     15   H      11
     16   O       8
     17   H       8
     18   H       6
   1318      18       2  -2.54840291E+01  ../Water/train2000_1751.xsf
      1   O      12
      2   H       8
      3   H      16
      4   O      13
      5   H       9
      6   H       9
      7   O       8
      8   H       8
      9   H       7
     10   O      10
     11   H      10
     12   H       8
     13   O      10
     14   H       9
     15   H      11
     16   O       7
     17   H       6
     18   H       9
   1319      18       2  -2.54842356E+01  ../Water/train2000_1752.xsf
      1   O      12
      2   H      13
      3   H      15
      4   O      12
      5   H       9
      6   H      11
      7   O       8
      8   H       8
      9   H       6
     10   O       8
     11   H       6
     12   H      10
     13   O       9
     14   H       4
     15   H      10
     16   O       8
     17   H       7
     18   H       8
   1320      18       2  -2.54845039E+01  ../Water/train2000_1753.xsf
      1   O      11
      2   H      12
      3   H      13
      4   O      11
      5   H       9
      6   H      12
      7   O       8
      8   H       7
      9   H       7
     10   O       9
     11   H       4
     12   H       8
     13   O       7
     14   H       6
     15   H      10
     16   O       8
     17   H       8
     18   H      10
   1321      18       2  -2.54845734E+01  ../Water/train2000_1754.xsf
      1   O      12
      2   H       8
      3   H      16
      4   O      13
      5   H      10
      6   H      11
      7   O       7
      8   H       8
      9   H       7
     10   O       9
     11   H       8
     12   H       9
     13   O      10
     14   H      11
     15   H       7
     16   O       9
     17   H       5
     18   H      10
   1322      18       2  -2.54850173E+01  ../Water/train2000_1755.xsf
      1   O      13
      2   H      11
      3   H      15
      4   O      12
      5   H      12
      6   H      11
      7   O       9
      8   H      10
      9   H       5
     10   O       8
     11   H       8
     12   H       5
     13   O      10
     14   H      10
     15   H       3
     16   O       9
     17   H       5
     18   H      10
   1323      18       2  -2.54841722E+01  ../Water/train2000_1756.xsf
      1   O      17
      2   H      14
      3   H      16
      4   O      14
      5   H      11
      6   H      12
      7   O       9
      8   H       8
      9   H      11
     10   O      10
     11   H       9
     12   H      10
     13   O       8
     14   H       7
     15   H       9
     16   O       8
     17   H       6
     18   H      11
   1324      18       2  -2.54839303E+01  ../Water/train2000_1757.xsf
      1   O      15
      2   H      16
      3   H      15
      4   O      13
      5   H      13
      6   H      12
      7   O      10
      8   H       4
      9   H       9
     10   O      10
     11   H      11
     12   H      10
     13   O       8
     14   H       5
     15   H      10
     16   O      10
     17   H       5
     18   H      10
   1325      18       2  -2.54840204E+01  ../Water/train2000_1758.xsf
      1   O      12
      2   H      11
      3   H      15
      4   O      12
      5   H      11
      6   H      11
      7   O      12
      8   H       8
      9   H      12
     10   O       9
     11   H       7
     12   H      11
     13   O       8
     14   H       8
     15   H       8
     16   O      11
     17   H       8
     18   H      14
   1326      18       2  -2.54840073E+01  ../Water/train2000_1759.xsf
      1   O      13
      2   H       9
      3   H      10
      4   O      10
      5   H      10
      6   H       9
      7   O       9
      8   H       9
      9   H      12
     10   O       8
     11   H       6
     12   H      10
     13   O       6
     14   H       6
     15   H       7
     16   O      10
     17   H       9
     18   H      13
   1327      18       2  -2.54848223E+01  ../Water/train2000_1760.xsf
      1   O      13
      2   H      14
      3   H       9
      4   O      11
      5   H       6
      6   H      14
      7   O       8
      8   H       8
      9   H      11
     10   O      11
     11   H       5
     12   H      12
     13   O       7
     14   H      11
     15   H       5
     16   O       9
     17   H       5
     18   H      11
   1328      18       2  -2.54840504E+01  ../Water/train2000_1761.xsf
      1   O      12
      2   H      11
      3   H      11
      4   O      10
      5   H      11
      6   H      11
      7   O      11
      8   H      12
      9   H       7
     10   O      11
     11   H       7
     12   H      15
     13   O       8
     14   H      11
     15   H       7
     16   O      12
     17   H       7
     18   H      14
   1329      18       2  -2.54836716E+01  ../Water/train2000_1762.xsf
      1   O      11
      2   H      12
      3   H       8
      4   O      10
      5   H      15
      6   H       7
      7   O      10
      8   H      10
      9   H      10
     10   O      10
     11   H       5
     12   H      15
     13   O      11
     14   H      11
     15   H       6
     16   O      14
     17   H       8
     18   H      13
   1330      18       2  -2.54848004E+01  ../Water/train2000_1763.xsf
      1   O      11
      2   H      11
      3   H       9
      4   O       8
      5   H       8
      6   H      11
      7   O       9
      8   H      10
      9   H      10
     10   O      10
     11   H       4
     12   H      10
     13   O      10
     14   H      11
     15   H       8
     16   O      13
     17   H       7
     18   H      16
   1331      18       2  -2.54849195E+01  ../Water/train2000_1764.xsf
      1   O      13
      2   H       9
      3   H      13
      4   O      10
      5   H      12
      6   H      12
      7   O       9
      8   H      11
      9   H      14
     10   O      13
     11   H       6
     12   H      15
     13   O      10
     14   H      12
     15   H       9
     16   O      12
     17   H       7
     18   H      13
   1332      18       2  -2.54842179E+01  ../Water/train2000_1765.xsf
      1   O      11
      2   H       7
      3   H      14
      4   O      12
      5   H      14
      6   H       7
      7   O       9
      8   H      11
      9   H       6
     10   O      12
     11   H      12
     12   H      14
     13   O       9
     14   H       9
     15   H      10
     16   O      12
     17   H       7
     18   H      12
   1333      18       2  -2.54842934E+01  ../Water/train2000_1766.xsf
      1   O      11
      2   H       9
      3   H      11
      4   O       9
      5   H       9
      6   H      12
      7   O      10
      8   H      11
      9   H       7
     10   O      10
     11   H      12
     12   H       6
     13   O      10
     14   H       8
     15   H       9
     16   O      12
     17   H      14
     18   H      10
   1334      18       2  -2.54853231E+01  ../Water/train2000_1767.xsf
      1   O      15
      2   H      17
      3   H      11
      4   O      11
      5   H      10
      6   H      12
      7   O      10
      8   H      11
      9   H       8
     10   O      11
     11   H      13
     12   H       7
     13   O      10
     14   H       8
     15   H      10
     16   O      15
     17   H      16
     18   H      11
   1335      18       2  -2.54836529E+01  ../Water/train2000_1768.xsf
      1   O      15
      2   H      14
      3   H      15
      4   O      13
      5   H      13
      6   H      10
      7   O       9
      8   H      11
      9   H       9
     10   O      13
     11   H      14
     12   H      12
     13   O       9
     14   H       8
     15   H       9
     16   O      16
     17   H      17
     18   H      13
   1336      18       2  -2.54842012E+01  ../Water/train2000_1769.xsf
      1   O      14
      2   H      14
      3   H      10
      4   O      11
      5   H      13
      6   H       6
      7   O       9
      8   H      10
      9   H       6
     10   O      11
     11   H       7
     12   H      11
     13   O       9
     14   H      11
     15   H       9
     16   O      15
     17   H      16
     18   H      12
   1337      18       2  -2.54845039E+01  ../Water/train2000_1770.xsf
      1   O      13
      2   H      12
      3   H      11
      4   O      14
      5   H      14
      6   H       6
      7   O       9
      8   H      12
      9   H       5
     10   O       9
     11   H      10
     12   H       8
     13   O      10
     14   H       7
     15   H      12
     16   O      10
     17   H      12
     18   H       8
   1338      18       2  -2.54838870E+01  ../Water/train2000_1771.xsf
      1   O      14
      2   H      15
      3   H      14
      4   O      11
      5   H      14
      6   H       7
      7   O       9
      8   H      11
      9   H       5
     10   O      11
     11   H      16
     12   H      11
     13   O      11
     14   H      10
     15   H      12
     16   O      12
     17   H       9
     18   H       6
   1339      18       2  -2.54840852E+01  ../Water/train2000_1772.xsf
      1   O      12
      2   H      14
      3   H      12
      4   O      12
      5   H      12
      6   H       9
      7   O      10
      8   H       8
      9   H       7
     10   O      13
     11   H       9
     12   H      16
     13   O      11
     14   H       5
     15   H      11
     16   O       8
     17   H      11
     18   H       6
   1340      18       2  -2.54842724E+01  ../Water/train2000_1773.xsf
      1   O      12
      2   H      12
      3   H       9
      4   O      12
      5   H      11
      6   H       8
      7   O       9
      8   H      12
      9   H       5
     10   O      13
     11   H      11
     12   H      16
     13   O      11
     14   H       6
     15   H      15
     16   O      10
     17   H      10
     18   H       8
   1341      18       2  -2.54843850E+01  ../Water/train2000_1774.xsf
      1   O      14
      2   H      13
      3   H      12
      4   O      11
      5   H       9
      6   H      14
      7   O       9
      8   H      11
      9   H       5
     10   O      14
     11   H      10
     12   H      10
     13   O      13
     14   H       9
     15   H      13
     16   O       9
     17   H      11
     18   H       5
   1342      18       2  -2.54848504E+01  ../Water/train2000_1775.xsf
      1   O      17
      2   H      16
      3   H      12
      4   O       9
      5   H       8
      6   H      12
      7   O      10
      8   H      11
      9   H       6
     10   O      12
     11   H      11
     12   H      10
     13   O      10
     14   H       8
     15   H      13
     16   O       9
     17   H      10
     18   H       6
   1343      18       2  -2.54843065E+01  ../Water/train2000_1776.xsf
      1   O      13
      2   H      15
      3   H      12
      4   O      11
      5   H       5
      6   H      13
      7   O       9
      8   H       9
      9   H       4
     10   O      13
     11   H      11
     12   H      14
     13   O      13
     14   H      13
     15   H      10
     16   O      11
     17   H      11
     18   H       5
   1344      18       2  -2.54847206E+01  ../Water/train2000_1777.xsf
      1   O      11
      2   H      14
      3   H       9
      4   O      10
      5   H       7
      6   H      11
      7   O       7
      8   H      10
      9   H       3
     10   O      10
     11   H       7
     12   H      12
     13   O      10
     14   H       8
     15   H      10
     16   O       7
     17   H      11
     18   H       3
   1345      18       2  -2.54841369E+01  ../Water/train2000_1778.xsf
      1   O      12
      2   H      15
      3   H      14
      4   O      10
      5   H       5
      6   H      12
      7   O       8
      8   H       8
      9   H       4
     10   O      10
     11   H      11
     12   H      13
     13   O      12
     14   H      14
     15   H      11
     16   O       9
     17   H       7
     18   H       9
   1346      18       2  -2.54843483E+01  ../Water/train2000_1779.xsf
      1   O      15
      2   H      17
      3   H      10
      4   O      10
      5   H       7
      6   H      11
      7   O       8
      8   H       9
      9   H       8
     10   O      10
     11   H      10
     12   H      12
     13   O      11
     14   H      12
     15   H      13
     16   O       9
     17   H      11
     18   H       7
   1347      18       2  -2.54840341E+01  ../Water/train2000_1780.xsf
      1   O      14
      2   H      15
      3   H      10
      4   O      11
      5   H       9
      6   H       9
      7   O       8
      8   H       8
      9   H      12
     10   O       9
     11   H       4
     12   H      11
     13   O       9
     14   H      14
     15   H       7
     16   O       8
     17   H      10
     18   H       6
   1348      18       2  -2.54840087E+01  ../Water/train2000_1781.xsf
      1   O      14
      2   H      17
      3   H       9
      4   O      12
      5   H       9
      6   H       9
      7   O      11
      8   H      11
      9   H      11
     10   O       9
     11   H      10
     12   H      12
     13   O      12
     14   H       9
     15   H      11
     16   O       7
     17   H      10
     18   H       9
   1349      18       2  -2.54845889E+01  ../Water/train2000_1782.xsf
      1   O      14
      2   H      17
      3   H      11
      4   O      12
      5   H       7
      6   H      11
      7   O      10
      8   H      11
      9   H       8
     10   O       9
     11   H      11
     12   H      10
     13   O      12
     14   H       9
     15   H      17
     16   O      10
     17   H       8
     18   H      11
   1350      18       2  -2.54835185E+01  ../Water/train2000_1783.xsf
      1   O      13
      2   H      17
      3   H       9
      4   O      13
      5   H      10
      6   H      15
      7   O      10
      8   H       7
      9   H      12
     10   O       9
     11   H       8
     12   H      11
     13   O      14
     14   H      11
     15   H      13
     16   O      11
     17   H      11
     18   H      10
   1351      18       2  -2.54838290E+01  ../Water/train2000_1784.xsf
      1   O      14
      2   H      13
      3   H       9
      4   O      12
      5   H      15
      6   H       7
      7   O       9
      8   H       7
      9   H      14
     10   O       9
     11   H       7
     12   H      11
     13   O      13
     14   H       8
     15   H      10
     16   O       8
     17   H       9
     18   H       9
   1352      18       2  -2.54837950E+01  ../Water/train2000_1785.xsf
      1   O      13
      2   H      15
      3   H      10
      4   O      13
      5   H      13
      6   H      11
      7   O      13
      8   H      11
      9   H      13
     10   O       9
     11   H       5
     12   H      10
     13   O      13
     14   H      12
     15   H      11
     16   O       7
     17   H       3
     18   H       8
   1353      18       2  -2.54842752E+01  ../Water/train2000_1786.xsf
      1   O      10
      2   H      14
      3   H       7
      4   O      12
      5   H      14
      6   H      10
      7   O      10
      8   H      12
      9   H      10
     10   O       7
     11   H       2
     12   H       8
     13   O      11
     14   H       7
     15   H       9
     16   O       7
     17   H       4
     18   H      10
   1354      18       2  -2.54845225E+01  ../Water/train2000_1787.xsf
      1   O      13
      2   H      15
      3   H      11
      4   O      10
      5   H       6
      6   H      13
      7   O      11
      8   H      10
      9   H      11
     10   O       5
     11   H       2
     12   H       6
     13   O       8
     14   H       9
     15   H      10
     16   O      11
     17   H       5
     18   H      10
   1355      18       2  -2.54838657E+01  ../Water/train2000_1788.xsf
      1   O      16
      2   H      16
      3   H      13
      4   O      10
      5   H       8
      6   H      11
      7   O      14
      8   H      14
      9   H      10
     10   O       5
     11   H       7
     12   H       8
     13   O       9
     14   H       7
     15   H      10
     16   O      11
     17   H       9
     18   H      12
   1356      18       2  -2.54841968E+01  ../Water/train2000_1789.xsf
      1   O      16
      2   H       9
      3   H      16
      4   O       9
      5   H       8
      6   H      10
      7   O      15
      8   H      14
      9   H       9
     10   O       8
     11   H       8
     12   H       7
     13   O       9
     14   H       7
     15   H       9
     16   O      10
     17   H      12
     18   H      12
   1357      18       2  -2.54849476E+01  ../Water/train2000_1790.xsf
      1   O      10
      2   H       6
      3   H      12
      4   O       9
      5   H      11
      6   H       8
      7   O      11
      8   H      11
      9   H      10
     10   O       5
     11   H       3
     12   H       9
     13   O       9
     14   H       6
     15   H      12
     16   O      11
     17   H       8
     18   H      11
   1358      18       2  -2.54848634E+01  ../Water/train2000_1791.xsf
      1   O       7
      2   H       8
      3   H      13
      4   O      10
      5   H      11
      6   H      12
      7   O       8
      8   H       9
      9   H      10
     10   O       8
     11   H       4
     12   H       6
     13   O      12
     14   H       6
     15   H      13
     16   O      11
     17   H       8
     18   H      10
   1359      18       2  -2.54837724E+01  ../Water/train2000_1792.xsf
      1   O      11
      2   H       8
      3   H      13
      4   O      15
      5   H       9
      6   H      15
      7   O      11
      8   H      10
      9   H      11
     10   O      13
     11   H      10
     12   H      14
     13   O      15
     14   H      12
     15   H      15
     16   O      10
     17   H       6
     18   H      10
   1360      18       2  -2.54850472E+01  ../Water/train2000_1793.xsf
      1   O      12
      2   H       9
      3   H      14
      4   O      14
      5   H      10
      6   H      15
      7   O      10
      8   H       9
      9   H      10
     10   O      11
     11   H      10
     12   H      10
     13   O      13
     14   H      15
     15   H      11
     16   O      11
     17   H       7
     18   H      11
   1361      18       2  -2.54850709E+01  ../Water/train2000_1794.xsf
      1   O      14
      2   H      10
      3   H      17
      4   O      12
      5   H       8
      6   H      12
      7   O      12
      8   H      11
      9   H      11
     10   O       8
     11   H       9
     12   H       9
     13   O      12
     14   H      12
     15   H      11
     16   O      10
     17   H       7
     18   H      13
   1362      18       2  -2.54854081E+01  ../Water/train2000_1795.xsf
      1   O      16
      2   H      11
      3   H      16
      4   O      11
      5   H       6
      6   H      13
      7   O      12
      8   H      11
      9   H      11
     10   O       8
     11   H       4
     12   H      10
     13   O      12
     14   H      13
     15   H      12
     16   O      10
     17   H       5
     18   H      11
   1363      18       2  -2.54844591E+01  ../Water/train2000_1796.xsf
      1   O      14
      2   H      13
      3   H      15
      4   O      10
      5   H       5
      6   H      10
      7   O      12
      8   H      13
      9   H      10
     10   O       8
     11   H       4
     12   H       9
     13   O      10
     14   H      12
     15   H       9
     16   O      11
     17   H       5
     18   H      12
   1364      18       2  -2.54845360E+01  ../Water/train2000_1797.xsf
      1   O      13
      2   H       9
      3   H      15
      4   O       8
      5   H       9
      6   H       8
      7   O      12
      8   H      11
      9   H      11
     10   O       6
     11   H       4
     12   H      10
     13   O      10
     14   H      10
     15   H      11
     16   O      10
     17   H       7
     18   H       8
   1365      18       2  -2.54843422E+01  ../Water/train2000_1798.xsf
      1   O      12
      2   H       9
      3   H      12
      4   O       7
      5   H       9
      6   H       4
      7   O      11
      8   H      11
      9   H      11
     10   O       8
     11   H       2
     12   H       8
     13   O      12
     14   H      12
     15   H      12
     16   O      10
     17   H       6
     18   H      14
   1366      18       2  -2.54846767E+01  ../Water/train2000_1799.xsf
      1   O      11
      2   H      10
      3   H      13
      4   O       8
      5   H       7
      6   H       7
      7   O      13
      8   H      11
      9   H      16
     10   O      10
     11   H       7
     12   H      11
     13   O      13
     14   H      10
     15   H      13
     16   O      12
     17   H       6
     18   H      12
   1367      18       2  -2.54842545E+01  ../Water/train2000_1800.xsf
      1   O      12
      2   H       8
      3   H      12
      4   O       9
      5   H      12
      6   H       5
      7   O       8
      8   H      12
      9   H       9
     10   O      10
     11   H       6
     12   H      14
     13   O       9
     14   H      12
     15   H       8
     16   O      11
     17   H       4
     18   H      13
   1368      18       2  -2.54844647E+01  ../Water/train2000_1801.xsf
      1   O      10
      2   H      11
      3   H       9
      4   O      12
      5   H      15
      6   H       9
      7   O      11
      8   H      10
      9   H      13
     10   O      11
     11   H       6
     12   H      13
     13   O      11
     14   H       9
     15   H      16
     16   O       7
     17   H       4
     18   H       9
   1369      18       2  -2.54848138E+01  ../Water/train2000_1802.xsf
      1   O       9
      2   H      12
      3   H       9
      4   O      14
      5   H      13
      6   H       7
      7   O       9
      8   H      12
      9   H      10
     10   O      11
     11   H       6
     12   H      13
     13   O      12
     14   H      16
     15   H       8
     16   O      10
     17   H       7
     18   H      12
   1370      18       2  -2.54846708E+01  ../Water/train2000_1803.xsf
      1   O      10
      2   H      11
      3   H       9
      4   O      14
      5   H      16
      6   H       8
      7   O      10
      8   H       9
      9   H      12
     10   O      10
     11   H       4
     12   H      10
     13   O      11
     14   H      13
     15   H      13
     16   O       7
     17   H       5
     18   H      10
   1371      18       2  -2.54842400E+01  ../Water/train2000_1804.xsf
      1   O      12
      2   H      13
      3   H      11
      4   O      12
      5   H      14
      6   H       8
      7   O       9
      8   H      10
      9   H      12
     10   O      10
     11   H       4
     12   H       7
     13   O      12
     14   H      13
     15   H      14
     16   O       7
     17   H      11
     18   H       9
   1372      18       2  -2.54848202E+01  ../Water/train2000_1805.xsf
      1   O      13
      2   H      13
      3   H       7
      4   O      13
      5   H      11
      6   H       5
      7   O       9
      8   H      11
      9   H       9
     10   O       9
     11   H       7
     12   H      13
     13   O      11
     14   H      13
     15   H      10
     16   O       8
     17   H       6
     18   H       8
   1373      18       2  -2.54839327E+01  ../Water/train2000_1806.xsf
      1   O      10
      2   H      14
      3   H      10
      4   O      11
      5   H      12
      6   H       6
      7   O      10
      8   H      11
      9   H       9
     10   O       8
     11   H       9
     12   H      10
     13   O       7
     14   H       6
     15   H       5
     16   O       7
     17   H       5
     18   H       8
   1374      18       2  -2.54834876E+01  ../Water/train2000_1807.xsf
      1   O      13
      2   H       8
      3   H      15
      4   O      11
      5   H      12
      6   H      13
      7   O      13
      8   H      15
      9   H      12
     10   O      10
     11   H       7
     12   H      11
     13   O       5
     14   H       9
     15   H       5
     16   O      10
     17   H       8
     18   H      11
   1375      18       2  -2.54841664E+01  ../Water/train2000_1808.xsf
      1   O      12
      2   H       6
      3   H      10
      4   O      11
      5   H      12
      6   H      12
      7   O      14
      8   H      15
      9   H       9
     10   O       8
     11   H       6
     12   H      12
     13   O       5
     14   H       4
     15   H       8
     16   O      11
     17   H      12
     18   H      11
   1376      18       2  -2.54834861E+01  ../Water/train2000_1809.xsf
      1   O      13
      2   H      10
      3   H      15
      4   O      12
      5   H       8
      6   H      13
      7   O      16
      8   H      16
      9   H      12
     10   O      11
     11   H       6
     12   H       8
     13   O       8
     14   H       5
     15   H       9
     16   O      11
     17   H      10
     18   H      13
   1377      18       2  -2.54837828E+01  ../Water/train2000_1810.xsf
      1   O      15
      2   H      12
      3   H      13
      4   O      10
      5   H       7
      6   H      12
      7   O      16
      8   H      14
      9   H      11
     10   O       8
     11   H       4
     12   H      12
     13   O      10
     14   H       7
     15   H      11
     16   O      12
     17   H      15
     18   H       9
   1378      18       2  -2.54845150E+01  ../Water/train2000_1811.xsf
      1   O      14
      2   H      15
      3   H      12
      4   O       9
      5   H       9
      6   H       7
      7   O      13
      8   H      11
      9   H      15
     10   O       9
     11   H       6
     12   H       9
     13   O      10
     14   H       4
     15   H      10
     16   O      11
     17   H      10
     18   H       6
   1379      18       2  -2.54831657E+01  ../Water/train2000_1812.xsf
      1   O      16
      2   H      16
      3   H      12
      4   O      11
      5   H      10
      6   H      10
      7   O      15
      8   H      14
      9   H      13
     10   O       9
     11   H       7
     12   H       8
     13   O      10
     14   H       9
     15   H      10
     16   O      11
     17   H      11
     18   H       4
   1380      18       2  -2.54843746E+01  ../Water/train2000_1813.xsf
      1   O      15
      2   H      12
      3   H      13
      4   O      11
      5   H       9
      6   H      15
      7   O      12
      8   H      16
      9   H      13
     10   O       7
     11   H       8
     12   H       9
     13   O      10
     14   H       6
     15   H      12
     16   O      12
     17   H      12
     18   H       6
   1381      18       2  -2.54843686E+01  ../Water/train2000_1814.xsf
      1   O      12
      2   H      13
      3   H      12
      4   O      10
      5   H      12
      6   H      11
      7   O      11
      8   H       7
      9   H      13
     10   O       6
     11   H       8
     12   H       4
     13   O      10
     14   H       4
     15   H      11
     16   O      12
     17   H      12
     18   H      10
   1382      18       2  -2.54840136E+01  ../Water/train2000_1815.xsf
      1   O      10
      2   H      14
      3   H      10
      4   O      10
      5   H       9
      6   H      13
      7   O      12
      8   H       7
      9   H      10
     10   O       8
     11   H       8
     12   H       5
     13   O      10
     14   H       6
     15   H      11
     16   O      11
     17   H      11
     18   H       9
   1383      18       2  -2.54850401E+01  ../Water/train2000_1816.xsf
      1   O      12
      2   H      10
      3   H      12
      4   O      10
      5   H      12
      6   H       9
      7   O      11
      8   H       6
      9   H      10
     10   O       7
     11   H       8
     12   H       6
     13   O      11
     14   H       6
     15   H      10
     16   O      12
     17   H       8
     18   H      14
   1384      18       2  -2.54841480E+01  ../Water/train2000_1817.xsf
      1   O      13
      2   H      12
      3   H      13
      4   O      11
      5   H       8
      6   H      14
      7   O      10
      8   H       6
      9   H      11
     10   O       8
     11   H       8
     12   H       7
     13   O      10
     14   H       4
     15   H       9
     16   O      10
     17   H       7
     18   H      13
   1385      18       2  -2.54842898E+01  ../Water/train2000_1818.xsf
      1   O      16
      2   H      13
      3   H      14
      4   O      13
      5   H       6
      6   H      11
      7   O      10
      8   H       8
      9   H      13
     10   O       7
     11   H       7
     12   H       5
     13   O      10
     14   H       7
     15   H      11
     16   O      11
     17   H      11
     18   H      11
   1386      18       2  -2.54837914E+01  ../Water/train2000_1819.xsf
      1   O      15
      2   H      15
      3   H      14
      4   O      13
      5   H       5
      6   H      13
      7   O      11
      8   H      10
      9   H      12
     10   O       6
     11   H       7
     12   H       7
     13   O      11
     14   H       7
     15   H      11
     16   O      10
     17   H       8
     18   H      13
   1387      18       2  -2.54848648E+01  ../Water/train2000_1820.xsf
      1   O      14
      2   H      16
      3   H      12
      4   O      13
      5   H      10
      6   H      13
      7   O      11
      8   H       6
      9   H      12
     10   O       8
     11   H       8
     12   H       8
     13   O      10
     14   H       9
     15   H      11
     16   O      10
     17   H       8
     18   H       9
   1388      18       2  -2.54845411E+01  ../Water/train2000_1821.xsf
      1   O      13
      2   H      16
      3   H      13
      4   O      13
      5   H      11
      6   H      10
      7   O      10
      8   H       5
      9   H      11
     10   O       9
     11   H       7
     12   H       4
     13   O      11
     14   H      13
     15   H       8
     16   O      11
     17   H      11
     18   H       8
   1389      18       2  -2.54845617E+01  ../Water/train2000_1822.xsf
      1   O      13
      2   H      16
      3   H      16
      4   O      13
      5   H      10
      6   H      14
      7   O       9
      8   H       7
      9   H      12
     10   O       9
     11   H      11
     12   H       8
     13   O      11
     14   H      10
     15   H       7
     16   O      12
     17   H      13
     18   H       5
   1390      18       2  -2.54843657E+01  ../Water/train2000_1823.xsf
      1   O      15
      2   H      16
      3   H      12
      4   O      13
      5   H      13
      6   H      13
      7   O      10
      8   H      12
      9   H       9
     10   O       9
     11   H      10
     12   H       7
     13   O      11
     14   H      13
     15   H       5
     16   O      12
     17   H      12
     18   H       8
   1391      18       2  -2.54840287E+01  ../Water/train2000_1824.xsf
      1   O      15
      2   H      13
      3   H      16
      4   O      12
      5   H      13
      6   H      12
      7   O      11
      8   H      12
      9   H       8
     10   O      11
     11   H      11
     12   H       8
     13   O      10
     14   H      10
     15   H       7
     16   O      13
     17   H      16
     18   H      10
   1392      18       2  -2.54839587E+01  ../Water/train2000_1825.xsf
      1   O      13
      2   H       6
      3   H      16
      4   O       9
      5   H      10
      6   H      13
      7   O       9
      8   H       9
      9   H       8
     10   O      11
     11   H      12
     12   H       6
     13   O      11
     14   H      14
     15   H       6
     16   O      11
     17   H      12
     18   H      10
   1393      18       2  -2.54849597E+01  ../Water/train2000_1826.xsf
      1   O      13
      2   H       4
      3   H       9
      4   O      10
      5   H       6
      6   H      14
      7   O       8
      8   H       9
      9   H      10
     10   O       8
     11   H      10
     12   H       9
     13   O      12
     14   H      13
     15   H       7
     16   O       9
     17   H       7
     18   H      12
   1394      18       2  -2.54837892E+01  ../Water/train2000_1827.xsf
      1   O      13
      2   H       7
      3   H      15
      4   O      12
      5   H      15
      6   H      11
      7   O      10
      8   H      11
      9   H      10
     10   O      10
     11   H      10
     12   H       9
     13   O      13
     14   H      15
     15   H       7
     16   O      11
     17   H      13
     18   H      12
   1395      18       2  -2.54840054E+01  ../Water/train2000_1828.xsf
      1   O      12
      2   H       9
      3   H      16
      4   O       9
      5   H       9
      6   H      13
      7   O      10
      8   H       8
      9   H       9
     10   O      10
     11   H      10
     12   H       6
     13   O      11
     14   H      12
     15   H       6
     16   O      10
     17   H      14
     18   H      10
   1396      18       2  -2.54853405E+01  ../Water/train2000_1829.xsf
      1   O      14
      2   H      12
      3   H      15
      4   O      11
      5   H      13
      6   H      10
      7   O      11
      8   H       6
      9   H      11
     10   O      12
     11   H       9
     12   H       5
     13   O      13
     14   H      16
     15   H      11
     16   O       8
     17   H      11
     18   H      10
   1397      18       2  -2.54843602E+01  ../Water/train2000_1830.xsf
      1   O      13
      2   H      16
      3   H       8
      4   O       9
      5   H       8
      6   H      11
      7   O       8
      8   H      10
      9   H       5
     10   O      12
     11   H      13
     12   H       7
     13   O      12
     14   H       7
     15   H      16
     16   O      11
     17   H      10
     18   H      10
   1398      18       2  -2.54849192E+01  ../Water/train2000_1831.xsf
      1   O       9
      2   H      10
      3   H      14
      4   O       9
      5   H      10
      6   H       7
      7   O       8
      8   H      10
      9   H       5
     10   O       9
     11   H       7
     12   H       4
     13   O      12
     14   H       3
     15   H      14
     16   O      11
     17   H      13
     18   H       9
   1399      18       2  -2.54847149E+01  ../Water/train2000_1832.xsf
      1   O      12
      2   H       6
      3   H      12
      4   O      14
      5   H      11
      6   H      13
      7   O      11
      8   H      11
      9   H       6
     10   O       8
     11   H       8
     12   H       5
     13   O      11
     14   H      12
     15   H      11
     16   O      11
     17   H      11
     18   H      15
   1400      18       2  -2.54845001E+01  ../Water/train2000_1833.xsf
      1   O       8
      2   H       3
      3   H       9
      4   O      13
      5   H      10
      6   H      13
      7   O       9
      8   H      10
      9   H       4
     10   O       8
     11   H       8
     12   H       8
     13   O       8
     14   H      10
     15   H       8
     16   O      10
     17   H      13
     18   H      10
   1401      18       2  -2.54843589E+01  ../Water/train2000_1834.xsf
      1   O       8
      2   H       5
      3   H      12
      4   O      13
      5   H       7
      6   H      14
      7   O      11
      8   H      11
      9   H       5
     10   O       7
     11   H       8
     12   H       4
     13   O       9
     14   H       9
     15   H       9
     16   O      11
     17   H      10
     18   H       9
   1402      18       2  -2.54848061E+01  ../Water/train2000_1835.xsf
      1   O      13
      2   H       9
      3   H      13
      4   O      16
      5   H       9
      6   H      16
      7   O      10
      8   H      11
      9   H       5
     10   O       6
     11   H       9
     12   H       6
     13   O      11
     14   H      12
     15   H      13
     16   O      13
     17   H      11
     18   H      11
   1403      18       2  -2.54841259E+01  ../Water/train2000_1836.xsf
      1   O      12
      2   H      15
      3   H       7
      4   O      16
      5   H      10
      6   H      15
      7   O      10
      8   H      11
      9   H       6
     10   O       8
     11   H       8
     12   H       9
     13   O      12
     14   H      13
     15   H      10
     16   O      12
     17   H       8
     18   H      14
   1404      18       2  -2.54845709E+01  ../Water/train2000_1837.xsf
      1   O      14
      2   H      10
      3   H       5
      4   O      15
      5   H      13
      6   H      14
      7   O       9
      8   H      10
      9   H       5
     10   O       8
     11   H       8
     12   H       8
     13   O      12
     14   H      13
     15   H       8
     16   O      11
     17   H      12
     18   H      13
   1405      18       2  -2.54842336E+01  ../Water/train2000_1838.xsf
      1   O      12
      2   H      11
      3   H      15
      4   O      12
      5   H       9
      6   H      15
      7   O       9
      8   H      11
      9   H       4
     10   O       9
     11   H      10
     12   H       5
     13   O      12
     14   H      11
     15   H      11
     16   O      11
     17   H       8
     18   H      11
   1406      18       2  -2.54838503E+01  ../Water/train2000_1839.xsf
      1   O      16
      2   H      14
      3   H       8
      4   O      12
      5   H      12
      6   H      16
      7   O       9
      8   H       9
      9   H       6
     10   O      10
     11   H      11
     12   H       5
     13   O      11
     14   H      10
     15   H      13
     16   O      11
     17   H      10
     18   H      13
   1407      18       2  -2.54836593E+01  ../Water/train2000_1840.xsf
      1   O      14
      2   H      16
      3   H      10
      4   O      14
      5   H      11
      6   H      11
      7   O      10
      8   H      12
      9   H       7
     10   O       9
     11   H      11
     12   H       7
     13   O      10
     14   H       9
     15   H      12
     16   O      13
     17   H       6
     18   H      12
   1408      18       2  -2.54852632E+01  ../Water/train2000_1841.xsf
      1   O      13
      2   H      11
      3   H      11
      4   O      11
      5   H      13
      6   H      11
      7   O      10
      8   H       9
      9   H      11
     10   O      10
     11   H      11
     12   H       6
     13   O      11
     14   H      11
     15   H       9
     16   O      12
     17   H       8
     18   H      12
   1409      18       2  -2.54848940E+01  ../Water/train2000_1842.xsf
      1   O      11
      2   H       9
      3   H      12
      4   O      10
      5   H      14
      6   H       7
      7   O       9
      8   H       3
      9   H      10
     10   O       9
     11   H      10
     12   H      10
     13   O      11
     14   H      10
     15   H       9
     16   O      14
     17   H       6
     18   H      16
   1410      18       2  -2.54847759E+01  ../Water/train2000_1843.xsf
      1   O      12
      2   H       6
      3   H      13
      4   O      14
      5   H      15
      6   H       8
      7   O       7
      8   H       4
      9   H       9
     10   O      10
     11   H      10
     12   H      11
     13   O      10
     14   H      12
     15   H       8
     16   O      13
     17   H      12
     18   H      12
   1411      18       2  -2.54836790E+01  ../Water/train2000_1844.xsf
      1   O      12
      2   H       4
      3   H      12
      4   O      12
      5   H      17
      6   H      13
      7   O       7
      8   H       9
      9   H       6
     10   O       9
     11   H       6
     12   H       8
     13   O       9
     14   H       9
     15   H      11
     16   O      12
     17   H       9
     18   H       7
   1412      18       2  -2.54840170E+01  ../Water/train2000_1845.xsf
      1   O      13
      2   H       8
      3   H      13
      4   O      15
      5   H      12
      6   H      16
      7   O       9
      8   H       5
      9   H       8
     10   O       9
     11   H       6
     12   H      10
     13   O       9
     14   H      12
     15   H       7
     16   O      12
     17   H      11
     18   H      11
   1413      18       2  -2.54841050E+01  ../Water/train2000_1846.xsf
      1   O      13
      2   H      10
      3   H      13
      4   O      13
      5   H      17
      6   H      12
      7   O      10
      8   H       9
      9   H      10
     10   O       8
     11   H       7
     12   H       8
     13   O      12
     14   H      11
     15   H       9
     16   O      12
     17   H      14
     18   H       8
   1414      18       2  -2.54842853E+01  ../Water/train2000_1847.xsf
      1   O      12
      2   H      13
      3   H      11
      4   O      13
      5   H      14
      6   H       7
      7   O      10
      8   H      12
      9   H       9
     10   O       7
     11   H       9
     12   H       5
     13   O      11
     14   H       9
     15   H      10
     16   O      15
     17   H      13
     18   H       6
   1415      18       2  -2.54840097E+01  ../Water/train2000_1848.xsf
      1   O      15
      2   H      16
      3   H       7
      4   O      11
      5   H      13
      6   H       7
      7   O      11
      8   H      12
      9   H      13
     10   O       7
     11   H       8
     12   H       7
     13   O      10
     14   H      11
     15   H       8
     16   O      12
     17   H      11
     18   H       9
   1416      18       2  -2.54837075E+01  ../Water/train2000_1849.xsf
      1   O      14
      2   H      16
      3   H      10
      4   O      13
      5   H      10
      6   H      13
      7   O      11
      8   H       9
      9   H      11
     10   O       8
     11   H       8
     12   H       9
     13   O      10
     14   H      11
     15   H       4
     16   O      12
     17   H       8
     18   H      15
   1417      18       2  -2.54838206E+01  ../Water/train2000_1850.xsf
      1   O      16
      2   H      16
      3   H      10
      4   O      12
      5   H       5
      6   H      13
      7   O      11
      8   H      10
      9   H      12
     10   O       6
     11   H       8
     12   H       8
     13   O      10
     14   H      12
     15   H       8
     16   O      13
     17   H      10
     18   H      12
   1418      18       2  -2.54838803E+01  ../Water/train2000_1851.xsf
      1   O      15
      2   H      15
      3   H      11
      4   O      10
      5   H       5
      6   H      13
      7   O      12
      8   H      10
      9   H      14
     10   O       7
     11   H       3
     12   H       8
     13   O       9
     14   H      10
     15   H       9
     16   O      11
     17   H      12
     18   H      10
   1419      18       2  -2.54835710E+01  ../Water/train2000_1852.xsf
      1   O      15
      2   H      11
      3   H      12
      4   O      12
      5   H       7
      6   H      11
      7   O      10
      8   H      14
      9   H       9
     10   O       7
     11   H       6
     12   H       9
     13   O       6
     14   H       9
     15   H       9
     16   O      10
     17   H      11
     18   H      14
   1420      18       2  -2.54839556E+01  ../Water/train2000_1853.xsf
      1   O      15
      2   H       9
      3   H      15
      4   O      11
      5   H      12
      6   H      10
      7   O      10
      8   H      11
      9   H      13
     10   O       6
     11   H       5
     12   H       7
     13   O       6
     14   H       8
     15   H       9
     16   O      12
     17   H      14
     18   H       7
   1421      18       2  -2.54841425E+01  ../Water/train2000_1854.xsf
      1   O      15
      2   H      12
      3   H       9
      4   O      12
      5   H       9
      6   H      13
      7   O      10
      8   H      13
      9   H      11
     10   O       6
     11   H       8
     12   H       7
     13   O       6
     14   H      10
     15   H       4
     16   O      11
     17   H      13
     18   H       9
   1422      18       2  -2.54846700E+01  ../Water/train2000_1855.xsf
      1   O      15
      2   H      10
      3   H      14
      4   O      12
      5   H      10
      6   H      12
      7   O      11
      8   H      12
      9   H      11
     10   O       7
     11   H       9
     12   H       6
     13   O       6
     14   H       9
     15   H       3
     16   O      13
     17   H      12
     18   H      12
   1423      18       2  -2.54837566E+01  ../Water/train2000_1856.xsf
      1   O      15
      2   H      14
      3   H      14
      4   O      13
      5   H       9
      6   H      13
      7   O      11
      8   H      12
      9   H      11
     10   O       8
     11   H       9
     12   H       4
     13   O       9
     14   H      11
     15   H       7
     16   O      14
     17   H      15
     18   H      11
   1424      18       2  -2.54842827E+01  ../Water/train2000_1857.xsf
      1   O      12
      2   H       9
      3   H      11
      4   O      12
      5   H      13
      6   H       9
      7   O      10
      8   H      12
      9   H       8
     10   O       8
     11   H       9
     12   H       5
     13   O       7
     14   H       9
     15   H       6
     16   O      13
     17   H      15
     18   H      10
   1425      18       2  -2.54848125E+01  ../Water/train2000_1858.xsf
      1   O      13
      2   H       9
      3   H      14
      4   O       9
      5   H       8
      6   H      13
      7   O      13
      8   H      11
      9   H       4
     10   O       9
     11   H      10
     12   H       4
     13   O      10
     14   H      10
     15   H       5
     16   O      11
     17   H      14
     18   H      11
   1426      18       2  -2.54847957E+01  ../Water/train2000_1859.xsf
      1   O      15
      2   H       9
      3   H      15
      4   O      10
      5   H      11
      6   H      13
      7   O      14
      8   H      13
      9   H       9
     10   O       9
     11   H      10
     12   H       5
     13   O      10
     14   H      11
     15   H       8
     16   O      12
     17   H      16
     18   H       8
   1427      18       2  -2.54842687E+01  ../Water/train2000_1860.xsf
      1   O      14
      2   H       7
      3   H      12
      4   O      10
      5   H      11
      6   H      13
      7   O      11
      8   H      12
      9   H       5
     10   O       7
     11   H       9
     12   H       6
     13   O      10
     14   H       6
     15   H      10
     16   O      13
     17   H      15
     18   H       9
   1428      18       2  -2.54839788E+01  ../Water/train2000_1861.xsf
      1   O      15
      2   H      13
      3   H      14
      4   O      13
      5   H      13
      6   H      12
      7   O      12
      8   H      14
      9   H       4
     10   O       7
     11   H       8
     12   H       9
     13   O       9
     14   H       8
     15   H       9
     16   O      13
     17   H      14
     18   H       9
   1429      18       2  -2.54847202E+01  ../Water/train2000_1862.xsf
      1   O      15
      2   H      17
      3   H      10
      4   O      13
      5   H      12
      6   H      11
      7   O      12
      8   H      12
      9   H       9
     10   O       7
     11   H       8
     12   H       9
     13   O      11
     14   H       6
     15   H      11
     16   O      11
     17   H      13
     18   H      11
   1430      18       2  -2.54845335E+01  ../Water/train2000_1863.xsf
      1   O      14
      2   H       7
      3   H      15
      4   O      13
      5   H      13
      6   H      10
      7   O      13
      8   H      14
      9   H       9
     10   O       7
     11   H       8
     12   H       6
     13   O       9
     14   H       8
     15   H       8
     16   O      10
     17   H       9
     18   H       9
   1431      18       2  -2.54841064E+01  ../Water/train2000_1864.xsf
      1   O      12
      2   H      11
      3   H      12
      4   O      12
      5   H      14
      6   H      11
      7   O      13
      8   H      13
      9   H       7
     10   O       8
     11   H       8
     12   H       6
     13   O      10
     14   H       8
     15   H      12
     16   O      11
     17   H       9
     18   H      13
   1432      18       2  -2.54845165E+01  ../Water/train2000_1865.xsf
      1   O      13
      2   H       9
      3   H      16
      4   O      12
      5   H      14
      6   H       6
      7   O      11
      8   H      13
      9   H       8
     10   O       7
     11   H       8
     12   H      11
     13   O      11
     14   H       7
     15   H      13
     16   O      12
     17   H      13
     18   H      10
   1433      18       2  -2.54841431E+01  ../Water/train2000_1866.xsf
      1   O      15
      2   H      10
      3   H      15
      4   O      11
      5   H       9
      6   H       7
      7   O      10
      8   H      12
      9   H       7
     10   O      10
     11   H      10
     12   H       9
     13   O      12
     14   H       9
     15   H      14
     16   O      12
     17   H      16
     18   H       8
   1434      18       2  -2.54842550E+01  ../Water/train2000_1867.xsf
      1   O      15
      2   H       9
      3   H      13
      4   O      10
      5   H      10
      6   H       6
      7   O      10
      8   H       9
      9   H      11
     10   O       9
     11   H      10
     12   H       5
     13   O      12
     14   H       8
     15   H      15
     16   O      13
     17   H      12
     18   H       7
   1435      18       2  -2.54849432E+01  ../Water/train2000_1868.xsf
      1   O      15
      2   H      12
      3   H      16
      4   O      10
      5   H      10
      6   H       7
      7   O      10
      8   H      10
      9   H       9
     10   O      11
     11   H      12
     12   H       8
     13   O      14
     14   H      13
     15   H       9
     16   O      12
     17   H      17
     18   H       7
   1436      18       2  -2.54843911E+01  ../Water/train2000_1869.xsf
      1   O      15
      2   H      13
      3   H      13
      4   O      11
      5   H      10
      6   H       8
      7   O       9
      8   H       9
      9   H      10
     10   O       8
     11   H      11
     12   H       6
     13   O      13
     14   H      12
     15   H       9
     16   O      11
     17   H      14
     18   H       8
   1437      18       2  -2.54845511E+01  ../Water/train2000_1870.xsf
      1   O      16
      2   H      16
      3   H      16
      4   O      10
      5   H      11
      6   H      10
      7   O       8
      8   H      10
      9   H       7
     10   O      10
     11   H      12
     12   H       8
     13   O      12
     14   H      11
     15   H       9
     16   O      11
     17   H      14
     18   H       5
   1438      18       2  -2.54842157E+01  ../Water/train2000_1871.xsf
      1   O      17
      2   H      16
      3   H      16
      4   O      10
      5   H      12
      6   H       7
      7   O       9
      8   H      11
      9   H       5
     10   O      10
     11   H      10
     12   H       6
     13   O      13
     14   H      12
     15   H      15
     16   O      12
     17   H      11
     18   H      10
   1439      18       2  -2.54851907E+01  ../Water/train2000_1872.xsf
      1   O      14
      2   H      10
      3   H      12
      4   O       9
      5   H       9
      6   H       4
      7   O       7
      8   H       8
      9   H       4
     10   O       8
     11   H      12
     12   H       4
     13   O      10
     14   H      12
     15   H      12
     16   O      10
     17   H      10
     18   H       5
   1440      18       2  -2.54845320E+01  ../Water/train2000_1873.xsf
      1   O       9
      2   H       8
      3   H      15
      4   O      11
      5   H      10
      6   H      10
      7   O       7
      8   H      10
      9   H       3
     10   O      11
     11   H      13
     12   H       6
     13   O      10
     14   H       7
     15   H      11
     16   O       8
     17   H      10
     18   H       5
   1441      18       2  -2.54848620E+01  ../Water/train2000_1874.xsf
      1   O       9
      2   H       8
      3   H      15
      4   O      11
      5   H       7
      6   H      13
      7   O       6
      8   H       8
      9   H       4
     10   O      11
     11   H      12
     12   H       6
     13   O      13
     14   H      12
     15   H      11
     16   O       9
     17   H      10
     18   H       7
   1442      18       2  -2.54843730E+01  ../Water/train2000_1875.xsf
      1   O      16
      2   H       9
      3   H      14
      4   O      10
      5   H       7
      6   H      11
      7   O       7
      8   H      11
      9   H       4
     10   O      12
     11   H      10
     12   H       4
     13   O       9
     14   H       9
     15   H      13
     16   O       9
     17   H       9
     18   H       6
   1443      18       2  -2.54845855E+01  ../Water/train2000_1876.xsf
      1   O      15
      2   H      14
      3   H      16
      4   O       9
      5   H       4
      6   H      10
      7   O       9
      8   H      11
      9   H       5
     10   O      13
     11   H      12
     12   H       7
     13   O      12
     14   H      10
     15   H      12
     16   O       9
     17   H      12
     18   H       6
   1444      18       2  -2.54850552E+01  ../Water/train2000_1877.xsf
      1   O      15
      2   H      11
      3   H      16
      4   O      10
      5   H       5
      6   H      12
      7   O       8
      8   H       9
      9   H       9
     10   O      14
     11   H      12
     12   H      13
     13   O      11
     14   H      11
     15   H      13
     16   O      12
     17   H      12
     18   H       5
   1445      18       2  -2.54841424E+01  ../Water/train2000_1878.xsf
      1   O      13
      2   H      16
      3   H       7
      4   O      10
      5   H       4
      6   H      10
      7   O       8
      8   H       8
      9   H       8
     10   O      13
     11   H      10
     12   H      10
     13   O       8
     14   H      12
     15   H       9
     16   O      10
     17   H      12
     18   H       6
   1446      18       2  -2.54844837E+01  ../Water/train2000_1879.xsf
      1   O      11
      2   H      14
      3   H       9
      4   O       9
      5   H       6
      6   H      10
      7   O       9
      8   H       8
      9   H       7
     10   O       9
     11   H      15
     12   H       8
     13   O       9
     14   H       8
     15   H       8
     16   O       9
     17   H      10
     18   H       5
   1447      18       2  -2.54847117E+01  ../Water/train2000_1880.xsf
      1   O      12
      2   H      14
      3   H      13
      4   O      10
      5   H       5
      6   H      13
      7   O       7
      8   H       6
      9   H       6
     10   O       7
     11   H       7
     12   H      13
     13   O      10
     14   H       6
     15   H       9
     16   O      10
     17   H      10
     18   H       8
   1448      18       2  -2.54855879E+01  ../Water/train2000_1881.xsf
      1   O      12
      2   H      16
      3   H      13
      4   O      10
      5   H       4
      6   H      11
      7   O       9
      8   H       5
      9   H       9
     10   O       8
     11   H      10
     12   H       9
     13   O      12
     14   H       6
     15   H      15
     16   O      10
     17   H      10
     18   H       9
   1449      18       2  -2.54839170E+01  ../Water/train2000_1882.xsf
      1   O      15
      2   H      16
      3   H      14
      4   O      13
      5   H       9
      6   H      14
      7   O       9
      8   H       7
      9   H      10
     10   O      13
     11   H      13
     12   H      10
     13   O      12
     14   H       8
     15   H      14
     16   O       9
     17   H      11
     18   H       9
   1450      18       2  -2.54844794E+01  ../Water/train2000_1883.xsf
      1   O      13
      2   H       9
      3   H      17
      4   O      13
      5   H       9
      6   H       9
      7   O       8
      8   H       5
      9   H       7
     10   O      11
     11   H      11
     12   H      10
     13   O      10
     14   H      10
     15   H      10
     16   O      10
     17   H      12
     18   H       8
   1451      18       2  -2.54845070E+01  ../Water/train2000_1884.xsf
      1   O      13
      2   H      17
      3   H      14
      4   O      13
      5   H       8
      6   H      12
      7   O       8
      8   H       7
      9   H       8
     10   O      11
     11   H      11
     12   H      11
     13   O      12
     14   H       5
     15   H      12
     16   O      10
     17   H      11
     18   H       9
   1452      18       2  -2.54840396E+01  ../Water/train2000_1885.xsf
      1   O      15
      2   H      16
      3   H      13
      4   O      13
      5   H       5
      6   H      13
      7   O       7
      8   H       7
      9   H       9
     10   O      13
     11   H      12
     12   H      10
     13   O      13
     14   H      11
     15   H       8
     16   O       8
     17   H      10
     18   H       5
   1453      18       2  -2.54850358E+01  ../Water/train2000_1886.xsf
      1   O      15
      2   H      16
      3   H      10
      4   O      12
      5   H       5
      6   H      11
      7   O       7
      8   H       8
      9   H       6
     10   O      10
     11   H      13
     12   H       9
     13   O      11
     14   H      12
     15   H       8
     16   O       8
     17   H      10
     18   H       3
   1454      18       2  -2.54823253E+01  ../Water/train2000_944.xsf
      1   O       7
      2   H       9
      3   H       5
      4   O       9
      5   H      11
      6   H       6
      7   O       7
      8   H      11
      9   H       6
     10   O       7
     11   H      10
     12   H       6
     13   O       6
     14   H       7
     15   H       7
     16   O       7
     17   H      11
     18   H       8
   1455      18       2  -2.54831587E+01  ../Water/train2000_945.xsf
      1   O      11
      2   H       9
      3   H       9
      4   O       6
      5   H       9
      6   H       6
      7   O       8
      8   H       6
      9   H       3
     10   O       7
     11   H      11
     12   H       5
     13   O       5
     14   H       4
     15   H       9
     16   O      10
     17   H       5
     18   H      13
   1456      18       2  -2.54816571E+01  ../Water/train2000_946.xsf
      1   O      11
      2   H       6
      3   H      12
      4   O       6
      5   H       4
      6   H       3
      7   O       4
      8   H       6
      9   H       5
     10   O       6
     11   H       5
     12   H       7
     13   O       9
     14   H      11
     15   H       9
     16   O      12
     17   H      10
     18   H      12
   1457      18       2  -2.54825560E+01  ../Water/train2000_947.xsf
      1   O      10
      2   H       7
      3   H       5
      4   O       5
      5   H       6
      6   H       4
      7   O       5
      8   H       6
      9   H       8
     10   O       2
     11   H       2
     12   H       3
     13   O       7
     14   H       2
     15   H       8
     16   O       6
     17   H       6
     18   H       8
   1458      18       2  -2.54823716E+01  ../Water/train2000_948.xsf
      1   O       9
      2   H      11
      3   H       6
      4   O       7
      5   H       7
      6   H       4
      7   O       7
      8   H       3
      9   H       6
     10   O       5
     11   H       4
     12   H       7
     13   O       8
     14   H       6
     15   H      10
     16   O       4
     17   H       6
     18   H       4
   1459      18       2  -2.54823253E+01  ../Water/train2000_949.xsf
      1   O       7
      2   H       9
      3   H       5
      4   O       9
      5   H      11
      6   H       6
      7   O       7
      8   H      11
      9   H       6
     10   O       7
     11   H      10
     12   H       6
     13   O       6
     14   H       7
     15   H       7
     16   O       7
     17   H      11
     18   H       8
   1460      18       2  -2.54831587E+01  ../Water/train2000_950.xsf
      1   O      11
      2   H       9
      3   H       9
      4   O       6
      5   H       9
      6   H       6
      7   O       8
      8   H       6
      9   H       3
     10   O       7
     11   H      11
     12   H       5
     13   O       5
     14   H       4
     15   H       9
     16   O      10
     17   H       5
     18   H      13
   1461      18       2  -2.54816571E+01  ../Water/train2000_951.xsf
      1   O      11
      2   H       6
      3   H      12
      4   O       6
      5   H       4
      6   H       3
      7   O       4
      8   H       6
      9   H       5
     10   O       6
     11   H       5
     12   H       7
     13   O       9
     14   H      11
     15   H       9
     16   O      12
     17   H      10
     18   H      12
   1462      18       2  -2.54825018E+01  ../Water/train2000_952.xsf
      1   O       6
      2   H       3
      3   H      10
      4   O       6
      5   H       8
      6   H       5
      7   O       4
      8   H       4
      9   H       5
     10   O       2
     11   H       2
     12   H       4
     13   O       8
     14   H       6
     15   H       4
     16   O      10
     17   H       9
     18   H      12
   1463      18       2  -2.54823667E+01  ../Water/train2000_953.xsf
      1   O       7
      2   H       5
      3   H       9
      4   O       8
      5   H       8
      6   H       8
      7   O       4
      8   H       6
      9   H       3
     10   O       2
     11   H       2
     12   H       2
     13   O       8
     14   H       9
     15   H       8
     16   O      10
     17   H       8
     18   H       7
   1464      18       2  -2.54813453E+01  ../Water/train2000_954.xsf
      1   O       9
      2   H       9
      3   H      10
      4   O       6
      5   H       5
      6   H       8
      7   O       6
      8   H       8
      9   H       3
     10   O       2
     11   H       2
     12   H       2
     13   O       7
     14   H       8
     15   H       7
     16   O       8
     17   H       9
     18   H       7
   1465      18       2  -2.54825703E+01  ../Water/train2000_955.xsf
      1   O       9
      2   H       7
      3   H       5
      4   O       4
      5   H       4
      6   H       5
      7   O       5
      8   H       6
      9   H       6
     10   O       2
     11   H       2
     12   H       2
     13   O       5
     14   H       2
     15   H       7
     16   O       7
     17   H       6
     18   H       4
   1466      18       2  -2.54826313E+01  ../Water/train2000_956.xsf
      1   O       8
      2   H       9
      3   H       8
      4   O       6
      5   H       8
      6   H       3
      7   O       8
      8   H       3
      9   H       7
     10   O       4
     11   H       3
     12   H       7
     13   O       7
     14   H       4
     15   H       8
     16   O       4
     17   H       4
     18   H       7
   1467      18       2  -2.54824327E+01  ../Water/train2000_957.xsf
      1   O      12
      2   H      10
      3   H      11
      4   O       9
      5   H       7
      6   H       7
      7   O       7
      8   H      11
      9   H       5
     10   O       9
     11   H       9
     12   H       9
     13   O      11
     14   H       8
     15   H      13
     16   O       5
     17   H       6
     18   H       5
   1468      18       2  -2.54824477E+01  ../Water/train2000_958.xsf
      1   O       9
      2   H       4
      3   H      10
      4   O       6
      5   H      11
      6   H       8
      7   O      11
      8   H      13
      9   H       9
     10   O       8
     11   H       9
     12   H      10
     13   O      10
     14   H       3
     15   H      12
     16   O       7
     17   H      10
     18   H       6
   1469      18       2  -2.54830908E+01  ../Water/train2000_959.xsf
      1   O       7
      2   H       6
      3   H       9
      4   O      11
      5   H       8
      6   H      10
      7   O       9
      8   H      10
      9   H      10
     10   O       4
     11   H       6
     12   H       3
     13   O       9
     14   H       8
     15   H      15
     16   O       9
     17   H      11
     18   H       7
   1470      18       2  -2.54829973E+01  ../Water/train2000_960.xsf
      1   O      10
      2   H      11
      3   H      12
      4   O      10
      5   H       9
      6   H       8
      7   O       8
      8   H       5
      9   H       7
     10   O       4
     11   H       5
     12   H       4
     13   O      15
     14   H      14
     15   H      12
     16   O       7
     17   H       4
     18   H       9
   1471      18       2  -2.54829799E+01  ../Water/train2000_961.xsf
      1   O       8
      2   H       9
      3   H       6
      4   O       5
      5   H       4
      6   H       6
      7   O       6
      8   H       4
      9   H       6
     10   O       5
     11   H       5
     12   H       7
     13   O      12
     14   H       9
     15   H      11
     16   O       6
     17   H       6
     18   H       3
   1472      18       2  -2.54826104E+01  ../Water/train2000_962.xsf
      1   O      12
      2   H       6
      3   H       9
      4   O       2
      5   H       2
      6   H       3
      7   O       7
      8   H       7
      9   H       9
     10   O       3
     11   H       6
     12   H       3
     13   O      11
     14   H      11
     15   H      13
     16   O       6
     17   H       8
     18   H       6
   1473      18       2  -2.54824405E+01  ../Water/train2000_963.xsf
      1   O      11
      2   H      12
      3   H       9
      4   O       2
      5   H       2
      6   H       2
      7   O       6
      8   H       8
      9   H       7
     10   O       5
     11   H       4
     12   H       4
     13   O      10
     14   H      11
     15   H       4
     16   O       8
     17   H       7
     18   H      10
   1474      18       2  -2.54830794E+01  ../Water/train2000_964.xsf
      1   O       7
      2   H       6
      3   H       7
      4   O       2
      5   H       2
      6   H       2
      7   O       6
      8   H       7
      9   H       4
     10   O       4
     11   H       3
     12   H       4
     13   O       7
     14   H      10
     15   H       5
     16   O       6
     17   H       3
     18   H       9
   1475      18       2  -2.54830450E+01  ../Water/train2000_965.xsf
      1   O       8
      2   H       5
      3   H      10
      4   O       2
      5   H       2
      6   H       2
      7   O       8
      8   H       7
      9   H      11
     10   O       2
     11   H       2
     12   H       2
     13   O       8
     14   H       7
     15   H      10
     16   O      11
     17   H       8
     18   H       7
   1476      18       2  -2.54826334E+01  ../Water/train2000_966.xsf
      1   O      10
      2   H       7
      3   H       9
      4   O       5
      5   H       2
      6   H       6
      7   O      11
      8   H      10
      9   H      10
     10   O       2
     11   H       2
     12   H       2
     13   O       7
     14   H       7
     15   H       8
     16   O       9
     17   H       9
     18   H      10
   1477      18       2  -2.54827053E+01  ../Water/train2000_967.xsf
      1   O       9
      2   H       9
      3   H      10
      4   O       6
      5   H       6
      6   H       4
      7   O      11
      8   H      11
      9   H       8
     10   O       2
     11   H       2
     12   H       4
     13   O       8
     14   H       8
     15   H       8
     16   O       8
     17   H       9
     18   H      11
   1478      18       2  -2.54818258E+01  ../Water/train2000_968.xsf
      1   O       5
      2   H       8
      3   H       4
      4   O       5
      5   H       6
      6   H       5
      7   O       9
      8   H      11
      9   H       8
     10   O       6
     11   H       5
     12   H       2
     13   O       8
     14   H       7
     15   H       6
     16   O       8
     17   H       5
     18   H       8
   1479      18       2  -2.54830866E+01  ../Water/train2000_969.xsf
      1   O       4
      2   H       3
      3   H       5
      4   O       5
      5   H       2
      6   H       5
      7   O       8
      8   H      10
      9   H       8
     10   O       5
     11   H       5
     12   H       4
     13   O       7
     14   H       8
     15   H       7
     16   O       8
     17   H       4
     18   H       8
   1480      18       2  -2.54827118E+01  ../Water/train2000_970.xsf
      1   O       9
      2   H       8
      3   H       5
      4   O       3
      5   H       4
      6   H       2
      7   O       9
      8   H      11
      9   H       9
     10   O       6
     11   H       7
     12   H       3
     13   O       8
     14   H       5
     15   H       9
     16   O       7
     17   H       6
     18   H       9
   1481      18       2  -2.54832532E+01  ../Water/train2000_971.xsf
      1   O      12
      2   H       8
      3   H       9
      4   O       6
      5   H       5
      6   H      10
      7   O      13
      8   H      16
      9   H       9
     10   O       7
     11   H       6
     12   H       9
     13   O       9
     14   H       4
     15   H       9
     16   O      10
     17   H      12
     18   H      10
   1482      18       2  -2.54818880E+01  ../Water/train2000_972.xsf
      1   O      10
      2   H      14
      3   H       8
      4   O      10
      5   H       7
      6   H       6
      7   O      10
      8   H      13
      9   H       7
     10   O       8
     11   H       4
     12   H       6
     13   O       7
     14   H      13
     15   H       3
     16   O      13
     17   H      10
     18   H      11
   1483      18       2  -2.54804927E+01  ../Water/train2000_973.xsf
      1   O      11
      2   H       7
      3   H      16
      4   O       9
      5   H      11
      6   H       9
      7   O       7
      8   H       8
      9   H      11
     10   O       8
     11   H       6
     12   H      13
     13   O      10
     14   H      10
     15   H       8
     16   O      10
     17   H      14
     18   H      10
   1484      18       2  -2.54831271E+01  ../Water/train2000_974.xsf
      1   O       9
      2   H       6
      3   H      11
      4   O       5
      5   H       5
      6   H       8
      7   O       4
      8   H       3
      9   H       6
     10   O       3
     11   H       6
     12   H       2
     13   O       8
     14   H       5
     15   H       8
     16   O       5
     17   H       3
     18   H       7
   1485      18       2  -2.54825031E+01  ../Water/train2000_975.xsf
      1   O      10
      2   H       8
      3   H      10
      4   O       6
      5   H       4
      6   H       8
      7   O       7
      8   H       4
      9   H       8
     10   O       2
     11   H       2
     12   H       2
     13   O       7
     14   H       5
     15   H       8
     16   O       3
     17   H       4
     18   H       4
   1486      18       2  -2.54825322E+01  ../Water/train2000_976.xsf
      1   O       8
      2   H       7
      3   H       9
      4   O       5
      5   H       5
      6   H       6
      7   O       7
      8   H       8
      9   H       5
     10   O       2
     11   H       4
     12   H       2
     13   O       5
     14   H       3
     15   H       8
     16   O       3
     17   H       4
     18   H       3
   1487      18       2  -2.54819176E+01  ../Water/train2000_977.xsf
      1   O      11
      2   H      12
      3   H      11
      4   O       8
      5   H       7
      6   H       4
      7   O       9
      8   H       5
      9   H      11
     10   O       8
     11   H       8
     12   H       7
     13   O       5
     14   H       7
     15   H       7
     16   O       3
     17   H       3
     18   H       2
   1488      18       2  -2.54821273E+01  ../Water/train2000_978.xsf
      1   O       8
      2   H      11
      3   H      11
      4   O       6
      5   H       5
      6   H       7
      7   O       7
      8   H       7
      9   H       4
     10   O       7
     11   H       5
     12   H       8
     13   O       7
     14   H       7
     15   H       7
     16   O       5
     17   H       7
     18   H       3
   1489      18       2  -2.54820494E+01  ../Water/train2000_979.xsf
      1   O      11
      2   H       3
      3   H       9
      4   O       6
      5   H       7
      6   H       5
      7   O       6
      8   H       4
      9   H       8
     10   O       9
     11   H       8
     12   H       5
     13   O       5
     14   H       5
     15   H       8
     16   O       7
     17   H       7
     18   H       7
   1490      18       2  -2.54827231E+01  ../Water/train2000_980.xsf
      1   O      12
      2   H      10
      3   H       9
      4   O      10
      5   H       8
      6   H       5
      7   O      10
      8   H      11
      9   H       6
     10   O       8
     11   H       8
     12   H      11
     13   O       8
     14   H       4
     15   H       9
     16   O      11
     17   H       8
     18   H      14
   1491      18       2  -2.54822752E+01  ../Water/train2000_981.xsf
      1   O      13
      2   H      14
      3   H      10
      4   O      10
      5   H       8
      6   H      14
      7   O      13
      8   H       8
      9   H      12
     10   O       9
     11   H      11
     12   H       4
     13   O      10
     14   H       9
     15   H       8
     16   O      13
     17   H      10
     18   H      14
   1492      18       2  -2.54830060E+01  ../Water/train2000_982.xsf
      1   O       7
      2   H       5
      3   H      10
      4   O       5
      5   H       7
      6   H       4
      7   O       8
      8   H       4
      9   H      14
     10   O       7
     11   H       2
     12   H       8
     13   O       9
     14   H       9
     15   H       6
     16   O       7
     17   H       6
     18   H       6
   1493      18       2  -2.54819021E+01  ../Water/train2000_983.xsf
      1   O      10
      2   H       7
      3   H       6
      4   O       5
      5   H       5
      6   H       7
      7   O      10
      8   H       7
      9   H      13
     10   O       6
     11   H       3
     12   H       9
     13   O       9
     14   H       7
     15   H      11
     16   O       6
     17   H       6
     18   H       9
   1494      18       2  -2.54805988E+01  ../Water/train2000_984.xsf
      1   O      11
      2   H      12
      3   H      11
      4   O       6
      5   H       6
      6   H       7
      7   O       9
      8   H       5
      9   H      12
     10   O       8
     11   H       5
     12   H       8
     13   O       9
     14   H      12
     15   H       6
     16   O      11
     17   H      12
     18   H       6
   1495      18       2  -2.54828074E+01  ../Water/train2000_985.xsf
      1   O       9
      2   H       9
      3   H      10
      4   O       4
      5   H       5
      6   H       4
      7   O       3
      8   H       3
      9   H       2
     10   O       6
     11   H       8
     12   H       6
     13   O       7
     14   H       3
     15   H       7
     16   O       8
     17   H       4
     18   H       6
   1496      18       2  -2.54816931E+01  ../Water/train2000_986.xsf
      1   O       8
      2   H       9
      3   H       7
      4   O       6
      5   H       4
      6   H       7
      7   O       3
      8   H       3
      9   H       7
     10   O       3
     11   H       3
     12   H       2
     13   O       6
     14   H       8
     15   H       5
     16   O       3
     17   H       2
     18   H       6
   1497      18       2  -2.54839189E+01  ../Water/train2000_987.xsf
      1   O       9
      2   H       9
      3   H      12
      4   O      10
      5   H       4
      6   H      13
      7   O       4
      8   H       4
      9   H       7
     10   O       5
     11   H       6
     12   H       5
     13   O       8
     14   H       4
     15   H      10
     16   O       8
     17   H       5
     18   H       7
   1498      18       2  -2.54837928E+01  ../Water/train2000_988.xsf
      1   O      12
      2   H      11
      3   H      10
      4   O       7
      5   H       4
      6   H      11
      7   O       2
      8   H       2
      9   H       7
     10   O       6
     11   H       2
     12   H       7
     13   O       9
     14   H       7
     15   H       9
     16   O      10
     17   H       5
     18   H      11
   1499      18       2  -2.54840430E+01  ../Water/train2000_989.xsf
      1   O      13
      2   H      12
      3   H       7
      4   O       8
      5   H       5
      6   H       9
      7   O       6
      8   H       3
      9   H       7
     10   O       6
     11   H       2
     12   H       7
     13   O      10
     14   H       5
     15   H       7
     16   O       7
     17   H       8
     18   H      12
   1500      18       2  -2.54832058E+01  ../Water/train2000_990.xsf
      1   O      15
      2   H      13
      3   H      12
      4   O       7
      5   H       6
      6   H      10
      7   O       9
      8   H       5
      9   H       7
     10   O       7
     11   H       7
     12   H       8
     13   O       9
     14   H       8
     15   H       7
     16   O       6
     17   H      11
     18   H       9
   1501      18       2  -2.54835613E+01  ../Water/train2000_991.xsf
      1   O      13
      2   H      11
      3   H      13
      4   O       7
      5   H       5
      6   H       8
      7   O       9
      8   H       6
      9   H       9
     10   O       6
     11   H       9
     12   H       3
     13   O       7
     14   H       7
     15   H       5
     16   O       7
     17   H       5
     18   H       8
   1502      18       2  -2.54838848E+01  ../Water/train2000_992.xsf
      1   O      14
      2   H      12
      3   H      12
      4   O       8
      5   H       8
      6   H      11
      7   O      10
      8   H       8
      9   H      11
     10   O       5
     11   H       8
     12   H       5
     13   O       5
     14   H       4
     15   H       3
     16   O       7
     17   H       6
     18   H       7
   1503      18       2  -2.54836675E+01  ../Water/train2000_993.xsf
      1   O      15
      2   H      12
      3   H      12
      4   O       9
      5   H       9
      6   H      11
      7   O       9
      8   H       6
      9   H      10
     10   O       5
     11   H       9
     12   H       6
     13   O       5
     14   H       6
     15   H       5
     16   O       7
     17   H       4
     18   H       8
   1504      18       2  -2.54843162E+01  ../Water/train2000_994.xsf
      1   O      14
      2   H      12
      3   H      12
      4   O       7
      5   H       6
      6   H       9
      7   O       9
      8   H       8
      9   H       8
     10   O       7
     11   H       8
     12   H       4
     13   O       6
     14   H       9
     15   H       5
     16   O       8
     17   H       7
     18   H       7
   1505      18       2  -2.54834378E+01  ../Water/train2000_995.xsf
      1   O      14
      2   H      14
      3   H      14
      4   O       8
      5   H       7
      6   H       6
      7   O      11
      8   H      11
      9   H       8
     10   O       9
     11   H      10
     12   H      11
     13   O       8
     14   H       9
     15   H       6
     16   O       9
     17   H       8
     18   H       9
   1506      18       2  -2.54849090E+01  ../Water/train2000_996.xsf
      1   O      11
      2   H      10
      3   H      12
      4   O       7
      5   H       9
      6   H       6
      7   O      11
      8   H       6
      9   H       8
     10   O       7
     11   H       3
     12   H       8
     13   O       7
     14   H       8
     15   H       6
     16   O       9
     17   H       8
     18   H      10
   1507      18       2  -2.54847604E+01  ../Water/train2000_997.xsf
      1   O      11
      2   H       9
      3   H      11
      4   O       6
      5   H       6
      6   H       7
      7   O       9
      8   H       8
      9   H       6
     10   O       8
     11   H       8
     12   H       3
     13   O       5
     14   H       8
     15   H       3
     16   O       9
     17   H       7
     18   H       8
   1508      18       2  -2.54838104E+01  ../Water/train2000_998.xsf
      1   O      10
      2   H      11
      3   H      11
      4   O       7
      5   H       8
      6   H       6
      7   O       9
      8   H      10
      9   H       9
     10   O       8
     11   H       9
     12   H       7
     13   O       5
     14   H       3
     15   H       7
     16   O      10
     17   H       6
     18   H      10
   1509      18       2  -2.54835373E+01  ../Water/train2000_999.xsf
      1   O       9
      2   H      10
      3   H      12
      4   O       7
      5   H      10
      6   H       5
      7   O      11
      8   H       8
      9   H       6
     10   O       7
     11   H       4
     12   H       8
     13   O       5
     14   H       4
     15   H       9
     16   O      10
     17   H       8
     18   H       9

 ----------------------------------------------------------------------
                           Training set info.                          
 ----------------------------------------------------------------------

 Training set file                   : H2O.train
 Number of structures in the data set: 1509

 Atomic species in training set      : 2
   Species : O H

 Average energy (eV/atom) : -25.484016
 Minimum energy (eV/atom) : -25.485588
 Maximum energy (eV/atom) : -25.480493

 The input and output values have not yet been normalized.

                                                                       
                          2023-03-10  09:53:23                         
                                                                       
 ======================================================================
                     Training set generation done.                     
 ======================================================================
